,examine,id,members,lowalch,limit,value,highalch,icon,name
0,Fabulously ancient mage protection enchanted in the 3rd Age.,10344,True,20200.0,8.0,50500.0,30300.0,3rd age amulet.png,3rd age amulet
1,"A beautifully crafted axe, shaped by ancient smiths.",20011,True,22000.0,40.0,55000.0,33000.0,3rd age axe.png,3rd age axe
2,A beautifully crafted bow carved by ancient archers.,12424,True,60000.0,8.0,150000.0,90000.0,3rd age bow.png,3rd age bow
3,A beautiful cloak woven by ancient tailors.,12437,True,34000.0,8.0,85000.0,51000.0,3rd age cloak.png,3rd age cloak
4,A fabulously ancient vine cloak as worn by the druids of old.,23345,True,80000.0,8.0,200000.0,120000.0,3rd age druidic cloak.png,3rd age druidic cloak
5,A fabulously ancient woven robe as worn by the druids of old.,23339,True,80000.0,4.0,200000.0,120000.0,3rd age druidic robe bottoms.png,3rd age druidic robe bottoms
6,A fabulously ancient woven robe top as worn by the druids of old.,23336,True,80000.0,4.0,200000.0,120000.0,3rd age druidic robe top.png,3rd age druidic robe top
7,A fabulously ancient gnarled staff as used by the druids of old.,23342,True,80000.0,8.0,200000.0,120000.0,3rd age druidic staff.png,3rd age druidic staff
8,"A beautifully crafted axe, shaped by ancient smiths.",28226,True,22000.0,,55000.0,33000.0,3rd age felling axe.png,3rd age felling axe
9,Fabulously ancient armour beaten from magical silver.,10350,True,36000.0,8.0,90000.0,54000.0,3rd age full helmet.png,3rd age full helmet
10,Fabulously ancient armour beaten from magical silver.,10352,True,72000.0,8.0,180000.0,108000.0,3rd age kiteshield.png,3rd age kiteshield
11,A beautifully crafted sword forged by ancient blacksmiths.,12426,True,60000.0,8.0,150000.0,90000.0,3rd age longsword.png,3rd age longsword
12,Fabulously ancient mage protection enchanted in the 3rd Age.,10342,True,20160.0,8.0,50400.0,30240.0,3rd age mage hat.png,3rd age mage hat
13,"A beautifully crafted pickaxe, shaped by ancient smiths.",20014,True,39180.0,40.0,97950.0,58770.0,3rd age pickaxe.png,3rd age pickaxe
14,Fabulously ancient armour beaten from magical silver.,10348,True,80000.0,8.0,200000.0,120000.0,3rd age platebody.png,3rd age platebody
15,Fabulously ancient armour beaten from magical silver.,10346,True,80000.0,8.0,200000.0,120000.0,3rd age platelegs.png,3rd age platelegs
16,Fabulously ancient armour beaten from magical silver.,23242,True,80000.0,8.0,200000.0,120000.0,3rd age plateskirt.png,3rd age plateskirt
17,Fabulously ancient range protection crafted from white dragonhide.,10334,True,20160.0,8.0,50400.0,30240.0,3rd age range coif.png,3rd age range coif
18,Fabulously ancient range protection crafted from white dragonhide.,10332,True,20240.0,8.0,50600.0,30360.0,3rd age range legs.png,3rd age range legs
19,Fabulously ancient range protection crafted from white dragonhide.,10330,True,20320.0,8.0,50800.0,30480.0,3rd age range top.png,3rd age range top
20,Fabulously ancient mage protection enchanted in the 3rd Age.,10340,True,20240.0,8.0,50600.0,30360.0,3rd age robe.png,3rd age robe
21,Fabulously ancient mage protection enchanted in the 3rd Age.,10338,True,20320.0,8.0,50800.0,30480.0,3rd age robe top.png,3rd age robe top
22,Fabulously ancient range protection crafted from white dragonhide.,10336,True,20200.0,8.0,50500.0,30300.0,3rd age vambraces.png,3rd age vambraces
23,A beautifully crafted wand infused by ancient wizards.,12422,True,60000.0,8.0,150000.0,90000.0,3rd age wand.png,3rd age wand
24,A big do about nothing.,10392,True,800.0,4.0,2000.0,1200.0,A powdered wig.png,A powdered wig
25,A heap of ashes.,25775,True,1.0,7500.0,1.0,1.0,Abyssal ashes.png,Abyssal ashes
26,Elements of deceased Abyssal Sires have been fused together.,13263,True,104000.0,8.0,260000.0,156000.0,Abyssal bludgeon.png,Abyssal bludgeon
27,Makes using the Abyss just slightly safer.,11095,True,1680.0,10000.0,4200.0,2520.0,Abyssal bracelet.png,Abyssal bracelet(5)
28,Something sharp from the body of a defeated Abyssal Sire.,13265,True,46000.0,8.0,115001.0,69000.0,Abyssal dagger.png,Abyssal dagger
29,Something sharp and poisonous from the body of a defeated Abyssal Sire.,13267,True,46000.0,8.0,115002.0,69001.0,Abyssal dagger (p).png,Abyssal dagger (p)
30,Something sharp and very poisonous from the body of a defeated Abyssal Sire.,13269,True,46001.0,8.0,115003.0,69001.0,Abyssal dagger (p+).png,Abyssal dagger (p+)
31,Something sharp and extremely poisonous from the body of a defeated Abyssal Sire.,13271,True,46001.0,8.0,115004.0,69002.0,Abyssal dagger (p++).png,Abyssal dagger (p++)
32,A weapon from the Abyss.,4151,True,48000.0,70.0,120001.0,72000.0,Abyssal whip.png,Abyssal whip
33,"A magical, helpful charm.",30682,True,4000.0,,10000.0,6000.0,Accumulation charm.png,Accumulation charm
34,A mighty sceptre used in long forgotten battles.,27676,True,48000.0,8.0,120000.0,72000.0,Accursed sceptre (au).png,Accursed sceptre (au)
35,"A mighty sceptre from long forgotten battles, corrupted by the power of Vet'ion.",27662,True,70000.0,8.0,175000.0,105000.0,Accursed sceptre (u).png,Accursed sceptre (u)
36,These logs are longer than normal.,2862,True,1.0,13000.0,4.0,2.0,Achey tree logs.png,Achey tree logs
37,Plant this in a plantpot of soil to grow a sapling.,5312,True,2.0,200.0,6.0,3.0,Acorn 5.png,Acorn
38,A two handed sword.,1317,False,2560.0,125.0,6400.0,3840.0,Adamant 2h sword.png,Adamant 2h sword
39,Arrows with adamant heads.,890,False,32.0,11000.0,80.0,48.0,Adamant arrow 5.png,Adamant arrow
40,Venomous-looking arrows.,891,True,32.0,11000.0,80.0,48.0,Adamant arrow(p) 5.png,Adamant arrow(p)
41,Venomous-looking arrows.,5620,True,32.0,11000.0,80.0,48.0,Adamant arrow(p+) 5.png,Adamant arrow(p+)
42,Venomous-looking arrows.,5626,True,32.0,11000.0,80.0,48.0,Adamant arrow(p++) 5.png,Adamant arrow(p++)
43,I can make some arrows with these.,43,True,16.0,10000.0,40.0,24.0,Adamant arrowtips.png,Adamant arrowtips
44,A powerful axe.,1357,False,512.0,40.0,1280.0,768.0,Adamant axe.png,Adamant axe
45,A vicious looking axe.,1371,False,1664.0,125.0,4160.0,2496.0,Adamant battleaxe.png,Adamant battleaxe
46,Adamantite crossbow bolts.,9143,True,23.0,11000.0,58.0,34.0,Adamant bolts 5.png,Adamant bolts
47,Some poisoned adamantite bolts.,9290,True,23.0,11000.0,58.0,34.0,Adamant bolts (p) 5.png,Adamant bolts (p)
48,Some poisoned adamantite bolts.,9297,True,23.0,11000.0,58.0,34.0,Adamant bolts (p+) 5.png,Adamant bolts (p+)
49,Super poisoned adamantite bolts.,9304,True,23.0,11000.0,58.0,34.0,Adamant bolts (p++) 5.png,Adamant bolts (p++)
50,Unfeathered adamantite crossbow bolts.,9380,True,1.0,13000.0,1.0,1.0,Adamant bolts(unf) 5.png,Adamant bolts(unf)
51,These will protect my feet.,4129,True,768.0,125.0,1920.0,1152.0,Adamant boots.png,Adamant boots
52,Blunt adamantite arrow... ouch.,4798,True,38.0,11000.0,95.0,57.0,Adamant brutal 5.png,Adamant brutal
53,A diamond topped cane.,12377,True,576.0,4.0,1440.0,864.0,Adamant cane.png,Adamant cane
54,Ammo suited for a boat's cannon.,31912,True,72.0,11000.0,180.0,108.0,Adamant cannonball.png,Adamant cannonball
55,A series of connected metal rings.,1111,False,1920.0,125.0,4800.0,2880.0,Adamant chainbody.png,Adamant chainbody
56,A set of fighting claws.,3100,True,480.0,125.0,1200.0,720.0,Adamant claws.png,Adamant claws
57,An adamantite crossbow.,9183,True,706.0,70.0,1767.0,1060.0,Adamant crossbow.png,Adamant crossbow
58,An unstrung adamantite crossbow.,9463,True,693.0,10000.0,1733.0,1039.0,Adamant crossbow (u).png,Adamant crossbow (u)
59,Short and deadly.,1211,False,320.0,125.0,800.0,480.0,Adamant dagger.png,Adamant dagger
60,A very dangerous poisoned dagger.,1227,True,320.0,125.0,800.0,480.0,Adamant dagger(p).png,Adamant dagger(p)
61,A very dangerous poisoned dagger.,5676,True,320.0,125.0,800.0,480.0,Adamant dagger(p+).png,Adamant dagger(p+)
62,A very dangerous poisoned dagger.,5694,True,320.0,125.0,800.0,480.0,Adamant dagger(p++).png,Adamant dagger(p++)
63,A deadly throwing dart with an adamant tip.,810,True,26.0,11000.0,65.0,39.0,Adamant dart.png,Adamant dart
64,A deadly-looking dart tip made of adamant - needs feathers for flight.,823,True,14.0,20000.0,36.0,21.0,Adamant dart tip.png,Adamant dart tip
65,A deadly poisoned dart with an adamant tip.,816,True,26.0,11000.0,65.0,39.0,Adamant dart(p).png,Adamant dart(p)
66,A deadly poisoned dart with an adamant tip.,5633,True,26.0,11000.0,65.0,39.0,Adamant dart(p+).png,Adamant dart(p+)
67,A deadly poisoned dart with an adamant tip.,5640,True,26.0,11000.0,65.0,39.0,Adamant dart(p++).png,Adamant dart(p++)
68,Do I look scary?,23270,True,4000.0,4.0,10000.0,6000.0,Adamant dragon mask.png,Adamant dragon mask
69,A woodcutter's axe.,28211,True,512.0,,1280.0,768.0,Adamant felling axe.png,Adamant felling axe
70,A full face helmet.,1161,False,1408.0,125.0,3520.0,2112.0,Adamant full helm.png,Adamant full helm
71,Adamant full helmet with gold trim.,2613,False,1408.0,8.0,3520.0,2112.0,Adamant full helm (g).png,Adamant full helm (g)
72,Adamant full helmet with trim.,2605,False,1408.0,8.0,3520.0,2112.0,Adamant full helm (t).png,Adamant full helm (t)
73,"A set containing a full helm, platebody, legs and kiteshield.",13020,False,3200.0,8.0,8000.0,4800.0,Adamant gold-trimmed set (lg).png,Adamant gold-trimmed set (lg)
74,"A set containing a full helm, platebody, skirt and kiteshield.",13022,False,3200.0,8.0,8000.0,4800.0,Adamant gold-trimmed set (sk).png,Adamant gold-trimmed set (sk)
75,An adamant halberd.,3200,True,2560.0,125.0,6400.0,3840.0,Adamant halberd.png,Adamant halberd
76,"An adamant-tipped, one-handed hasta.",11375,True,832.0,125.0,2080.0,1248.0,Adamant hasta.png,Adamant hasta
77,"A poison-tipped, one-handed adamantite hasta.",11407,True,832.0,125.0,2080.0,1248.0,Adamant hasta(p).png,Adamant hasta(p)
78,"A poison-tipped, one-handed adamantite hasta.",11410,True,832.0,125.0,2080.0,1248.0,Adamant hasta(p+).png,Adamant hasta(p+)
79,"A poison-tipped, one-handed adamantite hasta.",11412,True,832.0,125.0,2080.0,1248.0,Adamant hasta(p++).png,Adamant hasta(p++)
80,An adamant helmet with a heraldic design.,10296,False,1408.0,70.0,3520.0,2112.0,Adamant helm (h1).png,Adamant helm (h1)
81,An adamant helmet with a heraldic design.,10298,False,1408.0,70.0,3520.0,2112.0,Adamant helm (h2).png,Adamant helm (h2)
82,An adamant helmet with a heraldic design.,10300,False,1408.0,70.0,3520.0,2112.0,Adamant helm (h3).png,Adamant helm (h3)
83,An adamant helmet with a heraldic design.,10302,False,1408.0,70.0,3520.0,2112.0,Adamant helm (h4).png,Adamant helm (h4)
84,An adamant helmet with a heraldic design.,10304,False,1408.0,70.0,3520.0,2112.0,Adamant helm (h5).png,Adamant helm (h5)
85,An adamant tipped javelin.,829,True,64.0,11000.0,160.0,96.0,Adamant javelin.png,Adamant javelin
86,Needs a shaft.,19578,True,176.0,10000.0,440.0,264.0,Adamant javelin tips 5.png,Adamant javelin tips
87,An adamant tipped javelin.,835,True,64.0,11000.0,160.0,96.0,Adamant javelin(p).png,Adamant javelin(p)
88,An adamant tipped javelin.,5646,True,64.0,11000.0,160.0,96.0,Adamant javelin(p+).png,Adamant javelin(p+)
89,An adamant tipped javelin.,5652,True,64.0,11000.0,160.0,96.0,Adamant javelin(p++).png,Adamant javelin(p++)
90,Parts for creating an adamant keel for a boat.,32011,True,1250.0,100.0,3125.0,1875.0,Adamant keel parts.png,Adamant keel parts
91,A large metal shield.,1199,False,2176.0,125.0,5440.0,3264.0,Adamant kiteshield.png,Adamant kiteshield
92,Adamant kiteshield with gold trim.,2611,False,2176.0,8.0,5440.0,3264.0,Adamant kiteshield (g).png,Adamant kiteshield (g)
93,Adamant kiteshield with trim.,2603,False,2176.0,8.0,5440.0,3264.0,Adamant kiteshield (t).png,Adamant kiteshield (t)
94,A finely balanced throwing knife.,867,True,26.0,11000.0,66.0,39.0,Adamant knife.png,Adamant knife
95,A finely balanced throwing knife.,875,True,26.0,11000.0,66.0,39.0,Adamant knife(p).png,Adamant knife(p)
96,A finely balanced throwing knife.,5659,True,26.0,7000.0,66.0,39.0,Adamant knife(p+).png,Adamant knife(p+)
97,A finely balanced throwing knife.,5666,True,26.0,7000.0,66.0,39.0,Adamant knife(p++).png,Adamant knife(p++)
98,A razor sharp longsword.,1301,False,1280.0,125.0,3200.0,1920.0,Adamant longsword.png,Adamant longsword
99,A spiky mace.,1430,False,576.0,125.0,1440.0,864.0,Adamant mace.png,Adamant mace
100,A medium sized helmet.,1145,False,768.0,125.0,1920.0,1152.0,Adamant med helm.png,Adamant med helm
101,Used for mining.,1271,False,1280.0,40.0,3200.0,1920.0,Adamant pickaxe.png,Adamant pickaxe
102,Provides excellent protection.,1123,False,6656.0,125.0,16640.0,9984.0,Adamant platebody.png,Adamant platebody
103,Adamant platebody with gold trim.,2607,False,6656.0,8.0,16640.0,9984.0,Adamant platebody (g).png,Adamant platebody (g)
104,Adamant platebody with a heraldic design.,23392,False,6656.0,8.0,16640.0,9984.0,Adamant platebody (h1).png,Adamant platebody (h1)
105,Adamant platebody with a heraldic design.,23395,False,6656.0,8.0,16640.0,9984.0,Adamant platebody (h2).png,Adamant platebody (h2)
106,Adamant platebody with a heraldic design.,23398,False,6656.0,8.0,16640.0,9984.0,Adamant platebody (h3).png,Adamant platebody (h3)
107,Adamant platebody with a heraldic design.,23401,False,6656.0,8.0,16640.0,9984.0,Adamant platebody (h4).png,Adamant platebody (h4)
108,Adamant platebody with a heraldic design.,23404,False,6656.0,8.0,16640.0,9984.0,Adamant platebody (h5).png,Adamant platebody (h5)
109,Adamant platebody with trim.,2599,False,6656.0,8.0,16640.0,9984.0,Adamant platebody (t).png,Adamant platebody (t)
110,These look pretty heavy.,1073,False,2560.0,125.0,6400.0,3840.0,Adamant platelegs.png,Adamant platelegs
111,Adamant platelegs with gold trim.,2609,False,2560.0,8.0,6400.0,3840.0,Adamant platelegs (g).png,Adamant platelegs (g)
112,Adamant platelegs with trim.,2601,False,2560.0,8.0,6400.0,3840.0,Adamant platelegs (t).png,Adamant platelegs (t)
113,Designer leg protection.,1091,False,2560.0,125.0,6400.0,3840.0,Adamant plateskirt.png,Adamant plateskirt
114,Adamant plateskirt with gold trim.,3475,False,2560.0,8.0,6400.0,3840.0,Adamant plateskirt (g).png,Adamant plateskirt (g)
115,Adamant plateskirt with trim.,3474,False,2560.0,8.0,6400.0,3840.0,Adamant plateskirt (t).png,Adamant plateskirt (t)
116,"A vicious, curved sword.",1331,False,1024.0,125.0,2560.0,1536.0,Adamant scimitar.png,Adamant scimitar
117,Magical seeds in an adamant case.,29458,True,120.0,18000.0,300.0,180.0,Adamant seeds.png,Adamant seeds
118,"A set containing a full helm, platebody, legs and kiteshield.",13012,False,3200.0,8.0,8000.0,4800.0,Adamant set (lg).png,Adamant set (lg)
119,"A set containing a full helm, platebody, skirt and kiteshield.",13014,False,3200.0,8.0,8000.0,4800.0,Adamant set (sk).png,Adamant set (sk)
120,A shield with a heraldic design,7334,False,2176.0,70.0,5440.0,3264.0,Adamant shield (h1).png,Adamant shield (h1)
121,A shield with a heraldic design,7340,False,2176.0,70.0,5440.0,3264.0,Adamant shield (h2).png,Adamant shield (h2)
122,A shield with a heraldic design,7346,False,2176.0,70.0,5440.0,3264.0,Adamant shield (h3).png,Adamant shield (h3)
123,A shield with a heraldic design,7352,False,2176.0,70.0,5440.0,3264.0,Adamant shield (h4).png,Adamant shield (h4)
124,A shield with a heraldic design,7358,False,2176.0,70.0,5440.0,3264.0,Adamant shield (h5).png,Adamant shield (h5)
125,An adamantite tipped spear.,1245,True,832.0,125.0,2080.0,1248.0,Adamant spear.png,Adamant spear
126,A poisoned adamantite tipped spear.,1259,True,832.0,125.0,2080.0,1248.0,Adamant spear(p).png,Adamant spear(p)
127,A poisoned adamantite tipped spear.,5712,True,832.0,125.0,2080.0,1248.0,Adamant spear(p+).png,Adamant spear(p+)
128,A poisoned adamantite tipped spear.,5726,True,832.0,125.0,2080.0,1248.0,Adamant spear(p++).png,Adamant spear(p++)
129,A medium square shield.,1183,False,1536.0,125.0,3840.0,2304.0,Adamant sq shield.png,Adamant sq shield
130,A razor sharp sword.,1287,False,832.0,125.0,2080.0,1248.0,Adamant sword.png,Adamant sword
131,A finely balanced throwing axe.,804,True,70.0,11000.0,176.0,105.0,Adamant thrownaxe.png,Adamant thrownaxe
132,"A set containing a full helm, platebody, legs and kiteshield.",13016,False,3200.0,8.0,8000.0,4800.0,Adamant trimmed set (lg).png,Adamant trimmed set (lg)
133,"A set containing a full helm, platebody, skirt and kiteshield.",13018,False,3200.0,8.0,8000.0,4800.0,Adamant trimmed set (sk).png,Adamant trimmed set (sk)
134,I don't think it's intended for joinery.,1345,False,1648.0,125.0,4120.0,2472.0,Adamant warhammer.png,Adamant warhammer
135,It's a bar of adamantite.,2361,False,256.0,10000.0,640.0,384.0,Adamantite bar.png,Adamantite bar
136,A pair of adamantite crossbow limbs.,9429,True,640.0,10000.0,1600.0,960.0,Adamantite limbs.png,Adamantite limbs
137,Keeps things in place fairly permanently.,4823,True,18.0,13000.0,45.0,27.0,Adamantite nails.png,Adamantite nails
138,This needs refining.,449,False,160.0,4500.0,400.0,240.0,Adamantite ore.png,Adamantite ore
139,Much tastier than a normal fish pie.,7198,True,124.0,10000.0,310.0,186.0,Admiral pie.png,Admiral pie
140,A piece of the cosmos' soul? Or souls belonging to the cosmos?,30771,True,80.0,25000.0,200.0,120.0,Aether catalyst.png,Aether catalyst
141,A combined cosmic and soul rune.,30843,True,120.0,25000.0,300.0,180.0,Aether rune.png,Aether rune
142,Wild!,12430,True,273.0,4.0,684.0,410.0,Afro.png,Afro
143,One dose of fishy Agility potion.,11463,True,20.0,2000.0,50.0,30.0,Agility mix(1).png,Agility mix(1)
144,Two doses of fishy Agility potion.,11461,True,40.0,2000.0,100.0,60.0,Agility mix(2).png,Agility mix(2)
145,1 dose of Agility potion.,3038,True,20.0,2000.0,50.0,30.0,Agility potion(1).png,Agility potion(1)
146,2 doses of Agility potion.,3036,True,40.0,2000.0,100.0,60.0,Agility potion(2).png,Agility potion(2)
147,3 doses of Agility potion.,3034,True,60.0,2000.0,150.0,90.0,Agility potion(3).png,Agility potion(3)
148,4 doses of Agility potion.,3032,True,80.0,2000.0,200.0,120.0,Agility potion(4).png,Agility potion(4)
149,"A set containing an Ahrim's hood, robetop, robeskirt and staff.",12881,True,80000.0,8.0,200000.0,120000.0,Ahrim's armour set.png,Ahrim's armour set
150,Ahrim the Blighted's leather hood.,4708,True,5200.0,15.0,13000.0,7800.0,Ahrim's hood.png,Ahrim's hood
151,Ahrim the Blighted's leather hood.,4860,True,5200.0,15.0,13000.0,7800.0,Ahrim's hood 0.png,Ahrim's hood 0
152,Ahrim the Blighted's armoured robe skirt.,4714,True,18800.0,15.0,47000.0,28200.0,Ahrim's robeskirt.png,Ahrim's robeskirt
153,Ahrim the Blighted's armoured robe skirt.,4878,True,18800.0,15.0,47000.0,28200.0,Ahrim's robeskirt 0.png,Ahrim's robeskirt 0
154,Ahrim the Blighted's armoured robe top.,4712,True,20000.0,15.0,50000.0,30000.0,Ahrim's robetop.png,Ahrim's robetop
155,Ahrim the Blighted's armoured robe top.,4872,True,20000.0,15.0,50000.0,30000.0,Ahrim's robetop 0.png,Ahrim's robetop 0
156,Ahrim the Blighted's quarterstaff.,4710,True,34000.0,15.0,85000.0,51000.0,Ahrim's staff.png,Ahrim's staff
157,Ahrim the Blighted's quarterstaff.,4866,True,34000.0,15.0,85000.0,51000.0,Ahrim's staff 0.png,Ahrim's staff 0
158,It's a slightly magical stick.,1397,True,6200.0,18000.0,15500.0,9300.0,Air battlestaff.png,Air battlestaff
159,A magic glowing orb.,573,True,120.0,11000.0,300.0,180.0,Air orb.png,Air orb
160,One of the 4 basic elemental Runes.,556,False,1.0,50000.0,4.0,2.0,Air rune.png,Air rune
161,A mysterious power emanates from the talisman...,1438,False,1.0,11000.0,4.0,2.0,Air talisman.png,Air talisman
162,A tiara infused with the properties of air.,5527,False,40.0,40.0,100.0,60.0,Air tiara.png,Air tiara
163,This is pretty well sealed.,4436,True,4.0,15.0,10.0,6.0,Airtight pot.png,Airtight pot
164,A special alchemical ingredient used for creating potions.,29993,True,40.0,13000.0,100.0,60.0,Aldarium.png,Aldarium
165,Ale of the gods.,20056,True,340.0,4.0,850.0,510.0,Ale of the gods.png,Ale of the gods
166,A pot filled with ale yeast.,5767,True,1.0,11000.0,1.0,1.0,Ale yeast.png,Ale yeast
167,Maybe I can make something with this.,21347,True,1560.0,13000.0,3900.0,2340.0,Amethyst.png,Amethyst
168,Arrows with amethyst heads.,21326,True,196.0,11000.0,490.0,294.0,Amethyst arrow 5.png,Amethyst arrow
169,Venomous-looking arrows.,21332,True,196.0,11000.0,490.0,294.0,Amethyst arrow(p) 5.png,Amethyst arrow(p)
170,Venomous-looking arrows.,21334,True,196.0,11000.0,490.0,294.0,Amethyst arrow(p+) 5.png,Amethyst arrow(p+)
171,Venomous-looking arrows.,21336,True,196.0,11000.0,490.0,294.0,Amethyst arrow(p++) 5.png,Amethyst arrow(p++)
172,I can make some arrows with these.,21350,True,98.0,10000.0,245.0,147.0,Amethyst arrowtips.png,Amethyst arrowtips
173,Amethyst bolt tips.,21338,True,64.0,11000.0,160.0,96.0,Amethyst bolt tips 5.png,Amethyst bolt tips
174,Crossbow bolts with amethyst broad tips.,21316,True,96.0,11000.0,240.0,144.0,Amethyst broad bolts 5.png,Amethyst broad bolts
175,A deadly throwing dart with an amethyst tip.,25849,True,160.0,11000.0,400.0,240.0,Amethyst dart.png,Amethyst dart
176,A deadly-looking dart tip made of amethyst - needs feathers for flight.,25853,True,80.0,11000.0,200.0,120.0,Amethyst dart tip.png,Amethyst dart tip
177,A deadly poisoned dart with an amethyst tip.,25851,True,160.0,11000.0,400.0,240.0,Amethyst dart(p).png,Amethyst dart(p)
178,A deadly poisoned dart with an amethyst tip.,25855,True,160.0,11000.0,400.0,240.0,Amethyst dart(p+).png,Amethyst dart(p+)
179,A deadly poisoned dart with an amethyst tip.,25857,True,160.0,11000.0,400.0,240.0,Amethyst dart(p++).png,Amethyst dart(p++)
180,An amethyst tipped javelin.,21318,True,168.0,11000.0,420.0,252.0,Amethyst javelin.png,Amethyst javelin
181,Needs a shaft.,21352,True,608.0,10000.0,1520.0,912.0,Amethyst javelin tips 5.png,Amethyst javelin tips
182,An amethyst tipped javelin.,21320,True,168.0,7000.0,420.0,252.0,Amethyst javelin(p).png,Amethyst javelin(p)
183,An amethyst tipped javelin.,21322,True,168.0,7000.0,420.0,252.0,Amethyst javelin(p+).png,Amethyst javelin(p+)
184,An amethyst tipped javelin.,21324,True,168.0,7000.0,420.0,252.0,Amethyst javelin(p++).png,Amethyst javelin(p++)
185,Used to make amulets.,1595,False,2.0,40.0,5.0,3.0,Amulet mould.png,Amulet mould
186,It increases my aim.,1478,False,40.0,5.0,100.0,60.0,Amulet of accuracy.png,Amulet of accuracy
187,A hauntingly beautiful amulet bearing the shape of a skull.,22557,True,18000.0,8.0,45000.0,27000.0,Amulet of avarice.png,Amulet of avarice
188,Saves seeds when planting in allotments.,21160,True,360.0,10000.0,900.0,540.0,Amulet of bounty.png,Amulet of bounty
189,Useful when making potions - has the chance of giving an extra dose.,21163,True,420.0,15000.0,1050.0,630.0,Amulet of chemistry.png,Amulet of chemistry
190,An enchanted emerald amulet of protection.,1729,False,510.0,125.0,1275.0,765.0,Amulet of defence.png,Amulet of defence
191,An enchanted emerald amulet of protection that looks good.,23309,False,510.0,4.0,1275.0,765.0,Amulet of defence (t).png,Amulet of defence (t)
192,A dragonstone amulet with an unlimited supply of magic charges.,19707,True,7050.0,5.0,17625.0,10575.0,Amulet of eternal glory.png,Amulet of eternal glory
193,A very powerful onyx amulet.,6585,True,80800.0,8.0,202000.0,121200.0,Amulet of fury.png,Amulet of fury
194,A very powerful dragonstone amulet.,1704,True,7050.0,10000.0,17625.0,10575.0,Amulet of glory.png,Amulet of glory
195,A very powerful dragonstone amulet.,10362,True,7050.0,5.0,17625.0,10575.0,Amulet of glory (t).png,Amulet of glory (t)
196,A very powerful dragonstone amulet.,10354,True,7050.0,5.0,17625.0,10575.0,Amulet of glory (t4).png,Amulet of glory (t4)
197,A very powerful dragonstone amulet.,11964,True,7050.0,5.0,17625.0,10575.0,Amulet of glory (t6).png,Amulet of glory (t6)
198,A dragonstone amulet with 4 magic charges.,1712,True,7050.0,10000.0,17625.0,10575.0,Amulet of glory(4).png,Amulet of glory(4)
199,A dragonstone amulet with 6 magic charges.,11978,True,7050.0,10000.0,17625.0,10575.0,Amulet of glory(6).png,Amulet of glory(6)
200,An enchanted sapphire amulet of magic.,1727,False,360.0,125.0,900.0,540.0,Amulet of magic.png,Amulet of magic
201,An enchanted sapphire amulet of magic.,10366,False,360.0,5.0,900.0,540.0,Amulet of magic (t).png,Amulet of magic (t)
202,An enchanted diamond amulet of power.,1731,False,1410.0,125.0,3525.0,2115.0,Amulet of power.png,Amulet of power
203,An enchanted diamond amulet that looks good.,23354,False,1610.0,5.0,4025.0,2415.0,Amulet of power (t).png,Amulet of power (t)
204,"A very powerful zenyte amulet, infused with araxyte venom.",29801,True,160000.0,8.0,400000.0,240000.0,Amulet of rancour.png,Amulet of rancour
205,An enchanted ruby amulet.,1725,False,810.0,125.0,2025.0,1215.0,Amulet of strength.png,Amulet of strength
206,Heirloom of an ancient family of Morytania.,12851,True,23200.0,8.0,58001.0,34800.0,Amulet of the damned (full).png,Amulet of the damned (full)
207,A deep sense of torture burns within this powerful amulet.,19553,True,80800.0,8.0,202000.0,121200.0,Amulet of torture.png,Amulet of torture
208,Good for enhancing a super energy potion.,12640,True,8.0,11000.0,20.0,12.0,Amylase crystal 5.png,Amylase crystal
209,The hat of a powerful sorceress from a bygone era.,21018,True,18000.0,8.0,45000.0,27000.0,Ancestral hat.png,Ancestral hat
210,The robe bottoms of a powerful sorceress from a bygone era.,21024,True,32000.0,8.0,80000.0,48000.0,Ancestral robe bottom.png,Ancestral robe bottom
211,The robe top of a powerful sorceress from a bygone era.,21021,True,48000.0,8.0,120000.0,72000.0,Ancestral robe top.png,Ancestral robe top
212,"A set containing an Ancestral hat, robe top and robe bottom.",21049,True,58000.0,5.0,145000.0,87000.0,Ancestral robes set.png,Ancestral robes set
213,Some nicely cooked anchovies.,319,False,6.0,15000.0,15.0,9.0,Anchovies.png,Anchovies
214,A pizza with anchovies.,2297,False,24.0,10000.0,60.0,36.0,Anchovy pizza.png,Anchovy pizza
215,"The misery that is now upon us is but the passing of greed, the bitterness of those who fear the way of progress.",20235,True,32.0,5.0,80.0,48.0,Ancient blessing.png,Ancient blessing
216,Ancient blessed dragonhide vambraces.,12490,True,1600.0,8.0,4000.0,2400.0,Ancient bracers.png,Ancient bracers
217,1 dose of ancient brew.,26346,True,50.0,2000.0,125.0,75.0,Ancient brew(1).png,Ancient brew(1)
218,2 doses of ancient brew.,26344,True,60.0,2000.0,150.0,90.0,Ancient brew(2).png,Ancient brew(2)
219,3 doses of ancient brew.,26342,True,70.0,2000.0,175.0,105.0,Ancient brew(3).png,Ancient brew(3)
220,4 doses of ancient brew.,26340,True,80.0,2000.0,200.0,120.0,Ancient brew(4).png,Ancient brew(4)
221,Some ceremonial boots dedicated to an ancient god.,26229,True,16000.0,8.0,40000.0,24000.0,Ancient ceremonial boots.png,Ancient ceremonial boots
222,Some ceremonial gloves dedicated to an ancient god.,26227,True,16000.0,8.0,40000.0,24000.0,Ancient ceremonial gloves.png,Ancient ceremonial gloves
223,Some ceremonial robes dedicated to an ancient god.,26223,True,32000.0,8.0,80000.0,48000.0,Ancient ceremonial legs.png,Ancient ceremonial legs
224,A ceremonial mask dedicated to an ancient god.,26225,True,20000.0,8.0,50000.0,30000.0,Ancient ceremonial mask.png,Ancient ceremonial mask
225,Some ceremonial robes dedicated to an ancient god.,26221,True,40000.0,8.0,100000.0,60000.0,Ancient ceremonial top.png,Ancient ceremonial top
226,Ancient blessed dragonhide chaps.,12494,True,2400.0,8.0,6000.0,3600.0,Ancient chaps.png,Ancient chaps
227,An Ancient cloak.,12197,True,800.0,8.0,2000.0,1200.0,Ancient cloak.png,Ancient cloak
228,Ancient blessed dragonhide coif.,12496,True,800.0,8.0,2000.0,1200.0,Ancient coif.png,Ancient coif
229,An Ancient crozier.,12199,True,2000.0,8.0,5000.0,3000.0,Ancient crozier.png,Ancient crozier
230,An ancient crystal containing magical energy.,21804,True,100000.0,250.0,250000.0,150000.0,Ancient crystal.png,Ancient crystal
231,Ancient blessed dragonhide body armour.,12492,True,5200.0,8.0,13000.0,7800.0,Ancient d'hide body.png,Ancient d'hide body
232,Ancient blessed dragonhide boots.,19921,True,3720.0,8.0,9300.0,5580.0,Ancient d'hide boots.png,Ancient d'hide boots
233,Ancient blessed wooden shield covered in dragon leather.,23197,True,11333.0,8.0,28334.0,17000.0,Ancient d'hide shield.png,Ancient d'hide shield
234,"A set containing an ancient dragonhide coif, body, chaps and bracers.",13171,True,3800.0,8.0,9500.0,5700.0,Ancient dragonhide set.png,Ancient dragonhide set
235,"A mysterious artifact of ancient times, very precious to emblem traders.",22302,True,3200000.0,250.0,8000000.0,4800000.0,Ancient effigy.png,Ancient effigy
236,"A mysterious artifact of ancient times, of some value to emblem traders.",21807,True,200000.0,250.0,500000.0,300000.0,Ancient emblem.png,Ancient emblem
237,Pure magical energy filled with a dark power.,27616,True,11.0,300000.0,28.0,16.0,Ancient essence 500.png,Ancient essence
238,Rune full helmet in the colours of a long-forgotten god.,12466,False,14080.0,8.0,35200.0,21120.0,Ancient full helm.png,Ancient full helm
239,"A mysterious, heavy sword.",26233,True,500000.0,8.0,1250000.0,750000.0,Ancient godsword.png,Ancient godsword
240,Brimming with potential.,26370,True,200000.0,,500000.0,300000.0,Ancient hilt.png,Ancient hilt
241,Rune kiteshield in the colours of a long-forgotten god.,12468,False,21760.0,8.0,54400.0,32640.0,Ancient kiteshield.png,Ancient kiteshield
242,It has ancient goblin symbols on it.,11061,True,400.0,8.0,1000.0,600.0,Ancient mace.png,Ancient mace
243,"A mysterious artifact of ancient times, precious to emblem traders.",22299,True,1600000.0,250.0,4000000.0,2400000.0,Ancient medallion.png,Ancient medallion
244,An Ancient mitre.,12203,True,2000.0,8.0,5000.0,3000.0,Ancient mitre.png,Ancient mitre
245,One dose of fishy ancient brew.,26353,True,50.0,,125.0,75.0,Ancient mix(1).png,Ancient mix(1)
246,Two doses of fishy ancient brew.,26350,True,60.0,,150.0,90.0,Ancient mix(2).png,Ancient mix(2)
247,This seems to have been torn from a book...,12621,True,160.0,5.0,400.0,240.0,Ancient page 1.png,Ancient page 1
248,This seems to have been torn from a book...,12622,True,160.0,5.0,400.0,240.0,Ancient page 2.png,Ancient page 2
249,This seems to have been torn from a book...,12623,True,160.0,5.0,400.0,240.0,Ancient page 3.png,Ancient page 3
250,This seems to have been torn from a book...,12624,True,160.0,5.0,400.0,240.0,Ancient page 4.png,Ancient page 4
251,Rune platebody in the colours of a long-forgotten god.,12460,False,26000.0,8.0,65000.0,39000.0,Ancient platebody.png,Ancient platebody
252,Rune platelegs in the colours of a long-forgotten god.,12462,False,25600.0,8.0,64000.0,38400.0,Ancient platelegs.png,Ancient platelegs
253,Rune plateskirt in the colours of a long-forgotten god.,12464,False,25600.0,8.0,64000.0,38400.0,Ancient plateskirt.png,Ancient plateskirt
254,"A mysterious artifact of ancient times, emblem traders will pay you extremely handsomely for this.",22305,True,6400000.0,250.0,16000000.0,9600000.0,Ancient relic.png,Ancient relic
255,Leggings from the Ancient Vestments.,12195,True,2800.0,8.0,7000.0,4200.0,Ancient robe legs.png,Ancient robe legs
256,Ancient Vestments.,12193,True,2800.0,8.0,7000.0,4200.0,Ancient robe top.png,Ancient robe top
257,"A set containing a full helm, platebody, legs and kiteshield.",13060,False,32000.0,8.0,80000.0,48000.0,Ancient rune armour set (lg).png,Ancient rune armour set (lg)
258,"A set containing a full helm, platebody, skirt and kiteshield.",13062,False,32000.0,8.0,80000.0,48000.0,Ancient rune armour set (sk).png,Ancient rune armour set (sk)
259,A magical staff of ancient origin...,4675,True,40000.0,70.0,100000.0,60000.0,Ancient staff.png,Ancient staff
260,"A mysterious artifact of ancient times, of substantial value to emblem traders.",21813,True,800000.0,250.0,2000000.0,1200000.0,Ancient statuette.png,Ancient statuette
261,An Ancient stole.,12201,True,1000.0,8.0,2500.0,1500.0,Ancient stole.png,Ancient stole
262,"A mysterious artifact of ancient times, of reasonable value to emblem traders.",21810,True,400000.0,250.0,1000000.0,600000.0,Ancient totem.png,Ancient totem
263,A magical shield with a wyvern visage.,21634,True,800000.0,8.0,2000000.0,1200000.0,Ancient wyvern shield (uncharged).png,Ancient wyvern shield
264,A salmon pink paint. This might look good on a boat.,32096,True,1.0,,1.0,1.0,Angler's paint.png,Angler's paint
265,I hope this tastes better than it looks.,13441,True,180.0,10000.0,450.0,270.0,Anglerfish.png,Anglerfish
266,Use on a necklace of anguish to make it look fancier!,22246,True,2000.0,4.0,5000.0,3000.0,Anguish ornament kit.png,Anguish ornament kit
267,These gloves will make your flesh transparent.,20101,True,1.0,4.0,1.0,1.0,Ankou gloves.png,Ankou gloves
268,This mask will make your flesh transparent.,20095,True,1.0,4.0,1.0,1.0,Ankou mask.png,Ankou mask
269,These socks will make your flesh transparent.,20107,True,1.0,4.0,1.0,1.0,Ankou socks.png,Ankou socks
270,This top will make your flesh transparent.,20098,True,1.0,4.0,1.0,1.0,Ankou top.png,Ankou top
271,These leggings will make your flesh transparent.,20104,True,1.0,4.0,1.0,1.0,Ankou's leggings.png,Ankou's leggings
272,"A teleport to Annakarl, in level 46 Wilderness.",12775,True,1.0,10000.0,1.0,1.0,Annakarl teleport (tablet).png,Annakarl teleport (tablet)
273,Take this to an estate agent and ask them to redecorate your player-owned house for a Wilderness theme.,33015,True,,,,,Annihilation blueprints.png,Annihilation blueprints
274,A scroll which unlocks the Deadman: Annihilation home teleport animation.,33018,True,,,,,Annihilation teleport scroll.png,Annihilation teleport scroll
275,"Take this to Nigel to give the Toxic Staff of the Dead, Bow of Faerdhinen (c) or Crystal armour a cosmetic theme from Deadman: Annihilation.",33012,True,,,,,Annihilation weapon scroll.png,Annihilation weapon scroll
276,This provides partial protection from dragonbreath attacks.,1540,False,8.0,125.0,20.0,12.0,Anti-dragon shield.png,Anti-dragon shield
277,A special salt used by experienced hunters to remove their sent from traps.,31712,True,4.0,,11.0,6.0,Anti-odour salt.png,Anti-odour salt
278,One dose of fishy super antipoison potion.,11475,True,57.0,2000.0,144.0,86.0,Anti-poison supermix(1).png,Anti-poison supermix(1)
279,Two doses of fishy super antipoison potion.,11473,True,86.0,2000.0,216.0,129.0,Anti-poison supermix(2).png,Anti-poison supermix(2)
280,1 dose of antivenom potion.,12911,True,44.0,2000.0,110.0,66.0,Anti-venom(1).png,Anti-venom(1)
281,2 doses of antivenom potion.,12909,True,88.0,2000.0,220.0,132.0,Anti-venom(2).png,Anti-venom(2)
282,3 doses of antivenom potion.,12907,True,132.0,2000.0,330.0,198.0,Anti-venom(3).png,Anti-venom(3)
283,4 doses of antivenom potion.,12905,True,176.0,2000.0,440.0,264.0,Anti-venom(4).png,Anti-venom(4)
284,1 dose of super antivenom potion.,12919,True,44.0,2000.0,111.0,66.0,Anti-venom+(1).png,Anti-venom+(1)
285,2 doses of super antivenom potion.,12917,True,88.0,2000.0,222.0,133.0,Anti-venom+(2).png,Anti-venom+(2)
286,3 doses of super antivenom potion.,12915,True,133.0,2000.0,333.0,199.0,Anti-venom+(3).png,Anti-venom+(3)
287,4 doses of super antivenom potion.,12913,True,177.0,2000.0,444.0,266.0,Anti-venom+(4).png,Anti-venom+(4)
288,One dose of fishy extra strength antidote potion.,11503,True,57.0,2000.0,144.0,86.0,Antidote+ mix(1).png,Antidote+ mix(1)
289,Two doses of fishy extra strength antidote potion.,11501,True,86.0,2000.0,216.0,129.0,Antidote+ mix(2).png,Antidote+ mix(2)
290,1 dose of extra strong antipoison potion.,5949,True,57.0,4000.0,144.0,86.0,Antidote+(1).png,Antidote+(1)
291,2 doses of extra strong antipoison potion.,5947,True,86.0,4000.0,216.0,129.0,Antidote+(2).png,Antidote+(2)
292,3 doses of extra strong antipoison potion.,5945,True,115.0,4000.0,288.0,172.0,Antidote+(3).png,Antidote+(3)
293,4 doses of extra strong antipoison potion.,5943,True,144.0,4000.0,360.0,216.0,Antidote+(4).png,Antidote+(4)
294,1 dose of super strong antipoison potion.,5958,True,57.0,4000.0,144.0,86.0,Antidote++(1).png,Antidote++(1)
295,2 doses of super strong antipoison potion.,5956,True,86.0,4000.0,216.0,129.0,Antidote++(2).png,Antidote++(2)
296,3 doses of super strong antipoison potion.,5954,True,115.0,4000.0,288.0,172.0,Antidote++(3).png,Antidote++(3)
297,4 doses of super strong antipoison potion.,5952,True,144.0,4000.0,360.0,216.0,Antidote++(4).png,Antidote++(4)
298,One dose of fishy anti-firebreath potion.,11507,True,52.0,2000.0,132.0,79.0,Antifire mix(1).png,Antifire mix(1)
299,Two doses of fishy anti-firebreath potion.,11505,True,79.0,2000.0,198.0,118.0,Antifire mix(2).png,Antifire mix(2)
300,1 dose of anti-firebreath potion.,2458,True,52.0,2000.0,132.0,79.0,Antifire potion(1).png,Antifire potion(1)
301,2 doses of anti-firebreath potion.,2456,True,79.0,2000.0,198.0,118.0,Antifire potion(2).png,Antifire potion(2)
302,3 doses of anti-firebreath potion.,2454,True,105.0,2000.0,264.0,158.0,Antifire potion(3).png,Antifire potion(3)
303,4 doses of anti-firebreath potion.,2452,True,132.0,2000.0,330.0,198.0,Antifire potion(4).png,Antifire potion(4)
304,One dose of fishy antipoison potion.,11435,True,57.0,2000.0,144.0,86.0,Antipoison mix(1).png,Antipoison mix(1)
305,Two doses of fishy antipoison potion.,11433,True,86.0,2000.0,216.0,129.0,Antipoison mix(2).png,Antipoison mix(2)
306,1 dose of antipoison potion.,179,False,57.0,2000.0,144.0,86.0,Antipoison(1).png,Antipoison(1)
307,2 doses of antipoison potion.,177,False,86.0,2000.0,216.0,129.0,Antipoison(2).png,Antipoison(2)
308,3 doses of antipoison potion.,175,False,115.0,2000.0,288.0,172.0,Antipoison(3).png,Antipoison(3)
309,4 doses of antipoison potion.,2446,False,144.0,2000.0,360.0,216.0,Antipoison(4).png,Antipoison(4)
310,Surprisingly flexible.,31081,True,40000.0,,100000.0,60000.0,Antler guard.png,Antler guard
311,A teleport to Ape Atoll.,19631,True,1.0,10000.0,1.0,1.0,Ape atoll teleport (tablet).png,Ape atoll teleport (tablet)
312,A bucket of apple mush.,5992,True,5.0,11000.0,13.0,7.0,Apple mush.png,Apple mush
313,Mmm Apple pie.,2323,False,12.0,10000.0,30.0,18.0,Apple pie.png,Apple pie
314,This sapling is ready to be replanted in a fruit tree patch.,5496,True,1.0,200.0,1.0,1.0,Apple sapling.png,Apple sapling
315,Plant in a plantpot of soil to grow a sapling.,5283,True,5.0,200.0,13.0,7.0,Apple tree seed 5.png,Apple tree seed
316,A fruit basket filled with apples.,5386,True,1.0,600.0,1.0,1.0,Apples(5).png,Apples(5)
317,An apprentice level wand.,6910,True,600.0,125.0,1500.0,900.0,Apprentice wand.png,Apprentice wand
318,An autoloading contraption made of aquanite bits. Slimy.,32879,True,3200.0,,8000.0,4800.0,Aquanite hopper.png,Aquanite hopper
319,A tendon. How nice.,32876,True,2000.0,,5000.0,3000.0,Aquanite tendon.png,Aquanite tendon
320,Boots that are surrounded with spider folicles. Great web resistance!,29806,True,60000.0,8.0,150000.0,90000.0,Aranea boots.png,Aranea boots
321,Looks spicy!,29784,True,200.0,11000.0,500.0,300.0,Araxyte venom sack.png,Araxyte venom sack
322,Scrawled words that can invoke the power of the gods.,21079,True,32000.0,5.0,80000.0,48000.0,Arcane prayer scroll.png,Arcane prayer scroll
323,A sigil in the shape of an arcane symbol.,12827,True,300000.0,5.0,750000.0,450000.0,Arcane sigil.png,Arcane sigil
324,An ethereal shield with an arcane sigil attached to it.,12825,True,800000.0,8.0,2000000.0,1200000.0,Arcane spirit shield.png,Arcane spirit shield
325,An ancient banner baring the mark of the Arceuus Elders.,20251,True,28.0,4.0,70.0,42.0,Arceuus banner.png,Arceuus banner
326,A rare hood from Arceuus.,20113,True,1.0,4.0,1.0,1.0,Arceuus hood.png,Arceuus hood
327,A teleport to the Arceuus Library,19613,True,1.0,10000.0,1.0,1.0,Arceuus library teleport (tablet).png,Arceuus library teleport (tablet)
328,A blue scarf adorned with a dark crystal.,19943,True,4000.0,4.0,10000.0,6000.0,Arceuus scarf.png,Arceuus scarf
329,This helmet is worn by archers.,3749,True,24000.0,70.0,60000.0,36000.0,Archer helm.png,Archer helm
330,The icon of an archer.,28298,True,3200.0,,8000.0,4800.0,Archer icon.png,Archer icon
331,A fabled ring that improves the wearer's skill with a bow...,6733,True,4000.0,8.0,10000.0,6000.0,Archers ring.png,Archers ring
332,I can exchange this for equipment.,1464,True,10.0,18000.0,25.0,15.0,Archery ticket.png,Archery ticket
333,Log cut from an arctic pine.,10810,True,14.0,11000.0,35.0,21.0,Arctic pine logs.png,Arctic pine logs
334,Arctic pine logs prepared with sacred oil for a funeral pyre.,10808,True,80.0,11000.0,200.0,120.0,Arctic pyre logs.png,Arctic pyre logs
335,A teleport to East Ardougne.,8011,True,1.0,10000.0,1.0,1.0,Ardougne teleport (tablet).png,Ardougne teleport (tablet)
336,A book about the Training Arena.,6891,True,1.0,15.0,1.0,1.0,Arena book.png,Arena book
337,Armadyl blessed dragonhide vambraces.,12506,True,1600.0,8.0,4000.0,2400.0,Armadyl bracers.png,Armadyl bracers
338,1 dose of Armadyl brewn.,31659,True,16.0,2000.0,40.0,24.0,Armadyl brew(1).png,Armadyl brew(1)
339,2 doses of Armadyl brew.,31656,True,36.0,2000.0,90.0,54.0,Armadyl brew(2).png,Armadyl brew(2)
340,3 doses of Armadyl brew.,31653,True,68.0,2000.0,170.0,102.0,Armadyl brew(3).png,Armadyl brew(3)
341,4 doses of Armadyl brew.,31650,True,100.0,2000.0,250.0,150.0,Armadyl brew(4).png,Armadyl brew(4)
342,A chainskirt of great craftsmanship.,11830,True,115960.0,8.0,289900.0,173940.0,Armadyl chainskirt.png,Armadyl chainskirt
343,Armadyl blessed dragonhide chaps.,12510,True,2400.0,8.0,6000.0,3600.0,Armadyl chaps.png,Armadyl chaps
344,Armour of great craftsmanship.,11828,True,116000.0,8.0,290000.0,174000.0,Armadyl chestplate.png,Armadyl chestplate
345,An Armadyl cloak.,12261,True,800.0,8.0,2000.0,1200.0,Armadyl cloak.png,Armadyl cloak
346,Armadyl blessed dragonhide coif.,12512,True,800.0,8.0,2000.0,1200.0,Armadyl coif.png,Armadyl coif
347,A weapon originally developed for Armadyl's forces.,11785,True,396000.0,8.0,990000.0,594000.0,Armadyl crossbow.png,Armadyl crossbow
348,An Armadyl crozier.,12263,True,2000.0,8.0,5000.0,3000.0,Armadyl crozier.png,Armadyl crozier
349,Armadyl blessed dragonhide body armour.,12508,True,5200.0,8.0,13000.0,7800.0,Armadyl d'hide body.png,Armadyl d'hide body
350,Armadyl blessed dragonhide boots.,19930,True,3720.0,8.0,9300.0,5580.0,Armadyl d'hide boots.png,Armadyl d'hide boots
351,Armadyl blessed wooden shield covered in dragon leather.,23200,True,11333.0,8.0,28334.0,17000.0,Armadyl d'hide shield.png,Armadyl d'hide shield
352,"A set containing an Armadyl dragonhide coif, body, chaps and bracers.",13169,True,3800.0,8.0,9500.0,5700.0,Armadyl dragonhide set.png,Armadyl dragonhide set
353,Rune full helmet in the colours of Armadyl.,12476,False,14080.0,8.0,35200.0,21120.0,Armadyl full helm.png,Armadyl full helm
354,"A beautiful, heavy sword.",11802,True,500000.0,8.0,1250000.0,750000.0,Armadyl godsword.png,Armadyl godsword
355,Use on an Armadyl godsword to make it look fancier!,20068,True,2000.0,4.0,5000.0,3000.0,Armadyl godsword ornament kit.png,Armadyl godsword ornament kit
356,A helmet of great craftsmanship.,11826,True,115600.0,8.0,289000.0,173400.0,Armadyl helmet.png,Armadyl helmet
357,Brimming with potential.,11810,True,200000.0,10000.0,500000.0,300000.0,Armadyl hilt.png,Armadyl hilt
358,Rune kiteshield in the colours of Armadyl.,12478,False,21760.0,8.0,54400.0,32640.0,Armadyl kiteshield.png,Armadyl kiteshield
359,An Armadyl mitre.,12259,True,2000.0,8.0,5000.0,3000.0,Armadyl mitre.png,Armadyl mitre
360,This seems to have been torn from a book...,12617,True,160.0,5.0,400.0,240.0,Armadyl page 1.png,Armadyl page 1
361,This seems to have been torn from a book...,12618,True,160.0,5.0,400.0,240.0,Armadyl page 2.png,Armadyl page 2
362,This seems to have been torn from a book...,12619,True,160.0,5.0,400.0,240.0,Armadyl page 3.png,Armadyl page 3
363,This seems to have been torn from a book...,12620,True,160.0,5.0,400.0,240.0,Armadyl page 4.png,Armadyl page 4
364,Rune platebody in the colours of Armadyl.,12470,False,26000.0,8.0,65000.0,39000.0,Armadyl platebody.png,Armadyl platebody
365,Rune platelegs in the colours of Armadyl.,12472,False,25600.0,8.0,64000.0,38400.0,Armadyl platelegs.png,Armadyl platelegs
366,Rune plateskirt in the colours of Armadyl.,12474,False,25600.0,8.0,64000.0,38400.0,Armadyl plateskirt.png,Armadyl plateskirt
367,Leggings from the Armadyl Vestments.,12255,True,2800.0,8.0,7000.0,4200.0,Armadyl robe legs.png,Armadyl robe legs
368,Armadyl Vestments.,12253,True,2800.0,8.0,7000.0,4200.0,Armadyl robe top.png,Armadyl robe top
369,"A set containing a full helm, platebody, legs and kiteshield.",13052,False,32000.0,8.0,80000.0,48000.0,Armadyl rune armour set (lg).png,Armadyl rune armour set (lg)
370,"A set containing a full helm, platebody, skirt and kiteshield.",13054,False,32000.0,8.0,80000.0,48000.0,Armadyl rune armour set (sk).png,Armadyl rune armour set (sk)
371,An Armadyl stole.,12257,True,1000.0,8.0,2500.0,1500.0,Armadyl stole.png,Armadyl stole
372,High grade material.,27269,True,40000.0,,100000.0,60000.0,Armadylean plate.png,Armadylean plate
373,"Take this to Nigel to give the imbued Saradomin, Guthix or Zamorak Cape a cosmetic theme from Deadman: Armageddon.",29628,True,10000.0,6.0,25000.0,15000.0,Armageddon cape fabric.png,Armageddon cape fabric
374,A fearsome yet stylish souvenir from Deadman: Armageddon.,29619,True,10000.0,,25000.0,15000.0,Armageddon rug.png,Armageddon rug
375,A scroll which unlocks the Deadman: Armageddon home teleport animation.,29622,True,10000.0,,25000.0,15000.0,Armageddon teleport scroll.png,Armageddon teleport scroll
376,"Take this to Nigel to give the Armadyl Godsword, Volatile Nightmare Staff, Dark Bow or Voidwaker a cosmetic theme from Deadman: Armageddon.",29625,True,10000.0,,25000.0,15000.0,Armageddon weapon scroll.png,Armageddon weapon scroll
377,A wooden arrow shaft.,52,True,1.0,7000.0,1.0,1.0,Arrow shaft 5.png,Arrow shaft
378,Probably the finest ale in Asgarnia.,1905,False,1.0,2000.0,2.0,1.0,Asgarnian ale.png,Asgarnian ale
379,How does it all fit in there?,8520,True,4.0,500.0,10.0,6.0,Asgarnian ale (flatpack).png,Asgarnian ale (flatpack)
380,This keg contains 4 pints of Asgarnian Ale.,5785,True,1.0,2000.0,1.0,1.0,Asgarnian ale(4).png,Asgarnian ale(4)
381,This looks a good deal stronger than normal Asgarnian Ale.,5739,True,1.0,2000.0,2.0,1.0,Asgarnian ale(m).png,Asgarnian ale(m)
382,This keg contains 4 pints of mature Asgarnian Ale.,5865,True,1.0,2000.0,1.0,1.0,Asgarnian ale(m4).png,Asgarnian ale(m4)
383,A handful of Asgarnian Hops.,5996,True,2.0,11000.0,5.0,3.0,Asgarnian hops.png,Asgarnian hops
384,An Asgarnian hop seed - plant in a hops patch.,5308,True,1.0,2000.0,3.0,1.0,Asgarnian seed 5.png,Asgarnian seed
385,A heap of ashes.,592,False,1.0,13000.0,2.0,1.0,Ashes.png,Ashes
386,A posy of flowers.,2460,True,40.0,150.0,100.0,60.0,Assorted flowers.png,Assorted flowers
387,Used for Lunar spells.,9075,True,20.0,25000.0,50.0,30.0,Astral rune.png,Astral rune
388,The remains of a deadly shade.,3402,True,1.0,7500.0,1.0,1.0,Asyn remains.png,Asyn remains
389,Quite big for a dart.,28991,True,196.0,11000.0,490.0,294.0,Atlatl dart 5.png,Atlatl dart
390,An atlatl dart shaft.,31004,True,88.0,11000.0,220.0,132.0,Atlatl dart shaft 5.png,Atlatl dart shaft
391,I can make some atlatl darts with these.,30998,True,98.0,10000.0,245.0,147.0,Atlatl dart tips 5.png,Atlatl dart tips
392,One dose of fishy Attack potion.,11431,True,2.0,2000.0,6.0,3.0,Attack mix(1).png,Attack mix(1)
393,Two doses of fishy Attack potion.,11429,True,3.0,2000.0,9.0,5.0,Attack mix(2).png,Attack mix(2)
394,1 dose of Attack potion.,125,True,2.0,2000.0,6.0,3.0,Attack potion(1).png,Attack potion(1)
395,2 doses of Attack potion.,123,True,3.0,2000.0,9.0,5.0,Attack potion(2).png,Attack potion(2)
396,3 doses of Attack potion.,121,True,4.0,2000.0,12.0,7.0,Attack potion(3).png,Attack potion(3)
397,4 doses of Attack potion.,2428,True,6.0,2000.0,15.0,9.0,Attack potion(4).png,Attack potion(4)
398,A useful herb.,261,True,19.0,13000.0,48.0,28.0,Avantoe.png,Avantoe
399,I need another ingredient to finish this Avantoe potion.,103,True,19.0,10000.0,48.0,28.0,Avantoe potion (unf).png,Avantoe potion (unf)
400,An avantoe seed - plant in a herb patch.,5298,True,3.0,200.0,8.0,4.0,Avantoe seed 5.png,Avantoe seed
401,Perhaps this could be used to create a defensive weapon.,22477,True,1000000.0,8.0,2500000.0,1500000.0,Avernic defender hilt.png,Avernic defender hilt
402,A finely crafted pair of boots.,31088,True,76800.0,8.0,192000.0,115200.0,Avernic treads.png,Avernic treads
403,A mysterious orb of unknown power. What could it do?,28334,True,30000.0,50.0,75000.0,45000.0,Awakener's orb.png,Awakener's orb
404,This might help me chop harder.,5751,True,1.0,2000.0,2.0,1.0,Axeman's folly.png,Axeman's folly
405,This keg contains 4 pints of Axeman's Folly.,5825,True,1.0,2000.0,1.0,1.0,Axeman's folly(4).png,Axeman's folly(4)
406,This looks a good deal stronger than normal Axeman's Folly.,5753,True,1.0,2000.0,2.0,1.0,Axeman's folly(m).png,Axeman's folly(m)
407,This keg contains 4 pints of mature Axeman's Folly.,5905,True,1.0,2000.0,1.0,1.0,Axeman's folly(m4).png,Axeman's folly(m4)
408,Baby impling in a jar. That's a bit cruel.,11238,True,20.0,18000.0,50.0,30.0,Baby impling jar.png,Baby impling jar
409,Ew it's a pile of bones.,534,True,1.0,3000.0,1.0,1.0,Babydragon bones.png,Babydragon bones
410,A bag of salt.,4161,True,4.0,8000.0,10.0,6.0,Bag of salt.png,Bag of salt
411,You can plant this in your garden.,8455,True,6000.0,10000.0,15000.0,9000.0,Bagged bluebells.png,Bagged bluebells
412,You can plant this in your garden.,8453,True,4000.0,10000.0,10000.0,6000.0,Bagged daffodils.png,Bagged daffodils
413,You can plant this in your garden.,8417,True,400.0,10000.0,1000.0,600.0,Bagged dead tree.png,Bagged dead tree
414,You can plant this in your garden.,8451,True,2000.0,10000.0,5000.0,3000.0,Bagged flower.png,Bagged flower
415,You can plant this in your garden.,8429,True,20000.0,10000.0,50000.0,30000.0,Bagged magic tree.png,Bagged magic tree
416,You can plant this in your garden.,8425,True,6000.0,10000.0,15000.0,9000.0,Bagged maple tree.png,Bagged maple tree
417,You can plant this in your garden.,8459,True,4000.0,10000.0,10000.0,6000.0,Bagged marigolds.png,Bagged marigolds
418,You can plant this in your garden.,8419,True,800.0,10000.0,2000.0,1200.0,Bagged nice tree.png,Bagged nice tree
419,You can plant this in your garden.,8421,True,2000.0,10000.0,5000.0,3000.0,Bagged oak tree.png,Bagged oak tree
420,You can plant this in your garden.,8431,True,400.0,10000.0,1000.0,600.0,Bagged plant 1.png,Bagged plant 1
421,You can plant this in your garden.,8433,True,2000.0,10000.0,5000.0,3000.0,Bagged plant 2.png,Bagged plant 2
422,You can plant this in your garden.,8435,True,4000.0,10000.0,10000.0,6000.0,Bagged plant 3.png,Bagged plant 3
423,You can plant this in your garden.,8461,True,6000.0,10000.0,15000.0,9000.0,Bagged roses.png,Bagged roses
424,You can plant this in your garden.,8457,True,2000.0,10000.0,5000.0,3000.0,Bagged sunflower.png,Bagged sunflower
425,You can plant this in your garden.,8423,True,4000.0,10000.0,10000.0,6000.0,Bagged willow tree.png,Bagged willow tree
426,You can plant this in your garden.,8427,True,8000.0,10000.0,20000.0,12000.0,Bagged yew tree.png,Bagged yew tree
427,It'd taste even better with some toppings.,6701,True,1.0,13000.0,4.0,2.0,Baked potato.png,Baked potato
428,A tightly bound bundle of flax.,31045,True,50.0,13000.0,125.0,75.0,Bale of flax.png,Bale of flax
429,A neatly wrapped ball of cotton.,31454,False,1.0,,2.0,1.0,Ball of cotton.png,Ball of cotton
430,Spun from sheeps' wool.,1759,False,1.0,13000.0,2.0,1.0,Ball of wool.png,Ball of wool
431,Sturdy struts.,19592,True,20000.0,8.0,50000.0,30000.0,Ballista limbs.png,Ballista limbs
432,A spring-loaded mechanism.,19601,True,20000.0,8.0,50000.0,30000.0,Ballista spring.png,Ballista spring
433,Mmm this looks tasty.,1963,False,1.0,13000.0,2.0,1.0,Banana.png,Banana
434,This sapling is ready to be replanted in a fruit tree patch.,5497,True,1.0,200.0,1.0,1.0,Banana sapling.png,Banana sapling
435,It's a bowl full of mushy banana.,4016,True,120.0,6000.0,300.0,180.0,Banana stew.png,Banana stew
436,Plant in a plantpot of soil to grow a sapling.,5284,True,8.0,200.0,20.0,12.0,Banana tree seed 5.png,Banana tree seed
437,A fruit basket filled with bananas.,5416,True,1.0,600.0,1.0,1.0,Bananas(5).png,Bananas(5)
438,Essential pirate wear.,8926,True,40.0,150.0,100.0,60.0,Bandana eyepatch (blue).png,Bandana eyepatch (blue)
439,Essential pirate wear.,8927,True,40.0,150.0,100.0,60.0,Bandana eyepatch (brown).png,Bandana eyepatch (brown)
440,Essential pirate wear.,8925,True,40.0,150.0,100.0,60.0,Bandana eyepatch (red).png,Bandana eyepatch (red)
441,Essential pirate wear.,8924,True,40.0,150.0,100.0,60.0,Bandana eyepatch (white).png,Bandana eyepatch (white)
442,A cheeky little lager.,4627,True,200.0,2000.0,500.0,300.0,Bandit's brew.png,Bandit's brew
443,Some sturdy boots.,11836,True,115604.0,8.0,289010.0,173406.0,Bandos boots.png,Bandos boots
444,Bandos blessed dragonhide vambraces.,12498,True,1600.0,8.0,4000.0,2400.0,Bandos bracers.png,Bandos bracers
445,Bandos blessed dragonhide chaps.,12502,True,2400.0,8.0,6000.0,3600.0,Bandos chaps.png,Bandos chaps
446,A sturdy chestplate.,11832,True,116004.0,8.0,290010.0,174006.0,Bandos chestplate.png,Bandos chestplate
447,A Bandos cloak.,12273,True,800.0,8.0,2000.0,1200.0,Bandos cloak.png,Bandos cloak
448,Bandos blessed dragonhide coif.,12504,True,800.0,8.0,2000.0,1200.0,Bandos coif.png,Bandos coif
449,A Bandos crozier.,12275,True,2000.0,8.0,5000.0,3000.0,Bandos crozier.png,Bandos crozier
450,Bandos blessed dragonhide body armour.,12500,True,5200.0,8.0,13000.0,7800.0,Bandos d'hide body.png,Bandos d'hide body
451,Bandos blessed dragonhide boots.,19924,True,3720.0,8.0,9300.0,5580.0,Bandos d'hide boots.png,Bandos d'hide boots
452,Bandos blessed wooden shield covered in dragon leather.,23203,True,11333.0,8.0,28334.0,17000.0,Bandos d'hide shield.png,Bandos d'hide shield
453,"A set containing a Bandos dragonhide coif, body, chaps and bracers.",13167,True,3800.0,8.0,9500.0,5700.0,Bandos dragonhide set.png,Bandos dragonhide set
454,Rune full helmet in the colours of Bandos.,12486,False,14080.0,8.0,35200.0,21120.0,Bandos full helm.png,Bandos full helm
455,A brutally heavy sword.,11804,True,500000.0,8.0,1250000.0,750000.0,Bandos godsword.png,Bandos godsword
456,Use on a Bandos godsword to make it look fancier!,20071,True,2000.0,4.0,5000.0,3000.0,Bandos godsword ornament kit.png,Bandos godsword ornament kit
457,Brimming with potential.,11812,True,200000.0,10000.0,500000.0,300000.0,Bandos hilt.png,Bandos hilt
458,Rune kiteshield in the colours of Bandos.,12488,False,21760.0,8.0,54400.0,32640.0,Bandos kiteshield.png,Bandos kiteshield
459,A Bandos mitre.,12271,True,2000.0,8.0,5000.0,3000.0,Bandos mitre.png,Bandos mitre
460,This seems to have been torn from a book...,12613,True,160.0,5.0,400.0,240.0,Bandos page 1.png,Bandos page 1
461,This seems to have been torn from a book...,12614,True,160.0,5.0,400.0,240.0,Bandos page 2.png,Bandos page 2
462,This seems to have been torn from a book...,12615,True,160.0,5.0,400.0,240.0,Bandos page 3.png,Bandos page 3
463,This seems to have been torn from a book...,12616,True,160.0,5.0,400.0,240.0,Bandos page 4.png,Bandos page 4
464,Rune platebody in the colours of Bandos.,12480,False,26000.0,8.0,65000.0,39000.0,Bandos platebody.png,Bandos platebody
465,Rune platelegs in the colours of Bandos.,12482,False,25600.0,8.0,64000.0,38400.0,Bandos platelegs.png,Bandos platelegs
466,Rune plateskirt in the colours of Bandos.,12484,False,25600.0,8.0,64000.0,38400.0,Bandos plateskirt.png,Bandos plateskirt
467,Leggings from the Bandos Vestments.,12267,True,2800.0,8.0,7000.0,4200.0,Bandos robe legs.png,Bandos robe legs
468,Bandos Vestments.,12265,True,2800.0,8.0,7000.0,4200.0,Bandos robe top.png,Bandos robe top
469,"A set containing a full helm, platebody, legs and kiteshield.",13056,False,32000.0,8.0,80000.0,48000.0,Bandos rune armour set (lg).png,Bandos rune armour set (lg)
470,"A set containing a full helm, platebody, skirt and kiteshield.",13058,False,32000.0,8.0,80000.0,48000.0,Bandos rune armour set (sk).png,Bandos rune armour set (sk)
471,A Bandos stole.,12269,True,1000.0,8.0,2500.0,1500.0,Bandos stole.png,Bandos stole
472,A sturdy pair of tassets.,11834,True,115964.0,8.0,289910.0,173946.0,Bandos tassets.png,Bandos tassets
473,High grade material.,26394,True,40000.0,,100000.0,60000.0,Bandosian components.png,Bandosian components
474,I can make bolts with these.,47,True,38.0,11000.0,95.0,57.0,Barb bolttips.png,Barb bolttips
475,A mighty Hunter weapon. One previous owner.,10129,True,14.0,40.0,36.0,21.0,Barb-tail harpoon.png,Barb-tail harpoon
476,A teleport to Barbarian Outpost.,24955,True,1.0,10000.0,1.0,1.0,Barbarian teleport (tablet).png,Barbarian teleport (tablet)
477,Great if you have a crossbow!,881,True,80.0,7000.0,200.0,120.0,Barbed bolts 5.png,Barbed bolts
478,Bark from a hollow tree.,3239,True,1.0,13000.0,1.0,1.0,Bark.png,Bark
479,A handful of Barley.,6006,True,1.0,11000.0,4.0,2.0,Barley.png,Barley
480,A handful of barley malt.,6008,True,1.0,11000.0,4.0,2.0,Barley malt.png,Barley malt
481,A barley seed - plant in a hops patch.,5305,True,1.0,2000.0,2.0,1.0,Barley seed 5.png,Barley seed
482,"Rum, lemon and... crushed barnacles?",31255,True,8.0,,20.0,12.0,Barnacle blaster.png,Barnacle blaster
483,A light blue paint. This might look good on a boat.,32087,True,1.0,,1.0,1.0,Barracuda paint.png,Barracuda paint
484,An empty barrel.,3216,True,1.0,15.0,1.0,1.0,Barrel.png,Barrel
485,Somebody's been avoiding their cardio...,30795,True,200.0,,500.0,300.0,Barrel of demonic tallow (full).png,Barrel of demonic tallow (full)
486,A teleport to the Barrows.,19629,True,1.0,10000.0,1.0,1.0,Barrows teleport (tablet).png,Barrows teleport (tablet)
487,The crushed rock looks like it may react to other materials.,22603,True,12.0,10000.0,30.0,18.0,Basalt.png,Basalt
488,The jaw of a Basilisk Knight.,24268,True,200000.0,,500000.0,300000.0,Basilisk jaw.png,Basilisk jaw
489,An empty fruit basket.,5376,True,1.0,10000.0,1.0,1.0,Basket.png,Basket
490,"Wow, this is a big fish.",365,True,16.0,6000.0,40.0,24.0,Bass.png,Bass
491,1 dose of Bastion potion.,22470,True,36.0,2000.0,90.0,54.0,Bastion potion(1).png,Bastion potion(1)
492,2 doses of Bastion potion.,22467,True,72.0,2000.0,180.0,108.0,Bastion potion(2).png,Bastion potion(2)
493,3 doses of Bastion potion.,22464,True,108.0,2000.0,270.0,162.0,Bastion potion(3).png,Bastion potion(3)
494,4 doses of Bastion potion.,22461,True,144.0,2000.0,360.0,216.0,Bastion potion(4).png,Bastion potion(4)
495,Ew it's a pile of bones.,530,True,1.0,3000.0,1.0,1.0,Bat bones.png,Bat bones
496,A deep tin used for baking gnome battas in.,2164,True,4.0,40.0,10.0,6.0,Batta tin.png,Batta tin
497,A teleport to the Kebos Battlefront.,22949,True,1.0,10000.0,1.0,1.0,Battlefront teleport (tablet).png,Battlefront teleport (tablet)
498,1 dose of Battlemage potion.,22458,True,36.0,2000.0,90.0,54.0,Battlemage potion(1).png,Battlemage potion(1)
499,2 doses of Battlemage potion.,22455,True,72.0,2000.0,180.0,108.0,Battlemage potion(2).png,Battlemage potion(2)
500,3 doses of Battlemage potion.,22452,True,108.0,2000.0,270.0,162.0,Battlemage potion(3).png,Battlemage potion(3)
501,4 dose of Battlemage potion.,22449,True,144.0,2000.0,360.0,216.0,Battlemage potion(4).png,Battlemage potion(4)
502,It's a slightly magical stick.,1391,True,2800.0,11000.0,7000.0,4200.0,Battlestaff.png,Battlestaff
503,Weeeeeee!,12245,True,240.0,4.0,600.0,360.0,Beanie.png,Beanie
504,Vicious bear slippers.,23291,False,400.0,4.0,1000.0,600.0,Bear feet.png,Bear feet
505,This would make warm clothing.,948,False,4.0,18000.0,10.0,6.0,Bear fur.png,Bear fur
506,A glass of frothy ale.,1917,False,1.0,2000.0,2.0,1.0,Beer.png,Beer
507,How does it all fit in there?,8516,True,4.0,500.0,10.0,6.0,Beer barrel (flatpack).png,Beer barrel (flatpack)
508,I need to fill this with beer.,1919,False,1.0,10000.0,2.0,1.0,Beer glass.png,Beer glass
509,Frothy and alcoholic.,3803,True,8.0,2000.0,20.0,12.0,Beer tankard.png,Beer tankard
510,A beginner level wand.,6908,True,480.0,125.0,1200.0,720.0,Beginner wand.png,Beginner wand
511,Also known as Deadly Nightshade - plant in a belladonna patch.,5281,True,70.0,200.0,177.0,106.0,Belladonna seed 5.png,Belladonna seed
512,An occult ring that grants immense slicing power.,28316,True,56000.0,,140000.0,84000.0,Bellator ring.png,Bellator ring
513,A well balanced blade adorned with gold.,31248,True,18000.0,,45000.0,27000.0,Belle's folly.png,Belle's folly
514,This blade needs some work before it will be useable.,31245,True,18000.0,,45000.0,27000.0,Belle's folly (tarnished).png,Belle's folly (tarnished)
515,This helmet is worn by berserkers.,3751,True,24000.0,70.0,60000.0,36000.0,Berserker helm.png,Berserker helm
516,The icon of a berserker.,28295,True,3200.0,,8000.0,4800.0,Berserker icon.png,Berserker icon
517,Makes obsidian weapons even stronger!,11128,True,80800.0,70.0,202000.0,121200.0,Berserker necklace.png,Berserker necklace
518,Use on the Berserker necklace to trim it with gold.,23237,True,2000.0,4.0,5000.0,3000.0,Berserker necklace ornament kit.png,Berserker necklace ornament kit
519,A ring reputed to bring out a berserk fury in its wearer.,6737,True,4000.0,8.0,10000.0,6000.0,Berserker ring.png,Berserker ring
520,Ew it's a pile of bones.,532,False,1.0,3000.0,1.0,1.0,Big bones.png,Big bones
521,Useful for catching lots of fish.,305,True,8.0,40.0,20.0,12.0,Big fishing net.png,Big fishing net
522,Yarrr!,12355,True,600.0,4.0,1500.0,900.0,Big pirate hat.png,Big pirate hat
523,A necklace embedded with mystical power.,5521,True,570.0,10000.0,1425.0,855.0,Binding necklace.png,Binding necklace
524,Feed and catch the birds by placing this in the right spot.,21512,True,2.0,250.0,5.0,3.0,Bird house.png,Bird house
525,It's an empty bird's nest.,5075,True,181.0,11000.0,453.0,271.0,Bird nest (empty).png,Bird nest (empty)
526,A simple bird catcher.,10006,True,2.0,250.0,5.0,3.0,Bird snare.png,Bird snare
527,A two handed sword.,1313,False,768.0,125.0,1920.0,1152.0,Black 2h sword.png,Black 2h sword
528,A sinister looking axe.,1361,False,153.0,40.0,384.0,230.0,Black axe.png,Black axe
529,A vicious looking axe.,1367,False,499.0,125.0,1248.0,748.0,Black battleaxe.png,Black battleaxe
530,A small round black bead.,1474,False,1.0,11000.0,4.0,2.0,Black bead.png,Black bead
531,Parlez-vous francais?,2635,True,32.0,4.0,80.0,48.0,Black beret.png,Black beret
532,Stylish!,7327,True,90.0,4.0,225.0,135.0,Black boater.png,Black boater
533,These will protect my feet.,4125,True,230.0,125.0,576.0,345.0,Black boots.png,Black boots
534,Blunt black arrow... ouch.,4788,True,14.0,11000.0,35.0,21.0,Black brutal 5.png,Black brutal
535,A ruby topped cane.,12375,True,240.0,4.0,600.0,360.0,Black cane.png,Black cane
536,A warm black cape.,1019,False,2.0,150.0,7.0,4.0,Black cape.png,Black cape
537,All for one and one for all!,2643,True,80.0,4.0,200.0,120.0,Black cavalier.png,Black cavalier
538,A series of connected metal rings.,1107,False,576.0,125.0,1440.0,864.0,Black chainbody.png,Black chainbody
539,Just plain nasty.,11959,True,96.0,11000.0,240.0,144.0,Black chinchompa.png,Black chinchompa
540,A set of fighting claws.,3098,True,144.0,125.0,360.0,216.0,Black claws.png,Black claws
541,Made from 100% real dragonhide.,2503,True,5392.0,70.0,13480.0,8088.0,Black d'hide body.png,Black d'hide body
542,Made from 100% real dragonhide. With colourful trim!,12381,True,5392.0,8.0,13480.0,8088.0,Black d'hide body (g).png,Black d'hide body (g)
543,Made from 100% real dragonhide. With colourful trim!,12385,True,5392.0,8.0,13480.0,8088.0,Black d'hide body (t).png,Black d'hide body (t)
544,Made from 100% real dragonhide.,2497,True,2488.0,70.0,6220.0,3732.0,Black d'hide chaps.png,Black d'hide chaps
545,Made from 100% real dragonhide. With colourful trim!,12383,True,2488.0,8.0,6220.0,3732.0,Black d'hide chaps (g).png,Black d'hide chaps (g)
546,Made from 100% real dragonhide. With colourful trim!,12387,True,2488.0,8.0,6220.0,3732.0,Black d'hide chaps (t).png,Black d'hide chaps (t)
547,A solid redwood shield covered in black dragon leather.,22284,True,11333.0,125.0,28334.0,17000.0,Black d'hide shield.png,Black d'hide shield
548,Vambraces made from 100% real dragonhide.,2491,True,1728.0,70.0,4320.0,2592.0,Black d'hide vambraces.png,Black d'hide vambraces
549,A vicious black dagger.,1217,False,96.0,125.0,240.0,144.0,Black dagger.png,Black dagger
550,This dagger is poisoned.,1233,True,96.0,125.0,240.0,144.0,Black dagger(p).png,Black dagger(p)
551,This dagger is poisoned.,5682,True,96.0,125.0,240.0,144.0,Black dagger(p+).png,Black dagger(p+)
552,This dagger is poisoned.,5700,True,96.0,125.0,240.0,144.0,Black dagger(p++).png,Black dagger(p++)
553,A deadly throwing dart with a black tip.,3093,True,1.0,7000.0,1.0,1.0,Black dart.png,Black dart
554,A deadly poisoned dart with a black tip.,3094,True,7.0,7000.0,18.0,10.0,Black dart(p).png,Black dart(p)
555,A deadly poisoned dart with a black tip.,5631,True,7.0,7000.0,18.0,10.0,Black dart(p+).png,Black dart(p+)
556,A deadly poisoned dart with a black tip.,5638,True,7.0,7000.0,18.0,10.0,Black dart(p++).png,Black dart(p++)
557,Evil.,20026,True,1600.0,4.0,4000.0,2400.0,Black demon mask.png,Black demon mask
558,A desert robe stained black.,6752,True,12.0,15.0,30.0,18.0,Black desert robe.png,Black desert robe
559,A desert shirt stained black.,6750,True,16.0,15.0,40.0,24.0,Black desert shirt.png,Black desert shirt
560,It's a piece of prepared black dragonhide.,2509,True,44.0,11000.0,110.0,66.0,Black dragon leather.png,Black dragon leather
561,Do I look scary?,12524,True,4000.0,4.0,10000.0,6000.0,Black dragon mask.png,Black dragon mask
562,The scaly rough hide from a Black Dragon.,1747,True,60.0,11000.0,150.0,90.0,Black dragonhide.png,Black dragonhide
563,"A set containing a black dragonhide body, chaps and vambraces.",12871,True,2000.0,70.0,5000.0,3000.0,Black dragonhide set.png,Black dragonhide set
564,A rather elegant pair of men's black pantaloons.,10402,True,800.0,4.0,2000.0,1200.0,Black elegant legs.png,Black elegant legs
565,A well made elegant men's black shirt.,10400,True,800.0,4.0,2000.0,1200.0,Black elegant shirt.png,Black elegant shirt
566,A woodcutter's axe.,28205,True,153.0,,384.0,230.0,Black felling axe.png,Black felling axe
567,A posy of flowers.,2476,True,40.0,150.0,100.0,60.0,Black flowers.png,Black flowers
568,A full face helmet.,1165,False,422.0,125.0,1056.0,633.0,Black full helm.png,Black full helm
569,Black full helmet with gold trim.,2595,False,422.0,8.0,1056.0,633.0,Black full helm (g).png,Black full helm (g)
570,Black full helmet with trim.,2587,False,422.0,8.0,1056.0,633.0,Black full helm (t).png,Black full helm (t)
571,"A set containing a full helm, platebody, legs and kiteshield.",12996,False,1800.0,8.0,4500.0,2700.0,Black gold-trimmed set (lg).png,Black gold-trimmed set (lg)
572,"A set containing a full helm, platebody, skirt and kiteshield.",12998,False,1800.0,8.0,4500.0,2700.0,Black gold-trimmed set (sk).png,Black gold-trimmed set (sk)
573,A black halberd.,3196,True,768.0,125.0,1920.0,1152.0,Black halberd.png,Black halberd
574,A minimalist's hat.,2647,True,16.0,4.0,40.0,24.0,Black headband.png,Black headband
575,A black helmet with a heraldic design.,10306,False,422.0,70.0,1056.0,633.0,Black helm (h1).png,Black helm (h1)
576,A black helmet with a heraldic design.,10308,False,422.0,70.0,1056.0,633.0,Black helm (h2).png,Black helm (h2)
577,A black helmet with a heraldic design.,10310,False,422.0,70.0,1056.0,633.0,Black helm (h3).png,Black helm (h3)
578,A black helmet with a heraldic design.,10312,False,422.0,70.0,1056.0,633.0,Black helm (h4).png,Black helm (h4)
579,A black helmet with a heraldic design.,10314,False,422.0,70.0,1056.0,633.0,Black helm (h5).png,Black helm (h5)
580,A large metal shield.,1195,False,652.0,125.0,1632.0,979.0,Black kiteshield.png,Black kiteshield
581,Black kiteshield with gold trim.,2597,False,652.0,8.0,1632.0,979.0,Black kiteshield (g).png,Black kiteshield (g)
582,Black kiteshield with trim.,2589,False,652.0,8.0,1632.0,979.0,Black kiteshield (t).png,Black kiteshield (t)
583,A finely balanced throwing knife.,869,True,7.0,7000.0,19.0,11.0,Black knife.png,Black knife
584,A finely balanced throwing knife.,874,True,7.0,7000.0,18.0,10.0,Black knife(p).png,Black knife(p)
585,A finely balanced throwing knife.,5658,True,7.0,7000.0,18.0,10.0,Black knife(p+).png,Black knife(p+)
586,A finely balanced throwing knife.,5665,True,7.0,7000.0,18.0,10.0,Black knife(p++).png,Black knife(p++)
587,"Try as they will, and try as they might, who steals me gold won't live through the night.",20246,True,2000.0,4.0,5000.0,3000.0,Black leprechaun hat.png,Black leprechaun hat
588,Perhaps someone can do something with this.,25448,True,1280.0,8.0,3200.0,1920.0,Black locks.png,Black locks
589,A razor sharp longsword.,1297,False,384.0,125.0,960.0,576.0,Black longsword.png,Black longsword
590,A spiky mace.,1426,False,172.0,125.0,432.0,259.0,Black mace.png,Black mace
591,An inert-seeming cave horror mask.,8921,True,1200.0,70.0,3000.0,1800.0,Black mask.png,Black mask
592,A magic cave horror mask.,8901,True,1200.0,70.0,3000.0,1800.0,Black mask (10).png,Black mask (10)
593,A medium sized helmet.,1151,False,230.0,125.0,576.0,345.0,Black med helm.png,Black med helm
594,Keeps things in place fairly permanently.,4821,True,4.0,13000.0,12.0,7.0,Black nails.png,Black nails
595,Used for mining.,12297,False,58.0,4.0,145.0,87.0,Black pickaxe.png,Black pickaxe
596,Provides excellent protection.,1125,False,1536.0,125.0,3840.0,2304.0,Black platebody.png,Black platebody
597,Black platebody with gold trim.,2591,False,1536.0,8.0,3840.0,2304.0,Black platebody (g).png,Black platebody (g)
598,Black plate body with a heraldic design.,23366,False,1536.0,8.0,3840.0,2304.0,Black platebody (h1).png,Black platebody (h1)
599,Black plate body with a heraldic design.,23369,False,1536.0,8.0,3840.0,2304.0,Black platebody (h2).png,Black platebody (h2)
600,Black plate body with a heraldic design.,23372,False,1536.0,8.0,3840.0,2304.0,Black platebody (h3).png,Black platebody (h3)
601,Black plate body with a heraldic design.,23375,False,1536.0,8.0,3840.0,2304.0,Black platebody (h4).png,Black platebody (h4)
602,Black plate body with a heraldic design.,23378,False,1536.0,8.0,3840.0,2304.0,Black platebody (h5).png,Black platebody (h5)
603,Black platebody with trim.,2583,False,1536.0,8.0,3840.0,2304.0,Black platebody (t).png,Black platebody (t)
604,"Big, black and heavy looking.",1077,False,768.0,125.0,1920.0,1152.0,Black platelegs.png,Black platelegs
605,Black platelegs with gold trim.,2593,False,768.0,8.0,1920.0,1152.0,Black platelegs (g).png,Black platelegs (g)
606,Black platelegs with trim.,2585,False,768.0,8.0,1920.0,1152.0,Black platelegs (t).png,Black platelegs (t)
607,"Big, black and heavy looking.",1089,False,768.0,125.0,1920.0,1152.0,Black plateskirt.png,Black plateskirt
608,Black plateskirt with gold trim.,3473,False,768.0,8.0,1920.0,1152.0,Black plateskirt (g).png,Black plateskirt (g)
609,Black plateskirt with trim.,3472,False,768.0,8.0,1920.0,1152.0,Black plateskirt (t).png,Black plateskirt (t)
610,I can do magic better in this.,581,False,5.0,125.0,13.0,7.0,Black robe.png,Black robe
611,Slightly slimy and somewhat menacing.,10148,True,80.0,125.0,200.0,120.0,Black salamander.png,Black salamander
612,"A vicious, curved sword.",1327,False,307.0,125.0,768.0,460.0,Black scimitar.png,Black scimitar
613,"A set containing a full helm, platebody, legs and kiteshield.",12988,False,1800.0,8.0,4500.0,2700.0,Black set (lg).png,Black set (lg)
614,"A set containing a full helm, platebody, skirt and kiteshield.",12990,False,1800.0,8.0,4500.0,2700.0,Black set (sk).png,Black set (sk)
615,A shield with a heraldic design,7332,False,652.0,70.0,1632.0,979.0,Black shield (h1).png,Black shield (h1)
616,A shield with a heraldic design,7338,False,652.0,70.0,1632.0,979.0,Black shield (h2).png,Black shield (h2)
617,A shield with a heraldic design,7344,False,652.0,70.0,1632.0,979.0,Black shield (h3).png,Black shield (h3)
618,A shield with a heraldic design,7350,False,652.0,70.0,1632.0,979.0,Black shield (h4).png,Black shield (h4)
619,A shield with a heraldic design,7356,False,652.0,70.0,1632.0,979.0,Black shield (h5).png,Black shield (h5)
620,Clothing favoured by women and dark wizards.,1015,False,1.0,150.0,2.0,1.0,Black skirt.png,Black skirt
621,Leg covering favoured by women and wizards. With a colourful trim!,12445,False,1.0,4.0,2.0,1.0,Black skirt (g).png,Black skirt (g)
622,Leg covering favoured by women and wizards. With a colourful trim!,12447,False,1.0,4.0,2.0,1.0,Black skirt (t).png,Black skirt (t)
623,A black tipped spear.,4580,True,260.0,8.0,650.0,390.0,Black spear.png,Black spear
624,A poisoned black tipped spear.,4582,True,300.0,8.0,750.0,450.0,Black spear(p).png,Black spear(p)
625,A poisoned black tipped spear.,5734,True,300.0,8.0,750.0,450.0,Black spear(p+).png,Black spear(p+)
626,A poisoned black tipped spear.,5736,True,300.0,8.0,750.0,450.0,Black spear(p++).png,Black spear(p++)
627,Vambraces made from 100% real dragonhide. Now with added spikiness.,10085,True,1728.0,125.0,4320.0,2592.0,Black spiky vambraces.png,Black spiky vambraces
628,A medium square shield.,1179,False,460.0,125.0,1152.0,691.0,Black sq shield.png,Black sq shield
629,A razor sharp sword.,1283,False,249.0,125.0,624.0,374.0,Black sword.png,Black sword
630,The blackened heart of the Grotesque Guardians.,21730,True,16600.0,5.0,41500.0,24900.0,Black tourmaline core.png,Black tourmaline core
631,A black toy horse.,2524,False,40.0,150.0,100.0,60.0,Black toy horsey.png,Black toy horsey
632,"A set containing a full helm, platebody, legs and kiteshield.",12992,False,1800.0,8.0,4500.0,2700.0,Black trimmed set (lg).png,Black trimmed set (lg)
633,"A set containing a full helm, platebody, skirt and kiteshield.",12994,False,1800.0,8.0,4500.0,2700.0,Black trimmed set (sk).png,Black trimmed set (sk)
634,Pointy shadows.,20266,True,400.0,4.0,1000.0,600.0,Black unicorn mask.png,Black unicorn mask
635,I don't think it's intended for joinery.,1341,False,392.0,125.0,980.0,588.0,Black warhammer.png,Black warhammer
636,There's a black warlock butterfly in here.,10014,True,28.0,125.0,70.0,42.0,Black warlock (item).png,Black warlock (item)
637,There's a black warlock butterfly in here.,29207,True,28.0,,70.0,42.0,Black warlock mix (1).png,Black warlock mix (1)
638,There's a black warlock butterfly in here.,29189,True,28.0,,70.0,42.0,Black warlock mix (2).png,Black warlock mix (2)
639,"A silly pointed hat, with colourful trim.",12453,False,1.0,4.0,2.0,1.0,Black wizard hat (g).png,Black wizard hat (g)
640,"A silly pointed hat, with colourful trim.",12455,False,1.0,4.0,2.0,1.0,Black wizard hat (t).png,Black wizard hat (t)
641,I can do magic better in this.,12449,False,6.0,4.0,15.0,9.0,Black wizard robe (g).png,Black wizard robe (g)
642,I can do magic better in this.,12451,False,6.0,4.0,15.0,9.0,Black wizard robe (t).png,Black wizard robe (t)
643,A smooth and rich Aldarin Red that's said to flutter on the tongue.,29944,True,120.0,,300.0,180.0,Blackbird red.png,Blackbird red
644,A helm worn by blacksmiths.,19988,True,1200.0,125.0,3000.0,1800.0,Blacksmith's helm.png,Blacksmith's helm
645,A magical elven sword.,23997,True,2000000.0,8.0,5000000.0,3000000.0,Blade of saeldor (inactive).png,Blade of saeldor (inactive)
646,"A large bark coloured blamish snail shell, looks protective.",3353,True,60.0,13000.0,150.0,90.0,Blamish bark shell.png,Blamish bark shell
647,"A large blue coloured blamish snail shell, looks protective.",3361,True,60.0,13000.0,150.0,90.0,Blamish blue shell (pointed).png,Blamish blue shell (pointed)
648,"A large blue coloured blamish snail shell, looks protective.",3351,True,60.0,13000.0,150.0,90.0,Blamish blue shell (round).png,Blamish blue shell (round)
649,"A large 'Myre' coloured blamish snail shell, looks protective.",3355,True,60.0,13000.0,150.0,90.0,Blamish myre shell (pointed).png,Blamish myre shell (pointed)
650,"A large 'Myre' coloured blamish snail shell, looks protective.",3345,True,60.0,13000.0,150.0,90.0,Blamish myre shell (round).png,Blamish myre shell (round)
651,"A large ochre coloured blamish snail shell, looks protective.",3359,True,60.0,13000.0,150.0,90.0,Blamish ochre shell (pointed).png,Blamish ochre shell (pointed)
652,"A large ochre coloured blamish snail shell, looks protective.",3349,True,60.0,13000.0,150.0,90.0,Blamish ochre shell (round).png,Blamish ochre shell (round)
653,"A large red and black blamish snail shell, looks protective.",3357,True,60.0,13000.0,150.0,90.0,Blamish red shell (pointed).png,Blamish red shell (pointed)
654,"A large red and black blamish snail shell, looks protective.",3347,True,60.0,13000.0,150.0,90.0,Blamish red shell (round).png,Blamish red shell (round)
655,An ethereal shield that has been blessed with holy powers.,12831,True,480000.0,8.0,1200000.0,720000.0,Blessed spirit shield.png,Blessed spirit shield
656,"Enough power for any Ice spell, blighted so it can be used only in the Wilderness.",24607,True,14.0,15000.0,35.0,21.0,Blighted ancient ice sack.png,Blighted ancient ice sack
657,"An unappetising fish, now blighted so it can be eaten only in the Wilderness.",24592,True,20.0,10000.0,50.0,30.0,Blighted anglerfish.png,Blighted anglerfish
658,"Enough power for a Bind, blighted so it can be used only in the Wilderness.",24609,True,1.0,10000.0,1.0,1.0,Blighted bind sack.png,Blighted bind sack
659,"Enough power for an Entangle, blighted so it can be used only in the Wilderness.",24613,True,12.0,15000.0,30.0,18.0,Blighted entangle sack.png,Blighted entangle sack
660,"A nutritious octopus, now blighted so it can be eaten only in the Wilderness.",24595,True,20.0,10000.0,50.0,30.0,Blighted karambwan.png,Blighted karambwan
661,"A rare catch, now blighted so it can be eaten only in the Wilderness.",24589,True,20.0,10000.0,50.0,30.0,Blighted manta ray.png,Blighted manta ray
662,1 dose of blighted overload potion.,29640,True,20.0,50.0,50.0,30.0,Blighted overload (1).png,Blighted overload (1)
663,2 doses of blighted overload potion.,29637,True,20.0,50.0,50.0,30.0,Blighted overload (2).png,Blighted overload (2)
664,3 doses of blighted overload potion.,29634,True,20.0,50.0,50.0,30.0,Blighted overload (3).png,Blighted overload (3)
665,4 doses of blighted overload potion.,29631,True,20.0,50.0,50.0,30.0,Blighted overload (4).png,Blighted overload (4)
666,"Enough power for a Snare, blighted so it can be used only in the Wilderness.",24611,True,1.0,10000.0,1.0,1.0,Blighted snare sack.png,Blighted snare sack
667,"4 doses of super restore potion, blighted so it can be used only in the Wilderness.",24598,True,16.0,2000.0,40.0,24.0,Blighted super restore(4).png,Blighted super restore(4)
668,"Enough power for a Teleblock or a Teleport to Target, blighted so it can be used only in the Wilderness.",24615,True,12.0,10000.0,32.0,19.0,Blighted teleport spell sack.png,Blighted teleport spell sack
669,"Enough power for a Vengeance, blighted so it can be used only in the Wilderness.",24621,True,12.0,10000.0,31.0,18.0,Blighted vengeance sack.png,Blighted vengeance sack
670,A blood-filled essence with magical properties.,26390,True,40000.0,500.0,100000.0,60000.0,Blood essence.png,Blood essence
671,"A set containing a Blood moon helm, Blood moon chestplate, Blood moon tassets and Dual macuahuitl.",31136,True,58000.0,,145000.0,87000.0,Blood moon armour set.png,Blood moon armour set
672,The chestplate of the Blood Moon.,29022,True,116004.0,15.0,290010.0,174006.0,Blood moon chestplate.png,Blood moon chestplate
673,The chestplate of the Blood Moon.,29067,True,116004.0,15.0,290010.0,174006.0,Blood moon chestplate (broken).png,Blood moon chestplate (broken)
674,The helm of the Blood Moon.,29028,True,41200.0,15.0,103000.0,61800.0,Blood moon helm.png,Blood moon helm
675,The helm of the Blood Moon.,29073,True,41200.0,15.0,103000.0,61800.0,Blood moon helm (broken).png,Blood moon helm (broken)
676,The tassets of the Blood Moon.,29025,True,115964.0,15.0,289910.0,173946.0,Blood moon tassets.png,Blood moon tassets
677,The tassets of the Blood Moon.,29070,True,115964.0,15.0,289910.0,173946.0,Blood moon tassets (broken).png,Blood moon tassets (broken)
678,It's literally a pint of blood.,24774,True,1.0,2000.0,2.0,1.0,Blood pint.png,Blood pint
679,Used for high level missile spells.,565,True,160.0,25000.0,400.0,240.0,Blood rune.png,Blood rune
680,A magical shard filled with a dark power.,24777,True,80000.0,8.0,200000.0,120000.0,Blood shard.png,Blood shard
681,A mysterious power emanates from the talisman...,1450,True,1.0,,4.0,2.0,Blood talisman.png,Blood talisman
682,A tiara infused with the properties of blood.,5549,True,200.0,,500.0,300.0,Blood tiara.png,Blood tiara
683,A red and black Snail shell helmet.,3329,True,120.0,150.0,300.0,180.0,Blood'n'tar snelm.png,Blood'n'tar snelm
684,"A set containing a Bloodbark helm, Bloodbark body, Bloodbark legs, Bloodbark boots and Bloodbark gloves.",31163,True,58000.0,,145000.0,87000.0,Bloodbark armour set.png,Bloodbark armour set
685,Keeps my chest protected.,25404,True,48000.0,70.0,120000.0,72000.0,Bloodbark body.png,Bloodbark body
686,Great foot protection.,25410,True,4000.0,,10000.0,6000.0,Bloodbark boots.png,Bloodbark boots
687,These should protect my hands.,25407,True,4000.0,70.0,10000.0,6000.0,Bloodbark gauntlets.png,Bloodbark gauntlets
688,A rather interesting smelling helmet.,25413,True,6000.0,,15000.0,9000.0,Bloodbark helm.png,Bloodbark helm
689,Strong leg protection.,25416,True,32000.0,70.0,80000.0,48000.0,Bloodbark legs.png,Bloodbark legs
690,A coagulated concoction.,22430,True,4.0,2000.0,10.0,6.0,Bloody bracer.png,Bloody bracer
691,Parlez-vous francais?,2633,True,32.0,4.0,80.0,48.0,Blue beret.png,Blue beret
692,Stylish!,7325,True,90.0,4.0,225.0,135.0,Blue boater.png,Blue boater
693,"They're soft, silky and blue.",630,True,80.0,150.0,200.0,120.0,Blue boots.png,Blue boots
694,A thick blue cape.,1021,False,12.0,150.0,32.0,19.0,Blue cape.png,Blue cape
695,You'll need something to break through that shell.,31674,True,50.0,,125.0,75.0,Blue crab.png,Blue crab
696,This looks tricky to eat.,31695,True,60.0,,150.0,90.0,Blue crab meat.png,Blue crab meat
697,Made from 100% real dragonhide.,2499,True,3744.0,125.0,9360.0,5616.0,Blue d'hide body.png,Blue d'hide body
698,Made from 100% real dragonhide. With colourful trim!,7374,True,3744.0,8.0,9360.0,5616.0,Blue d'hide body (g).png,Blue d'hide body (g)
699,Made from 100% real dragonhide. With colourful trim!,7376,True,3744.0,8.0,9360.0,5616.0,Blue d'hide body (t).png,Blue d'hide body (t)
700,Made from 100% real dragonhide.,2493,True,1728.0,125.0,4320.0,2592.0,Blue d'hide chaps.png,Blue d'hide chaps
701,Made from 100% real dragonhide. With colourful trim!,7382,True,1728.0,8.0,4320.0,2592.0,Blue d'hide chaps (g).png,Blue d'hide chaps (g)
702,Made from 100% real dragonhide. With colourful trim!,7384,True,1728.0,8.0,4320.0,2592.0,Blue d'hide chaps (t).png,Blue d'hide chaps (t)
703,A solid yew shield covered in blue dragon leather.,22278,True,3000.0,125.0,7500.0,4500.0,Blue d'hide shield.png,Blue d'hide shield
704,Vambraces made from 100% real dragonhide.,2487,True,1200.0,125.0,3000.0,1800.0,Blue d'hide vambraces.png,Blue d'hide vambraces
705,Paints things blue!,12757,True,1.0,4.0,1.0,1.0,Blue dark bow paint.png,Blue dark bow paint
706,It's a piece of prepared blue dragonhide.,2505,True,28.0,13000.0,70.0,42.0,Blue dragon leather.png,Blue dragon leather
707,Do I look scary?,12520,True,4000.0,4.0,10000.0,6000.0,Blue dragon mask.png,Blue dragon mask
708,A large shiny scale.,243,True,20.0,13000.0,50.0,30.0,Blue dragon scale.png,Blue dragon scale
709,The scaly rough hide from a Blue Dragon.,1751,True,56.0,13000.0,140.0,84.0,Blue dragonhide.png,Blue dragonhide
710,"A set containing a blue dragonhide body, chaps and vambraces.",12867,True,2000.0,125.0,5000.0,3000.0,Blue dragonhide set.png,Blue dragonhide set
711,A little bottle of blue dye.,1767,False,2.0,150.0,5.0,3.0,Blue dye.png,Blue dye
712,A well made elegant ladies' blue blouse.,10428,True,800.0,4.0,2000.0,1200.0,Blue elegant blouse.png,Blue elegant blouse
713,A rather elegant pair of men's blue pantaloons.,10410,True,800.0,4.0,2000.0,1200.0,Blue elegant legs.png,Blue elegant legs
714,A well made elegant men's blue shirt.,10408,True,800.0,4.0,2000.0,1200.0,Blue elegant shirt.png,Blue elegant shirt
715,A rather elegant blue skirt.,10430,True,800.0,4.0,2000.0,1200.0,Blue elegant skirt.png,Blue elegant skirt
716,A cool blue feather.,10089,True,6.0,8000.0,16.0,9.0,Blue feather.png,Blue feather
717,Makes firelighting a lot easier.,7331,True,6.0,250.0,15.0,9.0,Blue firelighter.png,Blue firelighter
718,A posy of flowers.,2464,True,40.0,150.0,100.0,60.0,Blue flowers.png,Blue flowers
719,Aaaarrrghhh ... I'm a monster.,1055,False,6.0,5.0,15.0,9.0,Blue halloween mask.png,Blue halloween mask
720,A silly blue pointed hat.,660,True,64.0,150.0,160.0,96.0,Blue hat.png,Blue hat
721,A minimalist's hat.,12301,True,16.0,4.0,40.0,24.0,Blue headband.png,Blue headband
722,"A set containing a Blue moon helm, Blue moon chestplate, Blue moon tassets and Blue moon spear.",31139,True,58000.0,,145000.0,87000.0,Blue moon armour set.png,Blue moon armour set
723,The chestplate of the Blue Moon.,29013,True,116004.0,15.0,290010.0,174006.0,Blue moon chestplate.png,Blue moon chestplate
724,The chestplate of the Blue Moon.,29058,True,116004.0,15.0,290010.0,174006.0,Blue moon chestplate (broken).png,Blue moon chestplate (broken)
725,The helm of the Blue Moon.,29019,True,41200.0,15.0,103000.0,61800.0,Blue moon helm.png,Blue moon helm
726,The helm of the Blue Moon.,29064,True,41200.0,15.0,103000.0,61800.0,Blue moon helm (broken).png,Blue moon helm (broken)
727,A magical staff of ancient origin...,28988,True,40000.0,15.0,100000.0,60000.0,Blue moon spear.png,Blue moon spear
728,The tassets of the Blue Moon.,29016,True,115964.0,15.0,289910.0,173946.0,Blue moon tassets.png,Blue moon tassets
729,The tassets of the Blue Moon.,29061,True,115964.0,15.0,289910.0,173946.0,Blue moon tassets (broken).png,Blue moon tassets (broken)
730,A nice hat from a cracker.,1042,False,1.0,5.0,1.0,1.0,Blue partyhat.png,Blue partyhat
731,Made by Tree Gnomes with a thing for blue.,650,True,72.0,150.0,180.0,108.0,Blue robe bottoms.png,Blue robe bottoms
732,"The ultimate in gnome design, now in blue!",640,True,72.0,150.0,180.0,108.0,Blue robe top.png,Blue robe top
733,Leg covering favoured by women and wizards.,1011,False,1.0,150.0,2.0,1.0,Blue skirt.png,Blue skirt
734,Leg covering favoured by women and wizards. With a colourful trim!,7386,False,1.0,4.0,2.0,1.0,Blue skirt (g).png,Blue skirt (g)
735,Leg covering favoured by women and wizards. With a colourful trim!,7388,False,1.0,4.0,2.0,1.0,Blue skirt (t).png,Blue skirt (t)
736,Vambraces made from 100% real dragonhide. Now with added spikiness.,10081,True,1200.0,125.0,3000.0,1800.0,Blue spiky vambraces.png,Blue spiky vambraces
737,A silly pointed hat.,579,False,1.0,125.0,2.0,1.0,Blue wizard hat.png,Blue wizard hat
738,"A silly pointed hat, with colourful trim.",7394,False,1.0,4.0,2.0,1.0,Blue wizard hat (g).png,Blue wizard hat (g)
739,"A silly pointed hat, with colourful trim.",7396,False,1.0,4.0,2.0,1.0,Blue wizard hat (t).png,Blue wizard hat (t)
740,I can do magic better in this.,577,False,6.0,125.0,15.0,9.0,Blue wizard robe.png,Blue wizard robe
741,I can do magic better in this.,7390,False,6.0,4.0,15.0,9.0,Blue wizard robe (g).png,Blue wizard robe (g)
742,I can do magic better in this.,7392,False,6.0,4.0,15.0,9.0,Blue wizard robe (t).png,Blue wizard robe (t)
743,Some nicely cooked bluefin.,32344,True,68.0,,170.0,102.0,Bluefin.png,Bluefin
744,A large Bluegill.,22826,True,1.0,13000.0,3.0,1.0,Bluegill.png,Bluegill
745,Looks good... smells strong.,2064,True,12.0,2000.0,30.0,18.0,Blurberry special.png,Blurberry special
746,One has been poured out for (sailing with) the boys.,31989,True,200.0,100.0,500.0,300.0,Boat bottle (empty).png,Boat bottle (empty)
747,'Bob says: A bank pin will keep your items secure.',10322,True,1.0,4.0,3.0,1.0,Bob's black shirt.png,Bob's black shirt
748,'Bob says: Always check the second trade screen.',10318,True,1.0,4.0,3.0,1.0,Bob's blue shirt.png,Bob's blue shirt
749,'Bob says: Never trade in the wilderness!',10320,True,1.0,4.0,3.0,1.0,Bob's green shirt.png,Bob's green shirt
750,'Bob says: Keep your computer keylogger free and virus scanned.',10324,True,1.0,4.0,3.0,1.0,Bob's purple shirt.png,Bob's purple shirt
751,'Bob says: Never give your password out to anyone.',10316,True,1.0,4.0,3.0,1.0,Bob's red shirt.png,Bob's red shirt
752,Used for curse spells.,559,False,1.0,18000.0,3.0,1.0,Body rune.png,Body rune
753,A mysterious power emanates from the talisman...,1446,False,1.0,11000.0,4.0,2.0,Body talisman.png,Body talisman
754,A tiara infused with the properties of the body.,5533,False,40.0,40.0,100.0,60.0,Body tiara.png,Body tiara
755,A mould for creating silver crossbow bolts.,9434,True,10.0,40.0,25.0,15.0,Bolt mould.png,Bolt mould
756,A bolt of canvas.,31475,True,40.0,13000.0,100.0,60.0,Bolt of canvas.png,Bolt of canvas
757,A bolt of ordinary cloth.,8790,True,200.0,13000.0,500.0,300.0,Bolt of cloth.png,Bolt of cloth
758,A bolt of cotton.,31478,True,160.0,13000.0,400.0,240.0,Bolt of cotton.png,Bolt of cotton
759,A bolt of linen.,31472,True,8.0,13000.0,20.0,12.0,Bolt of linen.png,Bolt of linen
760,Must need a special type of crossbow to use this.,4740,True,20.0,11000.0,50.0,30.0,Bolt rack 5.png,Bolt rack
761,Good if you have a bone crossbow!,8882,True,1.0,11000.0,3.0,1.0,Bone bolts 5.png,Bone bolts
762,Basic but brutal!,5018,True,240.0,4.0,600.0,360.0,Bone club.png,Bone club
763,A powerful dagger.,8872,True,800.0,70.0,2000.0,1200.0,Bone dagger.png,Bone dagger
764,A powerful dagger.,8874,True,800.0,70.0,2000.0,1200.0,Bone dagger (p).png,Bone dagger (p)
765,A powerful dagger.,8876,True,800.0,70.0,2000.0,1200.0,Bone dagger (p+).png,Bone dagger (p+)
766,A powerful dagger.,8878,True,800.0,70.0,2000.0,1200.0,Bone dagger (p++).png,Bone dagger (p++)
767,Ground down bone fragments.,25139,False,1.0,500.0,1.0,1.0,Bone fragments 5.png,Bone fragments
768,Basic but brutal!,5016,True,240.0,4.0,600.0,360.0,Bone spear.png,Bone spear
769,Bones are for burying!,526,False,1.0,3000.0,1.0,1.0,Bones.png,Bones
770,A tablet containing a magic spell.,8014,True,1.0,10000.0,1.0,1.0,Bones to bananas (tablet).png,Bones to bananas (tablet)
771,A tablet containing a magic spell.,8015,True,1.0,10000.0,1.0,1.0,Bones to peaches (tablet).png,Bones to peaches (tablet)
772,A set containing the four pages of Guthix's Book of Balance.,13153,True,2800.0,5.0,7000.0,4200.0,Book of balance page set.png,Book of balance page set
773,A set containing the four pages of the Ancient Book of Darkness.,13159,True,3000.0,5.0,7500.0,4500.0,Book of darkness page set.png,Book of darkness page set
774,A set containing the four pages of Armadyl's Book of Law.,13157,True,3000.0,5.0,7500.0,4500.0,Book of law page set.png,Book of law page set
775,A set containing the four pages of Bandos' Book of War.,13155,True,3000.0,5.0,7500.0,4500.0,Book of war page set.png,Book of war page set
776,How does it all fit in there?,8510,True,4.0,500.0,10.0,6.0,Bookcase (flatpack).png,Bookcase (flatpack)
777,A pair of heat resistant boots charged with the claw of the ferocious Drake.,22951,True,8000.0,70.0,20000.0,12000.0,Boots of brimstone.png,Boots of brimstone
778,A dark power is woven into these boots.,20140,True,4000.0,70.0,10000.0,6000.0,Boots of darkness.png,Boots of darkness
779,A pair of heat resistant boots with rocky soles.,23037,True,80.0,125.0,200.0,120.0,Boots of stone.png,Boots of stone
780,Mmm botanical pie.,19662,True,12.0,10000.0,30.0,18.0,Botanical pie.png,Botanical pie
781,A very good vintage.,7919,True,200.0,10000.0,500.0,300.0,Bottle of wine.png,Bottle of wine
782,Several dragonfruit were squeezed into this vial and it has been powered by the fires of Mount Karuulm.,23002,True,200.0,50.0,500.0,300.0,Bottled dragonbreath.png,Bottled dragonbreath
783,Several dragonfruit were squeezed into this vial.,22999,True,200.0,50.0,500.0,300.0,Bottled dragonbreath (unpowered).png,Bottled dragonbreath (unpowered)
784,A violently shaking container containing the furious power of the sea.,31949,True,3200.0,,8000.0,4800.0,Bottled storm.png,Bottled storm
785,It's a bucket that can hold a lot of compost at once.,22994,True,18000.0,5.0,45000.0,27000.0,Bottomless compost bucket.png,Bottomless compost bucket
786,A crate full of supplies.,30576,True,4000.0,,10000.0,6000.0,Bounty supply crate (unobtainable item).png,Bounty supply crate
787,A crate full of supplies.,30619,True,,100.0,10000.0,,Bounty supply crate (anglerfish).png,Bounty supply crate (anglerfish)
788,A crate full of supplies.,30616,True,,100.0,10000.0,,Bounty supply crate (manta ray).png,Bounty supply crate (manta ray)
789,A magical elven bow.,25862,True,2000000.0,,5000000.0,3000000.0,Bow of faerdhinen (inactive).png,Bow of faerdhinen (inactive)
790,I need a bow stave to attach this to.,1777,True,4.0,13000.0,10.0,6.0,Bow string.png,Bow string
791,Useful for mixing things.,1923,False,1.0,13000.0,4.0,2.0,Bowl.png,Bowl
792,It's a bowl of hot water.,4456,True,4.0,13000.0,10.0,6.0,Bowl of hot water.png,Bowl of hot water
793,It's a bowl of water.,1921,False,1.0,13000.0,4.0,2.0,Bowl of water.png,Bowl of water
794,The bowl wig.,20110,True,1.0,4.0,1.0,1.0,Bowl wig.png,Bowl wig
795,"If a creature goes inside, the box should then slam shut.",10008,True,12.0,250.0,32.0,19.0,Box trap.png,Box trap
796,Used to make gold bracelets.,11065,True,2.0,40.0,5.0,3.0,Bracelet mould.png,Bracelet mould
797,Now I can become a potter.,11074,True,506.0,10000.0,1265.0,759.0,Bracelet of clay.png,Bracelet of clay
798,The bracelet is dull and powerless.,21817,True,28800.0,10000.0,72000.0,43200.0,Bracelet of ethereum.png,Bracelet of ethereum (uncharged)
799,Occasionally prevents slayer kill count being decremented.,21183,True,1000.0,15000.0,2500.0,1500.0,Bracelet of slaughter.png,Bracelet of slaughter
800,A strong spirit best served in a large glass.,2021,True,2.0,13000.0,5.0,3.0,Brandy.png,Brandy
801,Opens a door that leads into a dungeon.,983,False,1.0,15.0,1.0,1.0,Brass key.png,Brass key
802,I'd prefer a gold one.,1009,False,12.0,150.0,30.0,18.0,Brass necklace.png,Brass necklace
803,Nice crispy bread.,2309,False,4.0,6000.0,12.0,7.0,Bread.png,Bread
804,Some uncooked dough.,2307,False,1.0,13000.0,4.0,2.0,Bread dough.png,Bread dough
805,For your first day in the big city.,12335,True,266.0,4.0,666.0,399.0,Briefcase.png,Briefcase
806,A well balanced ring that aids in piercing magic defence.,22975,True,4000.0,8.0,10000.0,6000.0,Brimstone ring.png,Brimstone ring
807,A salty sword.,11037,True,10400.0,8.0,26000.0,15600.0,Brine sabre.png,Brine sabre
808,Arrowheads with broad tips.,11874,True,22.0,7000.0,55.0,33.0,Broad arrowheads 5.png,Broad arrowheads
809,Crossbow bolts with broad tips.,11875,True,22.0,7000.0,55.0,33.0,Broad bolts 5.png,Broad bolts
810,A broken antler from a custodian stalker.,31086,True,20.0,,52.0,31.0,Broken antler.png,Broken antler
811,An orange and bark coloured snail shell helmet.,3335,True,120.0,150.0,300.0,180.0,Broken bark snelm.png,Broken bark snelm
812,The item to make into a hasta.,22963,True,24960.0,70.0,62400.0,37440.0,Broken dragon hasta.png,Broken dragon hasta
813,A broken hook from an exquisite salvaging hook.,31961,True,3200.0,,8000.0,4800.0,Broken dragon hook.png,Broken dragon hook
814,An old rusty axe. It needs repairing before it can be used.,28813,True,64000.0,,160000.0,96000.0,Broken zombie axe.png,Broken zombie axe
815,An old rusty helmet. It needs repairing before it can be used.,30324,True,64000.0,70.0,160000.0,96000.0,Broken zombie helmet.png,Broken zombie helmet
816,A two handed sword.,1307,False,32.0,125.0,80.0,48.0,Bronze 2h sword.png,Bronze 2h sword
817,Arrows with bronze heads.,882,False,1.0,7000.0,1.0,1.0,Bronze arrow 5.png,Bronze arrow
818,Venomous-looking arrows.,883,True,1.0,7000.0,1.0,1.0,Bronze arrow(p) 5.png,Bronze arrow(p)
819,Venomous-looking arrows.,5616,True,1.0,7000.0,1.0,1.0,Bronze arrow(p+) 5.png,Bronze arrow(p+)
820,Venomous-looking arrows.,5622,True,1.0,7000.0,1.0,1.0,Bronze arrow(p++) 5.png,Bronze arrow(p++)
821,I can make some arrows with these.,39,True,1.0,10000.0,1.0,1.0,Bronze arrowtips.png,Bronze arrowtips
822,A woodcutter's axe.,1351,False,6.0,40.0,16.0,9.0,Bronze axe.png,Bronze axe
823,It's a bar of bronze.,2349,False,3.0,10000.0,8.0,4.0,Bronze bar.png,Bronze bar
824,A vicious looking axe.,1375,False,20.0,125.0,52.0,31.0,Bronze battleaxe.png,Bronze battleaxe
825,Bronze crossbow bolts.,877,False,1.0,7000.0,0.0,1.0,Bronze bolts 5.png,Bronze bolts
826,Some poisoned bronze bolts.,878,True,1.0,11000.0,0.0,1.0,Bronze bolts (p) 5.png,Bronze bolts (p)
827,Some poisoned bronze bolts.,6061,True,1.0,11000.0,0.0,1.0,Bronze bolts (p+) 5.png,Bronze bolts (p+)
828,Super poisoned bronze bolts.,6062,True,1.0,11000.0,0.0,1.0,Bronze bolts (p++) 5.png,Bronze bolts (p++)
829,Unfeathered bronze crossbow bolts.,9375,True,1.0,13000.0,1.0,1.0,Bronze bolts (unf) 5.png,Bronze bolts (unf)
830,These will protect my feet.,4119,True,9.0,125.0,24.0,14.0,Bronze boots.png,Bronze boots
831,Blunt bronze arrow... ouch.,4773,True,2.0,11000.0,5.0,3.0,Bronze brutal 5.png,Bronze brutal
832,Ammo suited for a boat's cannon.,31906,True,1.0,11000.0,2.0,1.0,Bronze cannonball.png,Bronze cannonball
833,A series of connected metal rings.,1103,False,24.0,125.0,60.0,36.0,Bronze chainbody.png,Bronze chainbody
834,A set of fighting claws.,3095,True,6.0,125.0,15.0,9.0,Bronze claws.png,Bronze claws
835,A bronze crossbow.,9174,True,29.0,125.0,73.0,43.0,Bronze crossbow.png,Bronze crossbow
836,An unstrung bronze crossbow.,9454,True,16.0,10000.0,40.0,24.0,Bronze crossbow (u).png,Bronze crossbow (u)
837,Short but pointy.,1205,False,4.0,125.0,10.0,6.0,Bronze dagger.png,Bronze dagger
838,This dagger is poisoned.,1221,True,4.0,125.0,10.0,6.0,Bronze dagger(p).png,Bronze dagger(p)
839,This dagger is poisoned.,5670,True,4.0,125.0,10.0,6.0,Bronze dagger(p+).png,Bronze dagger(p+)
840,This dagger is poisoned.,5688,True,4.0,125.0,10.0,6.0,Bronze dagger(p++).png,Bronze dagger(p++)
841,A deadly throwing dart with a bronze tip.,806,True,1.0,7000.0,1.0,1.0,Bronze dart.png,Bronze dart
842,A deadly looking dart tip made of bronze - needs feathers for flight.,819,True,1.0,13000.0,1.0,1.0,Bronze dart tip.png,Bronze dart tip
843,A deadly poisoned dart with a bronze tip.,812,True,1.0,7000.0,1.0,1.0,Bronze dart(p).png,Bronze dart(p)
844,A deadly poisoned dart with a bronze tip.,5628,True,1.0,7000.0,1.0,1.0,Bronze dart(p+).png,Bronze dart(p+)
845,A deadly poisoned dart with a bronze tip.,5635,True,1.0,7000.0,1.0,1.0,Bronze dart(p++).png,Bronze dart(p++)
846,Do I look scary?,12363,True,4000.0,4.0,10000.0,6000.0,Bronze dragon mask.png,Bronze dragon mask
847,A woodcutter's axe.,28196,True,6.0,,16.0,9.0,Bronze felling axe.png,Bronze felling axe
848,A full face helmet.,1155,False,17.0,125.0,44.0,26.0,Bronze full helm.png,Bronze full helm
849,Bronze full helm with gold trim.,12211,False,19.0,4.0,48.0,28.0,Bronze full helm (g).png,Bronze full helm (g)
850,Bronze full helm with trim.,12221,False,19.0,4.0,48.0,28.0,Bronze full helm (t).png,Bronze full helm (t)
851,"A set containing a full helm, platebody, legs and kiteshield.",12968,False,80.0,8.0,200.0,120.0,Bronze gold-trimmed set (lg).png,Bronze gold-trimmed set (lg)
852,"A set containing a full helm, platebody, skirt and kiteshield.",12970,False,80.0,8.0,200.0,120.0,Bronze gold-trimmed set (sk).png,Bronze gold-trimmed set (sk)
853,A bronze halberd.,3190,True,32.0,125.0,80.0,48.0,Bronze halberd.png,Bronze halberd
854,"A bronze-tipped, one-handed hasta.",11367,True,10.0,125.0,26.0,15.0,Bronze hasta.png,Bronze hasta
855,"A poison tipped, one-handed bronze hasta.",11379,True,10.0,125.0,26.0,15.0,Bronze hasta(p).png,Bronze hasta(p)
856,"A poison tipped, one-handed bronze hasta.",11382,True,10.0,125.0,26.0,15.0,Bronze hasta(p+).png,Bronze hasta(p+)
857,"A poison-tipped, one-handed bronze hasta.",11384,True,10.0,125.0,26.0,15.0,Bronze hasta(p++).png,Bronze hasta(p++)
858,A bronze tipped javelin.,825,True,1.0,7000.0,4.0,2.0,Bronze javelin.png,Bronze javelin
859,Needs a shaft.,19570,True,10.0,10000.0,25.0,15.0,Bronze javelin tips 5.png,Bronze javelin tips
860,A bronze tipped javelin.,831,True,1.0,7000.0,4.0,2.0,Bronze javelin(p).png,Bronze javelin(p)
861,A bronze tipped javelin.,5642,True,1.0,7000.0,4.0,2.0,Bronze javelin(p+).png,Bronze javelin(p+)
862,A bronze tipped javelin.,5648,True,1.0,7000.0,4.0,2.0,Bronze javelin(p++).png,Bronze javelin(p++)
863,Parts for creating a bronze keel for a boat.,31999,True,14.0,100.0,35.0,21.0,Bronze keel parts.png,Bronze keel parts
864,A large metal shield.,1189,False,27.0,125.0,68.0,40.0,Bronze kiteshield.png,Bronze kiteshield
865,Bronze kiteshield with gold trim.,12213,False,25.0,4.0,64.0,38.0,Bronze kiteshield (g).png,Bronze kiteshield (g)
866,Bronze kiteshield with trim.,12223,False,25.0,4.0,64.0,38.0,Bronze kiteshield (t).png,Bronze kiteshield (t)
867,A finely balanced throwing knife.,864,True,1.0,7000.0,1.0,1.0,Bronze knife.png,Bronze knife
868,A finely balanced throwing knife.,870,True,1.0,7000.0,1.0,1.0,Bronze knife(p).png,Bronze knife(p)
869,A finely balanced throwing knife.,5654,True,1.0,7000.0,1.0,1.0,Bronze knife(p+).png,Bronze knife(p+)
870,A finely balanced throwing knife.,5661,True,1.0,7000.0,1.0,1.0,Bronze knife(p++).png,Bronze knife(p++)
871,A pair of bronze crossbow limbs.,9420,True,8.0,10000.0,20.0,12.0,Bronze limbs.png,Bronze limbs
872,Perhaps someone can do something with this.,25442,True,320.0,8.0,800.0,480.0,Bronze locks.png,Bronze locks
873,A razor sharp longsword.,1291,False,16.0,125.0,40.0,24.0,Bronze longsword.png,Bronze longsword
874,A spiky mace.,1422,False,7.0,125.0,18.0,10.0,Bronze mace.png,Bronze mace
875,A medium sized helmet.,1139,False,9.0,125.0,24.0,14.0,Bronze med helm.png,Bronze med helm
876,Keeps things in place fairly permanently.,4819,True,1.0,13000.0,2.0,1.0,Bronze nails.png,Bronze nails
877,Used for mining.,1265,False,1.0,40.0,1.0,1.0,Bronze pickaxe.png,Bronze pickaxe
878,Provides excellent protection.,1117,False,64.0,125.0,160.0,96.0,Bronze platebody.png,Bronze platebody
879,Bronze platebody with gold trim.,12205,False,64.0,4.0,160.0,96.0,Bronze platebody (g).png,Bronze platebody (g)
880,Bronze platebody with trim.,12215,False,64.0,4.0,160.0,96.0,Bronze platebody (t).png,Bronze platebody (t)
881,These look pretty heavy.,1075,False,32.0,125.0,80.0,48.0,Bronze platelegs.png,Bronze platelegs
882,Bronze platelegs with gold trim.,12207,False,32.0,4.0,80.0,48.0,Bronze platelegs (g).png,Bronze platelegs (g)
883,Bronze platelegs with trim.,12217,False,32.0,4.0,80.0,48.0,Bronze platelegs (t).png,Bronze platelegs (t)
884,Designer leg protection.,1087,False,32.0,125.0,80.0,48.0,Bronze plateskirt.png,Bronze plateskirt
885,Bronze plateskirt with gold trim.,12209,False,32.0,4.0,80.0,48.0,Bronze plateskirt (g).png,Bronze plateskirt (g)
886,Bronze plateskirt with trim.,12219,False,32.0,4.0,80.0,48.0,Bronze plateskirt (t).png,Bronze plateskirt (t)
887,"A vicious, curved sword.",1321,False,12.0,125.0,32.0,19.0,Bronze scimitar.png,Bronze scimitar
888,"A set containing a full helm, platebody, legs and kiteshield.",12960,False,80.0,8.0,200.0,120.0,Bronze set (lg).png,Bronze set (lg)
889,"A set containing a full helm, platebody, skirt and kiteshield.",12962,False,80.0,8.0,200.0,120.0,Bronze set (sk).png,Bronze set (sk)
890,A bronze tipped spear.,1237,True,10.0,125.0,26.0,15.0,Bronze spear.png,Bronze spear
891,A poisoned bronze tipped spear.,1251,True,10.0,125.0,26.0,15.0,Bronze spear(p).png,Bronze spear(p)
892,A poisoned bronze tipped spear.,5704,True,10.0,125.0,26.0,15.0,Bronze spear(p+).png,Bronze spear(p+)
893,A poisoned bronze tipped spear.,5718,True,10.0,125.0,26.0,15.0,Bronze spear(p++).png,Bronze spear(p++)
894,A medium square shield.,1173,False,19.0,125.0,48.0,28.0,Bronze sq shield.png,Bronze sq shield
895,A razor sharp sword.,1277,False,10.0,125.0,26.0,15.0,Bronze sword.png,Bronze sword
896,A finely balanced throwing axe.,800,True,1.0,7000.0,3.0,1.0,Bronze thrownaxe.png,Bronze thrownaxe
897,"A set containing a full helm, platebody, legs and kiteshield.",12964,False,80.0,8.0,200.0,120.0,Bronze trimmed set (lg).png,Bronze trimmed set (lg)
898,"A set containing a full helm, platebody, skirt and kiteshield.",12966,False,80.0,8.0,200.0,120.0,Bronze trimmed set (sk).png,Bronze trimmed set (sk)
899,I don't think it's intended for joinery.,1337,False,18.0,125.0,47.0,28.0,Bronze warhammer.png,Bronze warhammer
900,Useful for Crafting items.,1794,True,8.0,15.0,20.0,12.0,Bronze wire.png,Bronze wire
901,A scary broodoo shield.,6259,True,1200.0,125.0,3000.0,1800.0,Broodoo shield (combat).png,Broodoo shield (10) (combat)
902,A scary broodoo shield.,6237,True,1200.0,125.0,3000.0,1800.0,Broodoo shield (disease).png,Broodoo shield (10) (disease)
903,A scary broodoo shield.,6215,True,1200.0,125.0,3000.0,1800.0,Broodoo shield (poison).png,Broodoo shield (10) (poison)
904,A scary broodoo shield.,6279,True,1200.0,125.0,3000.0,1800.0,Broodoo shield (combat).png,Broodoo shield (combat)
905,A scary broodoo shield.,6257,True,1200.0,125.0,3000.0,1800.0,Broodoo shield (disease).png,Broodoo shield (disease)
906,A scary broodoo shield.,6235,True,1200.0,125.0,3000.0,1800.0,Broodoo shield (poison).png,Broodoo shield (poison)
907,A mostly clean apron.,1757,False,1.0,40.0,2.0,1.0,Brown apron.png,Brown apron
908,A minimalist's hat.,2649,True,16.0,4.0,40.0,24.0,Brown headband.png,Brown headband
909,A brown toy horse.,2520,False,40.0,150.0,100.0,60.0,Brown toy horsey.png,Brown toy horsey
910,A moody blue snail shell helmet.,3333,True,120.0,150.0,300.0,180.0,Bruise blue snelm.png,Bruise blue snelm
911,Ready to infuse a Battlestaff with the power of Nature.,22372,False,2800.0,100.0,7000.0,4200.0,Bryophyta's essence.png,Bryophyta's essence
912,"It's a slightly magical stick. All natural, of course.",22368,False,26000.0,8.0,65000.0,39000.0,Bryophyta's staff (uncharged).png,Bryophyta's staff (uncharged)
913,It's a wooden bucket.,1925,False,1.0,13000.0,2.0,1.0,Bucket.png,Bucket
914,A helm made from a bucket.,19991,True,5600.0,4.0,14000.0,8400.0,Bucket helm.png,Bucket helm
915,A helm made from a golden bucket.,20059,True,5600.0,4.0,14000.0,8400.0,Bucket helm (g).png,Bucket helm (g)
916,It's a bucket of milk.,1927,False,2.0,13000.0,6.0,3.0,Bucket of milk.png,Bucket of milk
917,One of the ingredients for making glass.,1783,True,1.0,13000.0,2.0,1.0,Bucket of sand.png,Bucket of sand
918,It's a bucket of sap.,4687,True,12.0,15.0,30.0,18.0,Bucket of sap.png,Bucket of sap
919,It's a bucket of water.,1929,False,2.0,13000.0,6.0,3.0,Bucket of water.png,Bucket of water
920,It's a bucket of wax.,30,True,2.0,15.0,6.0,3.0,Bucket of wax.png,Bucket of wax
921,A sturdy steel lantern.,4548,True,168.0,10000.0,420.0,252.0,Bullseye lantern.png,Bullseye lantern
922,You need to add lamp oil before you can use it.,4546,True,160.0,10000.0,400.0,240.0,Bullseye lantern (empty).png,Bullseye lantern (empty)
923,You need to add a lens before you can use it.,4544,True,120.0,10000.0,300.0,180.0,Bullseye lantern (unf).png,Bullseye lantern (unf)
924,Useful teleports around the wilderness.,21166,True,500.0,10000.0,1250.0,750.0,Burning amulet.png,Burning amulet(5)
925,"An intact, lightly smouldering claw.",29574,True,160000.0,8.0,400000.0,240000.0,Burning claw.png,Burning claw
926,Torn from the hands of ancient demons.,29577,True,320000.0,8.0,800000.0,480000.0,Burning claws.png,Burning claws
927,Bones are for burying!,528,False,1.0,3000.0,1.0,1.0,Burnt bones.png,Burnt bones
928,It's still warm to the touch.,20718,True,80.0,11000.0,200.0,120.0,Burnt page.png,Burnt page
929,It's got little holes in the top.,10012,True,1.0,40.0,1.0,1.0,Butterfly jar.png,Butterfly jar
930,For catching butterflies...,10010,True,8.0,125.0,20.0,12.0,Butterfly net.png,Butterfly net
931,Yuck I don't like cabbage.,1965,False,1.0,6000.0,1.0,1.0,Cabbage.png,Cabbage
932,An adamant shield shaped like a cabbage.,20272,True,1200.0,125.0,3000.0,1800.0,Cabbage round shield.png,Cabbage round shield
933,A cabbage seed - plant in an allotment.,5324,True,1.0,600.0,3.0,1.0,Cabbage seed 5.png,Cabbage seed
934,There are 10 cabbages in this sack.,5478,True,1.0,600.0,1.0,1.0,Cabbages(10).png,Cabbages(10)
935,A Cactus seed - plant in a cactus patch.,5280,True,39.0,200.0,99.0,59.0,Cactus seed 5.png,Cactus seed
936,Don't prick yourself with this.,6016,True,1.0,11000.0,1.0,1.0,Cactus spine.png,Cactus spine
937,A powerful herb.,265,True,26.0,11000.0,65.0,39.0,Cadantine.png,Cadantine
938,I need another ingredient to finish this blood potion.,22443,True,66.0,10000.0,165.0,99.0,Cadantine blood potion (unf).png,Cadantine blood potion (unf)
939,I need another ingredient to finish this Cadantine potion.,107,True,26.0,10000.0,65.0,39.0,Cadantine potion (unf).png,Cadantine potion (unf)
940,A cadantine seed - plant in a herb patch.,5301,True,2.0,200.0,7.0,4.0,Cadantine seed 5.png,Cadantine seed
941,Poisonous berries.,753,False,1.0,600.0,1.0,1.0,Cadava berries.png,Cadava berries
942,A cadavaberry bush seed - plant in a bush patch.,5102,True,3.0,600.0,9.0,5.0,Cadavaberry seed 5.png,Cadavaberry seed
943,A plain sponge cake.,1891,False,20.0,6000.0,50.0,30.0,Cake.png,Cake
944,Useful for baking cakes.,1887,False,4.0,40.0,10.0,6.0,Cake tin.png,Cake tin
945,A fossilised moth infused with dwarven magic.,29090,True,,100.0,10000.0,,Calcified moth 5.png,Calcified moth
946,A large crystal of calcium carbonate.,21543,True,12.0,13000.0,30.0,18.0,Calcite.png,Calcite
947,This is the largest fruit I've ever seen.,5980,True,21.0,11000.0,54.0,32.0,Calquat fruit.png,Calquat fruit
948,Sliced and hollowed out to form a keg.,5769,True,1.0,10000.0,1.0,1.0,Calquat keg.png,Calquat keg
949,This sapling is ready to be replanted in a Calquat Tree patch.,5503,True,1.0,200.0,1.0,1.0,Calquat sapling.png,Calquat sapling
950,Plant in a plantpot of soil to grow a sapling.,5290,True,136.0,200.0,340.0,204.0,Calquat tree seed 5.png,Calquat tree seed
951,A teleport to Camelot.,8010,True,1.0,15000.0,1.0,1.0,Camelot teleport (tablet).png,Camelot teleport (tablet)
952,Breath powered dart delivering system with a hint of camphor.,31577,True,880.0,,2200.0,1320.0,Camphor blowpipe (empty).png,Camphor blowpipe (empty)
953,A sturdy container crafted from camphor.,32364,True,2.0,250.0,5.0,3.0,Camphor crate.png,Camphor crate
954,Parts for creating a camphor hull for a boat.,32053,True,2500.0,100.0,6250.0,3750.0,Camphor hull parts.png,Camphor hull parts
955,Logs cut from a camphor tree.,32904,True,88.0,,220.0,132.0,Camphor logs.png,Camphor logs
956,A plank of hardy camphor.,31432,True,600.0,,1500.0,900.0,Camphor plank.png,Camphor plank
957,Camphor logs prepared with sacred oil for a funeral pyre.,31383,True,176.0,,440.0,264.0,Camphor pyre logs.png,Camphor pyre logs
958,A strong boat repair kit made from camphor.,31976,True,1400.0,13000.0,3500.0,2100.0,Camphor repair kit.png,Camphor repair kit
959,This sapling is ready to be replanted in a tree patch.,31502,True,1.0,,1.0,1.0,Camphor sapling.png,Camphor sapling
960,Plant this in a plantpot of soil to grow a sapling.,31547,True,24.0,200.0,60.0,36.0,Camphor seed 5.png,Camphor seed
961,A candle.,36,True,1.0,40.0,3.0,1.0,Candle.png,Candle
962,A candle in a glass cage.,4532,True,6.0,40.0,15.0,9.0,Candle lantern (black).png,Candle lantern (black)
963,A candle in a glass cage.,4529,True,6.0,40.0,15.0,9.0,Candle lantern (white).png,Candle lantern (white)
964,The barrels of the multicannon.,10,True,75000.0,70.0,187500.0,112500.0,Cannon barrels.png,Cannon barrels
965,The cannon is built on this.,6,True,75000.0,70.0,187500.0,112500.0,Cannon base.png,Cannon base
966,This powers the multicannon.,12,True,75000.0,70.0,187500.0,112500.0,Cannon furnace.png,Cannon furnace
967,The mounting for the multicannon.,8,True,75000.0,70.0,187500.0,112500.0,Cannon stand.png,Cannon stand
968,Lets the person behind you know that you mean business.,23351,True,2000.0,8.0,5000.0,3000.0,Cape of skulls.png,Cape of skulls
969,"A teleport to Carrallanger, in level 19 Wilderness.",12776,True,1.0,10000.0,1.0,1.0,Carrallanger teleport (tablet).png,Carrallanger teleport (tablet)
970,How does it all fit in there?,8566,True,4.0,500.0,10.0,6.0,Carved oak bench (flatpack).png,Carved oak bench (flatpack)
971,Carved oak magic wardrobe.,9853,True,4.0,500.0,10.0,6.0,Carved oak magic wardrobe (flatpack).png,Carved oak magic wardrobe (flatpack)
972,How does it all fit in there?,8552,True,4.0,500.0,10.0,6.0,Carved oak table (flatpack).png,Carved oak table (flatpack)
973,How does it all fit in there?,8570,True,4.0,500.0,10.0,6.0,Carved teak bench (flatpack).png,Carved teak bench (flatpack)
974,Carved teak magic wardrobe.,9855,True,4.0,500.0,10.0,6.0,Carved teak magic wardrobe (flatpack).png,Carved teak magic wardrobe (flatpack)
975,How does it all fit in there?,8556,True,4.0,500.0,10.0,6.0,Carved teak table (flatpack).png,Carved teak table (flatpack)
976,I hope there's treasure in it.,405,True,20.0,50.0,50.0,30.0,Casket.png,Casket
977,Must be worn as you enter the game to receive the bonus for that game.,11079,False,670.0,10000.0,1675.0,1005.0,Castle wars bracelet.png,Castle wars bracelet(3)
978,Miaow!,12361,True,960.0,4.0,2400.0,1440.0,Cat mask.png,Cat mask
979,A mysterious power emanates from the talisman...,26798,True,800.0,40.0,2000.0,1200.0,Catalytic talisman.png,Catalytic talisman
980,A tiara infused with the properties of every catalytic rune.,26801,True,40.0,40.0,100.0,60.0,Catalytic tiara.png,Catalytic tiara
981,A teleport to Catherby.,24961,True,1.0,10000.0,1.0,1.0,Catherby teleport (tablet).png,Catherby teleport (tablet)
982,I hope I don't meet any roundheads...,11280,True,80.0,150.0,200.0,120.0,Cavalier mask.png,Cavalier mask
983,It's a bit slimy.,5003,True,6.0,10000.0,15.0,9.0,Cave eel.png,Cave eel
984,Wire found in Dorgesh-Kaan.,10981,True,8.0,11000.0,20.0,12.0,Cave goblin wire.png,Cave goblin wire
985,"Caviar, or expensive fishy eggs.",11326,True,20.0,13000.0,50.0,30.0,Caviar.png,Caviar
986,"A length of celastrus wood, ready for fletching.",22935,True,180.0,12000.0,450.0,270.0,Celastrus bark.png,Celastrus bark
987,This sapling is ready to be replanted in a Celastrus patch.,22856,True,1.0,100.0,1.0,1.0,Celastrus sapling.png,Celastrus sapling
988,For growing a Celastrus tree.,22869,True,216.0,200.0,540.0,324.0,Celastrus seed 5.png,Celastrus seed
989,A teleport to the Cemetery in level 31 Wilderness.,19627,True,1.0,10000.0,1.0,1.0,Cemetery teleport (tablet).png,Cemetery teleport (tablet)
990,Some solid chain.,32886,True,60.0,,150.0,90.0,Chain.png,Chain
991,Used for low level missile spells.,562,False,36.0,18000.0,90.0,54.0,Chaos rune.png,Chaos rune
992,A mysterious power emanates from the talisman...,1452,True,1.0,11000.0,4.0,2.0,Chaos talisman.png,Chaos talisman
993,A tiara infused with the properties of chaos.,5543,True,40.0,40.0,100.0,60.0,Chaos tiara.png,Chaos tiara
994,A lump of charcoal.,973,False,18.0,13000.0,45.0,27.0,Charcoal.png,Charcoal
995,A scroll for charging dragonstone jewellery.,20238,True,1.0,10000.0,1.0,1.0,Charge dragonstone jewellery scroll.png,Charge dragonstone jewellery scroll
996,"Ancient glyphs cover the paper, resembling those in the chasm of fire.",30775,True,4.0,,10.0,6.0,Chasm teleport scroll.png,Chasm teleport scroll
997,It's got holes in it.,1985,False,1.0,13000.0,4.0,2.0,Cheese.png,Cheese
998,This smells really good.,2259,True,1.0,6000.0,2.0,1.0,Cheese+tom batta.png,Cheese+tom batta
999,"A fruity, full-bodied ale.",5755,True,1.0,2000.0,2.0,1.0,Chef's delight.png,Chef's delight
1000,How does it all fit in there?,8526,True,4.0,500.0,10.0,6.0,Chef's delight (flatpack).png,Chef's delight (flatpack)
1001,This keg contains 4 pints of Chef's Delight.,5833,True,1.0,2000.0,1.0,1.0,Chef's delight(4).png,Chef's delight(4)
1002,This looks a good deal stronger than normal Chef's Delight.,5757,True,1.0,2000.0,2.0,1.0,Chef's delight(m).png,Chef's delight(m)
1003,This keg contains 4 pints of mature Chef's Delight.,5913,True,1.0,2000.0,1.0,1.0,Chef's delight(m4).png,Chef's delight(m4)
1004,What a silly hat.,1949,False,1.0,150.0,2.0,1.0,Chef's hat.png,Chef's hat
1005,A light and dry Tlati Rosé that's known for its floral elegance.,29963,True,40.0,,100.0,60.0,Chichilihui rosé.png,Chichilihui rosé
1006,A smoky and spicy Tlati Red that's known for its dark colour.,29947,True,160.0,,400.0,240.0,Chilhuac red.png,Chilhuac red
1007,A bowl of meat in chilli-con-carne sauce.,7062,True,5.0,13000.0,13.0,7.0,Chilli con carne.png,Chilli con carne
1008,A baked potato with chilli con carne.,7054,True,5.0,13000.0,13.0,7.0,Chilli potato.png,Chilli potato
1009,Handle with care.,10033,True,56.0,7000.0,140.0,84.0,Chinchompa.png,Chinchompa
1010,Good for detailed Crafting.,1755,False,1.0,40.0,1.0,1.0,Chisel.png,Chisel
1011,A fibrous substance used to create powerful potions.,29643,True,1.0,,1.0,1.0,Chitin.png,Chitin
1012,A warm creamy alcoholic beverage.,2074,True,12.0,2000.0,30.0,18.0,Choc saturday.png,Choc saturday
1013,Better eat this before it melts.,6794,True,12.0,6000.0,30.0,18.0,Choc-ice.png,Choc-ice
1014,Yum... smells good.,2209,True,1.0,6000.0,2.0,1.0,Chocchip crunchies.png,Chocchip crunchies
1015,Mmmmmmm chocolate.,1973,False,4.0,13000.0,10.0,6.0,Chocolate bar.png,Chocolate bar
1016,"Full of creamy, chocolately goodness.",2185,True,1.0,6000.0,2.0,1.0,Chocolate bomb.png,Chocolate bomb
1017,This looks very tasty.,1897,False,28.0,6000.0,70.0,42.0,Chocolate cake.png,Chocolate cake
1018,It's ground up chocolate.,1975,False,1.0,13000.0,2.0,1.0,Chocolate dust.png,Chocolate dust
1019,A bowl of chopped garlic.,7074,True,2.0,13000.0,7.0,4.0,Chopped garlic.png,Chopped garlic
1020,A mixture of onions in a bowl.,1871,True,1.0,11000.0,3.0,1.0,Chopped onion.png,Chopped onion
1021,A mixture of tomatoes in a bowl.,1869,True,1.0,11000.0,3.0,1.0,Chopped tomato.png,Chopped tomato
1022,A bowl of finely chopped tuna.,7086,True,41.0,13000.0,104.0,62.0,Chopped tuna.png,Chopped tuna
1023,Strips of ugthanki meat in a bowl.,1873,True,2.0,11000.0,5.0,3.0,Chopped ugthanki.png,Chopped ugthanki
1024,I need to pull this.,962,False,1.0,4.0,1.0,1.0,Christmas cracker.png,Christmas cracker
1025,A dense clump of corroded metal.,28276,True,20000.0,8.0,50000.0,30000.0,Chromium ingot.png,Chromium ingot
1026,Can be assembled to consume multiple potions.,30002,True,400.0,5.0,1000.0,600.0,Chugging barrel (disassembled).png,Chugging barrel (disassembled)
1027,A glass of cider.,5763,True,1.0,2000.0,2.0,1.0,Cider.png,Cider
1028,How does it all fit in there?,8518,True,4.0,500.0,10.0,6.0,Cider barrel (flatpack).png,Cider barrel (flatpack)
1029,This keg contains 4 pints of Cider.,5849,True,1.0,2000.0,1.0,1.0,Cider(4).png,Cider(4)
1030,This keg contains 4 pints of mature Cider.,5929,True,1.0,2000.0,1.0,1.0,Cider(m4).png,Cider(m4)
1031,A toughened chunk of dagannoth hide.,6169,True,24.0,11000.0,60.0,36.0,Circular hide.png,Circular hide
1032,Ghetto disguise!,9644,True,2.0,150.0,5.0,3.0,Citizen shoes.png,Citizen shoes
1033,Ghetto disguise!,9640,True,2.0,150.0,5.0,3.0,Citizen top.png,Citizen top
1034,Ghetto disguise!,9642,True,2.0,150.0,5.0,3.0,Citizen trousers.png,Citizen trousers
1035,A teleport to Civitas illa Fortis.,28824,True,1.0,,1.0,1.0,Civitas illa fortis teleport (tablet).png,Civitas illa fortis teleport
1036,"The claws of a great bear. They seem to maintain some of his power, somehow.",27667,True,32000.0,,80000.0,48000.0,Claws of callisto.png,Claws of callisto
1037,Some hard dry clay.,434,False,1.0,13000.0,1.0,1.0,Clay.png,Clay
1038,A spirit soaked piece of silk which can be used to remove poison.,3188,True,24.0,40.0,60.0,36.0,Cleaning cloth.png,Cleaning cloth
1039,An effective tool for chopping tough meat.,7451,True,10240.0,50.0,25600.0,15360.0,Cleaver.png,Cleaver
1040,Boots made for climbing.,3105,True,4.0,200.0,12.0,7.0,Climbing boots.png,Climbing boots
1041,Boots made for climbing. Nice trim!,23413,True,30000.0,4.0,75000.0,45000.0,Climbing boots (g).png,Climbing boots (g)
1042,A clockwork mechanism.,8792,True,200.0,11000.0,500.0,300.0,Clockwork.png,Clockwork
1043,A pouch for your dirty work clothes!,28163,True,1.0,,1.0,1.0,Clothes pouch.png,Clothes pouch
1044,A step-by-step guide to crafting your very own clothes pouch!,28166,True,40.0,,100.0,60.0,Clothes pouch blueprint.png,Clothes pouch blueprint
1045,Protects your clue scroll if you die.,12789,True,4.0,50.0,10.0,6.0,Clue box.png,Clue box
1046,Hmm a non-renewable energy source!,453,False,18.0,13000.0,45.0,27.0,Coal.png,Coal
1047,For sipping cocktails.,2026,True,1.0,13000.0,1.0,1.0,Cocktail glass.png,Cocktail glass
1048,A book on tree gnome cocktails.,2023,True,1.0,15.0,2.0,1.0,Cocktail guide.png,Cocktail guide
1049,Used for mixing cocktails.,2025,True,1.0,40.0,2.0,1.0,Cocktail shaker.png,Cocktail shaker
1050,It's a coconut.,5974,True,34.0,11000.0,87.0,52.0,Coconut.png,Coconut
1051,A vial filled with coconut milk,5935,True,1.0,11000.0,1.0,1.0,Coconut milk.png,Coconut milk
1052,Some nicely cooked cod.,339,True,4.0,6000.0,10.0,6.0,Cod.png,Cod
1053,Light weight head protection.,1169,False,80.0,125.0,200.0,120.0,Coif.png,Coif
1054,A teleport to the Colossal Wyrm Remains in the Avium Savannah.,30040,True,4.0,,10.0,6.0,Colossal wyrm teleport scroll.png,Colossal wyrm teleport scroll
1055,You will need to recharge the bracelet at the Legends Guild.,11126,True,8416.0,10000.0,21040.0,12624.0,Combat bracelet.png,Combat bracelet
1056,A handy way to get around.,11118,True,8416.0,10000.0,21040.0,12624.0,Combat bracelet(4).png,Combat bracelet(4)
1057,A handy way to get around.,11972,True,8416.0,10000.0,21040.0,12624.0,Combat bracelet(6).png,Combat bracelet(6)
1058,One dose of fishy combat potion.,11447,True,20.0,2000.0,52.0,31.0,Combat mix(1).png,Combat mix(1)
1059,Two doses of fishy combat potion.,11445,True,42.0,2000.0,105.0,63.0,Combat mix(2).png,Combat mix(2)
1060,"A set containing 4-dose vials of Attack, Strength and Defence potions.",13064,True,28.0,2000.0,70.0,42.0,Combat potion set.png,Combat potion set
1061,1 dose of combat potion.,9745,True,20.0,2000.0,52.0,31.0,Combat potion(1).png,Combat potion(1)
1062,2 doses of combat potion.,9743,True,42.0,2000.0,105.0,63.0,Combat potion(2).png,Combat potion(2)
1063,3 doses of combat potion.,9741,True,64.0,2000.0,160.0,96.0,Combat potion(3).png,Combat potion(3)
1064,4 doses of combat potion.,9739,True,86.0,2000.0,215.0,129.0,Combat potion(4).png,Combat potion(4)
1065,Common fur from a common kebbit.,10121,True,4.0,10000.0,12.0,7.0,Common kebbit fur.png,Common kebbit fur
1066,The most common of the tench.,22829,True,1.0,13000.0,3.0,1.0,Common tench.png,Common tench
1067,A composite ogre bow.,4827,True,72.0,70.0,180.0,108.0,Comp ogre bow.png,Comp ogre bow
1068,"Good for plants, helps them grow.",6032,True,8.0,2000.0,20.0,12.0,Compost.png,Compost
1069,Pour this on compost to turn it into super-compost.,6476,True,12.0,50.0,30.0,18.0,Compost potion(1).png,Compost potion(1)
1070,Pour this on compost to turn it into super-compost.,6474,True,24.0,50.0,60.0,36.0,Compost potion(2).png,Compost potion(2)
1071,Pour this on compost to turn it into super-compost.,6472,True,36.0,50.0,90.0,54.0,Compost potion(3).png,Compost potion(3)
1072,Pour this on compost to turn it into super-compost.,6470,True,48.0,50.0,120.0,72.0,Compost potion(4).png,Compost potion(4)
1073,The gold standard of gold.,26266,True,3200000.0,,8000000.0,4800000.0,Condensed gold.png,Condensed gold
1074,"A finely crafted pair of gloves, infused with magic power.",31106,True,160000.0,,400000.0,240000.0,Confliction gauntlets.png,Confliction gauntlets
1075,A contract issued by Yama. Present it to him to discuss some new terms.,30816,True,,50.0,75000.0,,Contract of bloodied blows.png,Contract of bloodied blows
1076,A contract issued by Yama. Present it to him to discuss some new terms.,30831,True,,50.0,75000.0,,Contract of catalyst acquisition.png,Contract of catalyst acquisition
1077,A contract issued by Yama. Present it to him to discuss some new terms.,30819,True,,50.0,75000.0,,Contract of divine severance.png,Contract of divine severance
1078,A contract issued by Yama. Present it to him to discuss some new terms.,30840,True,,50.0,75000.0,,Contract of familiar acquisition.png,Contract of familiar acquisition
1079,A contract issued by Yama. Present it to him to discuss some new terms.,30822,True,,50.0,75000.0,,Contract of forfeit breath.png,Contract of forfeit breath
1080,A contract issued by Yama. Present it to him to discuss some new terms.,30810,True,,50.0,75000.0,,Contract of glyphic attenuation.png,Contract of glyphic attenuation
1081,A contract issued by Yama. Present it to him to discuss some new terms.,30837,True,,50.0,75000.0,,Contract of harmony acquisition.png,Contract of harmony acquisition
1082,A contract issued by Yama. Present it to him to discuss some new terms.,30825,True,,50.0,75000.0,,Contract of oathplate acquisition.png,Contract of oathplate acquisition
1083,A contract issued by Yama. Present it to him to discuss some new terms.,30813,True,,50.0,75000.0,,Contract of sensory clouding.png,Contract of sensory clouding
1084,A contract issued by Yama. Present it to him to discuss some new terms.,30828,True,,50.0,75000.0,,Contract of shard acquisition.png,Contract of shard acquisition
1085,A contract issued by Yama. Present it to him to discuss some new terms.,30834,True,,50.0,75000.0,,Contract of worm acquisition.png,Contract of worm acquisition
1086,"Mmm, this looks tasty.",29131,True,1.0,10000.0,4.0,2.0,Cooked barb-tailed kebbit.png,Cooked barb-tailed kebbit
1087,Mmm this looks tasty.,2140,False,1.0,6000.0,4.0,2.0,Cooked chicken.png,Cooked chicken
1088,It might look delicious to an ogre.,2878,True,52.0,6000.0,130.0,78.0,Cooked chompy.png,Cooked chompy
1089,Roasted chompy bird.,7228,True,34.0,100.0,85.0,51.0,Cooked chompy (roasted).png,Cooked chompy (roasted)
1090,I should eat this quickly.,29134,True,1.0,6000.0,4.0,2.0,Cooked dashing kebbit.png,Cooked dashing kebbit
1091,Nice and tasty!,7521,True,20.0,6000.0,50.0,30.0,Cooked giant crab meat (5).png,Cooked giant crab meat
1092,"Mmm, this looks tasty.",29149,True,1.0,10000.0,4.0,2.0,Cooked graahk.png,Cooked graahk
1093,Lovely Jubbly!,7568,True,60.0,10000.0,150.0,90.0,Cooked jubbly.png,Cooked jubbly
1094,Cooked octopus. It looks very nutritious.,3144,True,100.0,10000.0,250.0,150.0,Cooked karambwan.png,Cooked karambwan
1095,"Mmm, this looks tasty.",29152,True,1.0,10000.0,4.0,2.0,Cooked kyatt.png,Cooked kyatt
1096,"Mmm, this looks tasty.",29146,True,1.0,10000.0,4.0,2.0,Cooked larupia.png,Cooked larupia
1097,Mmm this looks tasty.,2142,False,1.0,6000.0,4.0,2.0,Cooked meat.png,Cooked meat
1098,"Mmm, this looks tasty.",29143,True,1.0,6000.0,4.0,2.0,Cooked moonlight antelope.png,Cooked moonlight antelope
1099,I don't want to think about what kind of meat it is.,24785,True,1.0,,4.0,2.0,Cooked mystery meat.png,Cooked mystery meat
1100,Deliciously cooked oomlie meat in a palm leaf pouch.,2343,True,14.0,15.0,35.0,21.0,Cooked oomlie wrap.png,Cooked oomlie wrap
1101,"Mmm, this looks tasty.",29137,True,1.0,10000.0,4.0,2.0,Cooked pyre fox.png,Cooked pyre fox
1102,Mmm this looks tasty.,3228,True,1.0,6000.0,4.0,2.0,Cooked rabbit.png,Cooked rabbit
1103,"A cooked slimy eel - not delicious, but pretty nutritious.",3381,True,1.0,6000.0,1.0,1.0,Cooked slimy eel.png,Cooked slimy eel
1104,"Mmm, this looks tasty.",29140,True,1.0,10000.0,4.0,2.0,Cooked sunlight antelope.png,Cooked sunlight antelope
1105,Delicious cooked sweetcorn.,5988,True,3.0,11000.0,9.0,5.0,Cooked sweetcorn.png,Cooked sweetcorn
1106,"Mmm, this looks tasty.",29128,True,1.0,10000.0,4.0,2.0,Cooked wild kebbit.png,Cooked wild kebbit
1107,Keeps the doctor away.,1955,False,1.0,13000.0,1.0,1.0,Cooking apple.png,Cooking apple
1108,This needs refining.,436,False,1.0,13000.0,3.0,1.0,Copper ore.png,Copper ore
1109,It's cornflour.,7466,False,1.0,15.0,1.0,1.0,Cornflour.png,Cornflour
1110,"A beautiful, heavy sword.",28537,True,100000.0,,250000.0,150000.0,Corrupted armadyl godsword.png,Corrupted armadyl godsword
1111,A bow from an even darker dimension.,29599,True,100000.0,,250000.0,150000.0,Corrupted dark bow.png,Corrupted dark bow
1112,A set of fighting claws.,28534,True,100000.0,,250000.0,150000.0,Corrupted dragon claws.png,Corrupted dragon claws
1113,A powerful scythe. It is currently uncharged.,28545,True,100000.0,,250000.0,150000.0,Corrupted scythe of vitur (uncharged).png,Corrupted scythe of vitur (uncharged)
1114,An ancient staff created using a higher power.,28549,True,100000.0,,250000.0,150000.0,Corrupted tumeken's shadow (uncharged).png,Corrupted tumeken's shadow (uncharged)
1115,A mystical bow carved from the twisted remains of the Great Olm.,28540,True,100000.0,,250000.0,150000.0,Corrupted twisted bow.png,Corrupted twisted bow
1116,A truly fearsome weapon.,28531,True,100000.0,,250000.0,150000.0,Corrupted voidwaker.png,Corrupted voidwaker
1117,An ancient staff corrupted by darkness. A volatile orb has been added to it.,29602,True,100000.0,,250000.0,150000.0,Corrupted volatile nightmare staff.png,Corrupted volatile nightmare staff
1118,Used for enchant spells.,564,False,20.0,18000.0,50.0,30.0,Cosmic rune.png,Cosmic rune
1119,A mysterious power emanates from the talisman...,1454,True,1.0,11000.0,4.0,2.0,Cosmic talisman.png,Cosmic talisman
1120,A tiara infused with the properties of the cosmos.,5539,True,40.0,40.0,100.0,60.0,Cosmic tiara.png,Cosmic tiara
1121,I should use this with a spinning wheel.,31460,True,40.0,,100.0,60.0,Cotton boll.png,Cotton boll
1122,A cotton plant seed - plant in a hops patch.,31545,True,2.0,2000.0,5.0,3.0,Cotton seed 5.png,Cotton seed
1123,Spun from cotton bolls.,31469,True,48.0,13000.0,120.0,72.0,Cotton yarn.png,Cotton yarn
1124,I should take this to the tannery.,1739,False,1.0,13000.0,2.0,1.0,Cowhide.png,Cowhide
1125,A paste made by crushing a crab.,31708,True,120.0,13000.0,300.0,180.0,Crab paste.png,Crab paste
1126,This bow once belonged to a formidable follower of Armadyl.,22547,True,48000.0,8.0,120000.0,72000.0,Craw's bow (u).png,Craw's bow (u)
1127,"They're soft, silky and cream.",632,True,80.0,150.0,200.0,120.0,Cream boots.png,Cream boots
1128,A silly cream pointed hat.,662,True,64.0,150.0,160.0,96.0,Cream hat.png,Cream hat
1129,Made by Tree Gnomes with a thing for cream.,652,True,72.0,150.0,180.0,108.0,Cream robe bottoms.png,Cream robe bottoms
1130,"The ultimate in gnome design, now in cream!",642,True,72.0,150.0,180.0,108.0,Cream robe top.png,Cream robe top
1131,For whom?,20243,True,2000.0,4.0,5000.0,3000.0,Crier bell.png,Crier bell
1132,Don't shoot the messenger!,20240,True,2000.0,4.0,5000.0,3000.0,Crier coat.png,Crier coat
1133,Hear ye! Hear ye!,12319,True,2000.0,4.0,5000.0,3000.0,Crier hat.png,Crier hat
1134,This fires crossbow bolts.,837,False,28.0,125.0,70.0,42.0,Crossbow.png,Crossbow
1135,A string for a crossbow.,9438,True,1.0,11000.0,1.0,1.0,Crossbow string.png,Crossbow string
1136,How does it all fit in there?,8496,True,4.0,500.0,10.0,6.0,Crude chair (flatpack).png,Crude chair (flatpack)
1137,A shallow tray used for baking crunchies in.,2165,True,4.0,40.0,10.0,6.0,Crunchy tray.png,Crunchy tray
1138,Speckled with smouldering rock.,30848,True,32.0,25000.0,80.0,48.0,Crushed infernal shale 5.png,Crushed infernal shale
1139,A crushed bird's nest.,6693,True,80.0,11000.0,200.0,120.0,Crushed nest.png,Crushed nest
1140,Ground up superior dragon bones.,21975,True,20.0,11000.0,50.0,30.0,Crushed superior dragon bones.png,Crushed superior dragon bones
1141,A woodcutter's axe.,28220,False,208000.0,,520000.0,312000.0,Crystal 2h axe.png,Crystal 2h axe
1142,A woodcutter's axe.,28223,False,208000.0,,520000.0,312000.0,Crystal 2h axe (inactive).png,Crystal 2h axe (inactive)
1143,A seed to be sung into the finest crystal armour.,23956,True,200000.0,100.0,500000.0,300000.0,Crystal armour seed.png,Crystal armour seed
1144,How does it all fit in there?,8624,True,4.0,500.0,10.0,6.0,Crystal ball (flatpack).png,Crystal ball (flatpack)
1145,Smells of victory.,24000,True,12000.0,,30000.0,18000.0,Crystal grail.png,Crystal grail
1146,A mysterious key for a mysterious chest.,989,True,60.0,11000.0,150.0,90.0,Crystal key.png,Crystal key
1147,How does it all fit in there?,8628,True,4.0,500.0,10.0,6.0,Crystal of power (flatpack).png,Crystal of power (flatpack)
1148,A seed to be sung into the best tools of the craft.,23953,True,200000.0,100.0,500000.0,300000.0,Crystal tool seed.png,Crystal tool seed
1149,A seed to be sung into the finest crystal weapons.,4207,True,1.0,70.0,1.0,1.0,Crystal weapon seed.png,Crystal weapon seed
1150,It's hot!,4460,True,4.0,13000.0,10.0,6.0,Cup of hot water.png,Cup of hot water
1151,A nice cup of tea.,1978,True,4.0,2000.0,10.0,6.0,Cup of tea.png,Cup of tea
1152,A cup of water.,4458,True,4.0,13000.0,10.0,6.0,Cup of water.png,Cup of water
1153,It's a bar of cupronickel.,32892,True,11.0,,28.0,16.0,Cupronickel bar.png,Cupronickel bar
1154,Ready to be cut and sewn into armour.,10820,True,40.0,13000.0,100.0,60.0,Cured yak-hide.png,Cured yak-hide
1155,It's a spicy hot curry.,2011,True,8.0,10000.0,20.0,12.0,Curry.png,Curry
1156,I could make a spicy curry with this.,5970,True,7.0,11000.0,19.0,11.0,Curry leaf.png,Curry leaf
1157,This sapling is ready to be replanted in a fruit tree patch.,5499,True,1.0,200.0,1.0,1.0,Curry sapling.png,Curry sapling
1158,Plant in a plantpot of soil to grow a sapling.,5286,True,15.0,200.0,39.0,23.0,Curry tree seed 5.png,Curry tree seed
1159,An cursed amulet of magic.,29486,False,360.0,125.0,900.0,540.0,Cursed amulet of magic.png,Cursed amulet of magic
1160,You'd expect this to interfere with your 3D vision.,19915,True,2000.0,4.0,5000.0,3000.0,Cyclops head.png,Cyclops head
1161,These would feed a dogfish for months!,6729,True,60.0,7500.0,150.0,90.0,Dagannoth bones.png,Dagannoth bones
1162,A sturdy piece of dagannoth hide.,6155,True,24.0,11000.0,60.0,36.0,Dagannoth hide.png,Dagannoth hide
1163,A hat worn by members of the Dagon'hai.,24288,True,6800.0,,17000.0,10200.0,Dagon'hai hat.png,Dagon'hai hat
1164,A robe worn by members of the Dagon'hai.,24294,True,36000.0,,90000.0,54000.0,Dagon'hai robe bottom.png,Dagon'hai robe bottom
1165,A robe worn by members of the Dagon'hai.,24291,True,56000.0,,140000.0,84000.0,Dagon'hai robe top.png,Dagon'hai robe top
1166,"A set containing a Dagon'hai hat, robe top and robe bottom.",24333,True,86800.0,,217000.0,130200.0,Dagon'hai robes set.png,Dagon'hai robes set
1167,"Smells like the north end of a southbound monkey, because it is.",19665,True,1.0,13000.0,2.0,1.0,Damaged monkey tail.png,Damaged monkey tail
1168,"A teleport to Dareeyak, in level 23 Wilderness.",12777,True,1.0,10000.0,1.0,1.0,Dareeyak teleport (tablet).png,Dareeyak teleport (tablet)
1169,A bow from a darker dimension.,11235,True,48000.0,8.0,120002.0,72001.0,Dark bow.png,Dark bow
1170,Bow ties are cool.,19970,True,2000.0,4.0,5000.0,3000.0,Dark bow tie.png,Dark bow tie
1171,All for one and one for all!,2641,True,80.0,4.0,200.0,120.0,Dark cavalier.png,Dark cavalier
1172,This looks tricky to eat.,11936,True,128.0,10000.0,320.0,192.0,Dark crab.png,Dark crab
1173,What on earth would eat this?,11940,True,1.0,8000.0,3.0,1.0,Dark fishing bait.png,Dark fishing bait
1174,Use on infinity pieces to recolour them!,12528,True,2000.0,4.0,5000.0,3000.0,Dark infinity colour kit.png,Dark infinity colour kit
1175,"Sleek, silent and furry.",10115,True,84.0,10000.0,210.0,126.0,Dark kebbit fur.png,Dark kebbit fur
1176,Dark tuxedo trousers with white stockings.,19964,True,2400.0,4.0,6000.0,3600.0,Dark trousers.png,Dark trousers
1177,Linked tuxedo cuffs with a dark trim.,19961,True,1200.0,4.0,3000.0,1800.0,Dark tuxedo cuffs.png,Dark tuxedo cuffs
1178,A dark tuxedo jacket with a white shirt.,19958,True,4000.0,4.0,10000.0,6000.0,Dark tuxedo jacket.png,Dark tuxedo jacket
1179,Dark shoes to match your dark tuxedo.,19967,True,1200.0,4.0,3000.0,1800.0,Dark tuxedo shoes.png,Dark tuxedo shoes
1180,Nature's equivalent of go-faster stripes.,10127,True,108.0,10000.0,270.0,162.0,Dashing kebbit fur.png,Dashing kebbit fur
1181,Used for medium level missile spells.,560,False,72.0,25000.0,180.0,108.0,Death rune.png,Death rune
1182,A mysterious power emanates from the talisman...,1456,True,1.0,11000.0,4.0,2.0,Death talisman.png,Death talisman
1183,A tiara infused with the properties of death.,5547,True,40.0,40.0,100.0,60.0,Death tiara.png,Death tiara
1184,Elementary!,12540,True,920.0,4.0,2300.0,1380.0,Deerstalker.png,Deerstalker
1185,One dose of fishy Defence potion.,11459,True,24.0,2000.0,60.0,36.0,Defence mix(1).png,Defence mix(1)
1186,Two doses of fishy Defence potion.,11457,True,36.0,2000.0,90.0,54.0,Defence mix(2).png,Defence mix(2)
1187,1 dose of Defence potion.,137,True,24.0,2000.0,60.0,36.0,Defence potion(1).png,Defence potion(1)
1188,2 doses of Defence potion.,135,True,36.0,2000.0,90.0,54.0,Defence potion(2).png,Defence potion(2)
1189,3 doses of Defence potion.,133,True,48.0,2000.0,120.0,72.0,Defence potion(3).png,Defence potion(3)
1190,4 doses of Defence potion.,2432,True,60.0,2000.0,150.0,90.0,Defence potion(4).png,Defence potion(4)
1191,Vicious demon slippers.,23294,False,400.0,4.0,1000.0,600.0,Demon feet.png,Demon feet
1192,A strange glowing tear.,31111,True,200.0,13000.0,500.0,300.0,Demon tear.png,Demon tear
1193,Somebody's been avoiding their cardio...,30800,True,200.0,11000.0,500.0,300.0,Demonic tallow.png,Demonic tallow
1194,Comfortable desert shoes.,1837,True,8.0,150.0,20.0,12.0,Desert boots.png,Desert boots
1195,These should make me harder to spot in desert areas.,10063,True,8.0,,20.0,12.0,Desert camo legs.png,Desert camo legs
1196,These should make me harder to spot in desert areas.,28854,True,8.0,,20.0,12.0,Desert camo legs.png,Desert camo legs (equipped)
1197,This should make me harder to spot in desert areas.,10061,True,8.0,,20.0,12.0,Desert camo top.png,Desert camo top
1198,This should make me harder to spot in desert areas.,28851,True,8.0,,20.0,12.0,Desert camo top.png,Desert camo top (equipped)
1199,Sandy coloured kebbit fur.,10123,True,6.0,10000.0,17.0,10.0,Desert devil fur.png,Desert devil fur
1200,Not much good for blowing.,9735,True,4.0,13000.0,12.0,7.0,Desert goat horn.png,Desert goat horn
1201,Better than factor 50 sun cream.,6390,True,10.0,150.0,25.0,15.0,Desert legs.png,Desert legs
1202,"A cool, light desert robe.",1835,True,16.0,150.0,40.0,24.0,Desert robe.png,Desert robe
1203,Has a coarse hard wearing texture.,6386,True,10.0,150.0,25.0,15.0,Desert robes.png,Desert robes
1204,"A cool, light desert shirt.",1833,True,16.0,150.0,40.0,24.0,Desert shirt.png,Desert shirt
1205,A bit itchy.,6384,True,6.0,150.0,15.0,9.0,Desert top.png,Desert top
1206,Good for those cold desert nights.,6388,True,14.0,150.0,35.0,21.0,Desert top (overcoat).png,Desert top (overcoat)
1207,A pair of Devout Boots.,22954,True,8000.0,70.0,20000.0,12000.0,Devout boots.png,Devout boots
1208,Scrawled words that can invoke the power of the gods.,21034,True,32000.0,5.0,80000.0,48000.0,Dexterous prayer scroll.png,Dexterous prayer scroll
1209,"A set containing a Dharok's helm, platelegs, platebody and greataxe.",12877,True,160000.0,8.0,400000.0,240000.0,Dharok's armour set.png,Dharok's armour set
1210,Dharok the Wretched's greataxe.,4718,True,83200.0,15.0,208000.0,124800.0,Dharok's greataxe.png,Dharok's greataxe
1211,Dharok the Wretched's greataxe.,4890,True,83200.0,15.0,208000.0,124800.0,Dharok's greataxe 0.png,Dharok's greataxe 0
1212,Dharok the Wretched's helm.,4716,True,41200.0,15.0,103000.0,61800.0,Dharok's helm.png,Dharok's helm
1213,Dharok the Wretched's helm.,4884,True,41200.0,15.0,103000.0,61800.0,Dharok's helm 0.png,Dharok's helm 0
1214,Dharok the Wretched's platebody armour.,4720,True,112000.0,15.0,280000.0,168000.0,Dharok's platebody.png,Dharok's platebody
1215,Dharok the Wretched's platebody armour.,4896,True,112000.0,15.0,280000.0,168000.0,Dharok's platebody 0.png,Dharok's platebody 0
1216,Dharok the Wretched's plate leg armour.,4722,True,110000.0,15.0,275000.0,165000.0,Dharok's platelegs.png,Dharok's platelegs
1217,Dharok the Wretched's plate leg armour.,4902,True,110000.0,15.0,275000.0,165000.0,Dharok's platelegs 0.png,Dharok's platelegs 0
1218,"Their subtle, pulsing glow would be great for catching anglerfish.",30773,True,36.0,8000.0,90.0,54.0,Diabolic worms.png,Diabolic worms
1219,This looks valuable.,1601,False,800.0,11000.0,2000.0,1200.0,Diamond.png,Diamond
1220,I wonder if I can get this enchanted.,1700,False,1410.0,10000.0,3525.0,2115.0,Diamond amulet.png,Diamond amulet
1221,It needs a string so I can wear it.,1681,False,1410.0,10000.0,3525.0,2115.0,Diamond amulet (u).png,Diamond amulet (u)
1222,Diamond bolt tips.,9192,True,53.0,11000.0,133.0,79.0,Diamond bolt tips 5.png,Diamond bolt tips
1223,Diamond tipped Adamantite crossbow bolts.,9340,True,76.0,11000.0,192.0,115.0,Diamond bolts 5.png,Diamond bolts
1224,Enchanted Diamond tipped Adamantite Crossbow Bolts.,9243,True,84.0,11000.0,211.0,126.0,Diamond bolts (e) 5.png,Diamond bolts (e)
1225,I wonder if this is valuable.,11092,True,1530.0,10000.0,3825.0,2295.0,Diamond bracelet.png,Diamond bracelet
1226,"Dragon crossbow bolts, tipped with diamond.",21969,True,340.0,11000.0,850.0,510.0,Diamond dragon bolts 5.png,Diamond dragon bolts
1227,"Enchanted Dragon crossbow bolts, tipped with diamond.",21946,True,352.0,11000.0,880.0,528.0,Diamond dragon bolts (e) 5.png,Diamond dragon bolts (e)
1228,I wonder if this is valuable.,1662,False,1470.0,18000.0,3675.0,2205.0,Diamond necklace.png,Diamond necklace
1229,A valuable ring.,1643,False,1410.0,10000.0,3525.0,2115.0,Diamond ring.png,Diamond ring
1230,Teleports you to the Digsite.,12403,True,4.0,10000.0,10.0,6.0,Digsite teleport.png,Digsite teleport
1231,Is it... looking at me?,21015,True,224000.0,8.0,560000.0,336000.0,Dinh's bulwark.png,Dinh's bulwark
1232,Used to get out of Thordur's blackhole.,981,False,48.0,50.0,120.0,72.0,Disk of returning.png,Disk of returning
1233,1 dose of divine bastion potion.,24644,True,72.0,2000.0,180.0,108.0,Divine bastion potion(1).png,Divine bastion potion(1)
1234,2 doses of divine bastion potion.,24641,True,144.0,2000.0,360.0,216.0,Divine bastion potion(2).png,Divine bastion potion(2)
1235,3 doses of divine bastion potion.,24638,True,216.0,2000.0,540.0,324.0,Divine bastion potion(3).png,Divine bastion potion(3)
1236,4 doses of divine bastion potion.,24635,True,288.0,2000.0,720.0,432.0,Divine bastion potion(4).png,Divine bastion potion(4)
1237,1 dose of divine battlemage potion.,24632,True,72.0,2000.0,180.0,108.0,Divine battlemage potion(1).png,Divine battlemage potion(1)
1238,2 doses of divine battlemage potion.,24629,True,144.0,2000.0,360.0,216.0,Divine battlemage potion(2).png,Divine battlemage potion(2)
1239,3 doses of divine battlemage potion.,24626,True,216.0,2000.0,540.0,324.0,Divine battlemage potion(3).png,Divine battlemage potion(3)
1240,4 doses of divine battlemage potion.,24623,True,288.0,2000.0,720.0,432.0,Divine battlemage potion(4).png,Divine battlemage potion(4)
1241,1 dose of divine magic potion.,23754,True,16.0,2000.0,40.0,24.0,Divine magic potion(1).png,Divine magic potion(1)
1242,2 doses of divine magic potion.,23751,True,36.0,2000.0,90.0,54.0,Divine magic potion(2).png,Divine magic potion(2)
1243,3 doses of divine magic potion.,23748,True,68.0,2000.0,170.0,102.0,Divine magic potion(3).png,Divine magic potion(3)
1244,4 doses of divine magic potion.,23745,True,100.0,2000.0,250.0,150.0,Divine magic potion(4).png,Divine magic potion(4)
1245,1 dose of divine ranging potion.,23742,True,16.0,2000.0,40.0,24.0,Divine ranging potion(1).png,Divine ranging potion(1)
1246,2 doses of divine ranging potion.,23739,True,36.0,2000.0,90.0,54.0,Divine ranging potion(2).png,Divine ranging potion(2)
1247,3 doses of divine ranging potion.,23736,True,68.0,2000.0,170.0,102.0,Divine ranging potion(3).png,Divine ranging potion(3)
1248,4 doses of divine ranging potion.,23733,True,100.0,2000.0,250.0,150.0,Divine ranging potion(4).png,Divine ranging potion(4)
1249,1 dose of divine super attack potion.,23706,True,16.0,2000.0,40.0,24.0,Divine super attack potion(1).png,Divine super attack potion(1)
1250,2 doses of divine super attack potion.,23703,True,36.0,2000.0,90.0,54.0,Divine super attack potion(2).png,Divine super attack potion(2)
1251,3 doses of divine super attack potion.,23700,True,68.0,2000.0,170.0,102.0,Divine super attack potion(3).png,Divine super attack potion(3)
1252,4 doses of divine super attack potion.,23697,True,100.0,2000.0,250.0,150.0,Divine super attack potion(4).png,Divine super attack potion(4)
1253,1 dose of divine super combat potion.,23694,True,16.0,2000.0,40.0,24.0,Divine super combat potion(1).png,Divine super combat potion(1)
1254,2 doses of divine super combat potion.,23691,True,36.0,2000.0,90.0,54.0,Divine super combat potion(2).png,Divine super combat potion(2)
1255,3 doses of divine super combat potion.,23688,True,68.0,2000.0,170.0,102.0,Divine super combat potion(3).png,Divine super combat potion(3)
1256,4 doses of divine super combat potion.,23685,True,100.0,2000.0,250.0,150.0,Divine super combat potion(4).png,Divine super combat potion(4)
1257,1 dose of divine super defence potion.,23730,True,16.0,2000.0,40.0,24.0,Divine super defence potion(1).png,Divine super defence potion(1)
1258,2 doses of divine super defence potion.,23727,True,36.0,2000.0,90.0,54.0,Divine super defence potion(2).png,Divine super defence potion(2)
1259,3 doses of divine super defence potion.,23724,True,68.0,2000.0,170.0,102.0,Divine super defence potion(3).png,Divine super defence potion(3)
1260,4 doses of divine super defence potion.,23721,True,100.0,2000.0,250.0,150.0,Divine super defence potion(4).png,Divine super defence potion(4)
1261,1 dose of divine super strength potion.,23718,True,16.0,2000.0,40.0,24.0,Divine super strength potion(1).png,Divine super strength potion(1)
1262,2 doses of divine super strength potion.,23715,True,36.0,2000.0,90.0,54.0,Divine super strength potion(2).png,Divine super strength potion(2)
1263,3 doses of divine super strength potion.,23712,True,68.0,2000.0,170.0,102.0,Divine super strength potion(3).png,Divine super strength potion(3)
1264,4 doses of divine super strength potion.,23709,True,100.0,2000.0,250.0,150.0,Divine super strength potion(4).png,Divine super strength potion(4)
1265,Lets you get away with it - sometimes.,21143,True,420.0,10000.0,1050.0,630.0,Dodgy necklace.png,Dodgy necklace
1266,"A tasty herb, good for seasoning.",1573,True,1.0,15.0,2.0,1.0,Doogle leaves.png,Doogle leaves
1267,This fires crossbow bolts.,8880,True,800.0,70.0,2000.0,1200.0,Dorgeshuun crossbow.png,Dorgeshuun crossbow
1268,A black piece of cloth on a string.,19727,True,1.0,4.0,2.0,1.0,Double eye patch.png,Double eye patch
1269,It looks like this could be attached to a shield somehow.,11286,True,300000.0,5.0,750000.0,450000.0,Draconic visage.png,Draconic visage
1270,A two-handed Dragon Sword.,7158,True,88000.0,8.0,220000.0,132000.0,Dragon 2h sword.png,Dragon 2h sword
1271,"A set containing a full helm, platebody, legs and kiteshield.",21882,True,200000.0,8.0,500000.0,300000.0,Dragon armour set (lg).png,Dragon armour set (lg)
1272,"A set containing a full helm, platebody, skirt and kiteshield.",21885,True,200000.0,8.0,500000.0,300000.0,Dragon armour set (sk).png,Dragon armour set (sk)
1273,An arrow made using a dragon's talon.,11212,True,320.0,11000.0,800.0,480.0,Dragon arrow 5.png,Dragon arrow
1274,Venomous-looking arrows.,11227,True,320.0,11000.0,800.0,480.0,Dragon arrow(p) 5.png,Dragon arrow(p)
1275,Venomous-looking arrows.,11228,True,320.0,11000.0,800.0,480.0,Dragon arrow(p+) 5.png,Dragon arrow(p+)
1276,Venomous-looking arrows.,11229,True,320.0,11000.0,800.0,480.0,Dragon arrow(p++) 5.png,Dragon arrow(p++)
1277,"Dragon talons, usable as arrowheads.",11237,True,200.0,10000.0,500.0,300.0,Dragon arrowtips.png,Dragon arrowtips
1278,A very powerful axe.,6739,True,22000.0,40.0,55000.0,33000.0,Dragon axe.png,Dragon axe
1279,A vicious looking axe.,1377,True,80000.0,70.0,200000.0,120000.0,Dragon battleaxe.png,Dragon battleaxe
1280,A glass of bitter.,1911,True,1.0,2000.0,2.0,1.0,Dragon bitter.png,Dragon bitter
1281,How does it all fit in there?,8524,True,4.0,500.0,10.0,6.0,Dragon bitter (flatpack).png,Dragon bitter (flatpack)
1282,This keg contains 4 pints of Dragon Bitter.,5809,True,1.0,2000.0,1.0,1.0,Dragon bitter(4).png,Dragon bitter(4)
1283,This looks a good deal stronger than normal Dragon Bitter.,5745,True,1.0,2000.0,2.0,1.0,Dragon bitter(m).png,Dragon bitter(m)
1284,This keg contains 4 pints of mature Dragon Bitter.,5889,True,1.0,2000.0,1.0,1.0,Dragon bitter(m4).png,Dragon bitter(m4)
1285,Dragon crossbow bolts.,21905,True,170.0,11000.0,425.0,255.0,Dragon bolts 5.png,Dragon bolts
1286,Some poisoned dragon bolts.,21924,True,172.0,11000.0,430.0,258.0,Dragon bolts (p) 5.png,Dragon bolts (p)
1287,Some poisoned dragon bolts.,21926,True,174.0,11000.0,435.0,261.0,Dragon bolts (p+) 5.png,Dragon bolts (p+)
1288,Some poisoned dragon bolts.,21928,True,176.0,11000.0,440.0,264.0,Dragon bolts (p++) 5.png,Dragon bolts (p++)
1289,Unfeathered dragon crossbow bolts.,21930,True,56.0,13000.0,141.0,84.0,Dragon bolts (unf) 5.png,Dragon bolts (unf)
1290,These would feed a dog for months!,536,True,64.0,7500.0,160.0,96.0,Dragon bones.png,Dragon bones
1291,These will protect my feet.,11840,True,8000.0,70.0,20000.0,12000.0,Dragon boots.png,Dragon boots
1292,Use on some dragon boots to make them look fancier!,22231,True,2000.0,4.0,5000.0,3000.0,Dragon boots ornament kit.png,Dragon boots ornament kit
1293,An onyx topped cane.,12373,True,12000.0,4.0,30000.0,18000.0,Dragon cane.png,Dragon cane
1294,An old part of a dragon cannon.,32115,True,20000.0,100.0,50000.0,30000.0,Dragon cannon barrel.png,Dragon cannon barrel
1295,Ammo suited for a boat's cannon.,31916,True,720.0,11000.0,1800.0,1080.0,Dragon cannonball.png,Dragon cannonball
1296,A series of connected metal rings.,3140,True,100000.0,70.0,250000.0,150000.0,Dragon chainbody.png,Dragon chainbody
1297,Use on a dragon chainbody to make it look fancier!,12534,True,2000.0,4.0,5000.0,3000.0,Dragon chainbody ornament kit.png,Dragon chainbody ornament kit
1298,A set of fighting claws.,13652,True,82000.0,8.0,205000.0,123000.0,Dragon claws.png,Dragon claws
1299,A dragon crossbow.,21902,True,21600.0,70.0,54000.0,32400.0,Dragon crossbow.png,Dragon crossbow
1300,An unstrung dragon crossbow.,21921,True,12000.0,10000.0,30000.0,18000.0,Dragon crossbow (u).png,Dragon crossbow (u)
1301,A powerful dagger.,1215,True,12000.0,70.0,30000.0,18000.0,Dragon dagger.png,Dragon dagger
1302,A powerful dagger.,1231,True,9600.0,70.0,24000.0,14400.0,Dragon dagger(p).png,Dragon dagger(p)
1303,A powerful dagger.,5680,True,9600.0,70.0,24000.0,14400.0,Dragon dagger(p+).png,Dragon dagger(p+)
1304,A powerful dagger.,5698,True,9600.0,70.0,24000.0,14400.0,Dragon dagger(p++).png,Dragon dagger(p++)
1305,A deadly throwing dart with a dragon tip.,11230,True,200.0,11000.0,500.0,300.0,Dragon dart.png,Dragon dart
1306,A deadly looking dragon dart tip - needs feathers for flight.,11232,True,100.0,11000.0,250.0,150.0,Dragon dart tip.png,Dragon dart tip
1307,A deadly poisoned dart with a dragon tip.,11231,True,200.0,11000.0,500.0,300.0,Dragon dart(p).png,Dragon dart(p)
1308,A deadly poisoned dart with a dragon tip.,11233,True,200.0,11000.0,500.0,300.0,Dragon dart(p+).png,Dragon dart(p+)
1309,A deadly poisoned dart with a dragon tip.,11234,True,200.0,11000.0,500.0,300.0,Dragon dart(p++).png,Dragon dart(p++)
1310,Use on the dragon defender to trim it with gold.,20143,True,2000.0,4.0,5000.0,3000.0,Dragon defender ornament kit.png,Dragon defender ornament kit
1311,A woodcutter's axe.,28217,True,22000.0,,55000.0,33000.0,Dragon felling axe.png,Dragon felling axe
1312,Protects your head and looks impressive too.,11335,True,60000.0,8.0,150000.0,90000.0,Dragon full helm.png,Dragon full helm
1313,Use on a dragon full helm to make it look fancier!,12538,True,2000.0,4.0,5000.0,3000.0,Dragon full helm ornament kit.png,Dragon full helm ornament kit
1314,A dragon halberd.,3204,True,100000.0,70.0,250000.0,150000.0,Dragon halberd.png,Dragon halberd
1315,A very powerful harpoon.,21028,True,22000.0,5.0,55000.0,33000.0,Dragon harpoon.png,Dragon harpoon
1316,A one-handed dragon hasta.,22731,True,24960.0,70.0,62400.0,37440.0,Dragon hasta.png,Dragon hasta
1317,"A poison-tipped, one-handed dragon hasta",22734,True,24960.0,70.0,62400.0,37440.0,Dragon hasta(p).png,Dragon hasta(p)
1318,"A poison-tipped, one-handed dragon hasta",22737,True,24960.0,70.0,62400.0,37440.0,Dragon hasta(p+).png,Dragon hasta(p+)
1319,"A poison-tipped, one-handed dragon hasta",22740,True,24960.0,70.0,62400.0,37440.0,Dragon hasta(p++).png,Dragon hasta(p++)
1320,A crossbow used for dragon hunting.,21012,True,32000.0,8.0,80000.0,48000.0,Dragon hunter crossbow.png,Dragon hunter crossbow
1321,A lance that is exceptionally good at killing dragons and their ilk.,22978,True,120000.0,8.0,300000.0,180000.0,Dragon hunter lance.png,Dragon hunter lance
1322,A wand that is uniquely attuned to draconic creatures.,30070,True,120000.0,8.0,300000.0,180000.0,Dragon hunter wand.png,Dragon hunter wand
1323,Dragon impling in a jar.,11256,True,20.0,18000.0,50.0,30.0,Dragon impling jar.png,Dragon impling jar
1324,A dragon tipped javelin.,19484,True,180.0,11000.0,450.0,270.0,Dragon javelin.png,Dragon javelin
1325,Needs a shaft.,19582,True,780.0,10000.0,1950.0,1170.0,Dragon javelin tips 5.png,Dragon javelin tips
1326,A dragon tipped javelin.,19486,True,180.0,11000.0,450.0,270.0,Dragon javelin(p).png,Dragon javelin(p)
1327,A dragon tipped javelin.,19488,True,180.0,11000.0,450.0,270.0,Dragon javelin(p+).png,Dragon javelin(p+)
1328,A dragon tipped javelin.,19490,True,180.0,11000.0,450.0,270.0,Dragon javelin(p++).png,Dragon javelin(p++)
1329,Parts for creating a dragon keel for a boat.,32017,True,15000.0,100.0,37500.0,22500.0,Dragon keel parts.png,Dragon keel parts
1330,An ancient and powerful looking Dragon Kiteshield.,21895,True,640000.0,70.0,1600000.0,960000.0,Dragon kiteshield.png,Dragon kiteshield
1331,Use on a dragon kiteshield to make it look fancier!,22239,True,2000.0,4.0,5000.0,3000.0,Dragon kiteshield ornament kit.png,Dragon kiteshield ornament kit
1332,A finely balanced and powerful throwing knife.,22804,True,66.0,11000.0,167.0,100.0,Dragon knife.png,Dragon knife
1333,A finely balanced and powerful throwing knife.,22806,True,66.0,7000.0,166.0,99.0,Dragon knife(p).png,Dragon knife(p)
1334,A finely balanced and powerful throwing knife.,22808,True,66.0,7000.0,166.0,99.0,Dragon knife(p+).png,Dragon knife(p+)
1335,A finely balanced and powerful throwing knife.,22810,True,66.0,7000.0,166.0,99.0,Dragon knife(p++).png,Dragon knife(p++)
1336,Use on dragon platelegs or plateskirt to make them look fancier!,12536,True,2000.0,4.0,5000.0,3000.0,Dragon legs+skirt ornament kit.png,Dragon legs/skirt ornament kit
1337,A pair of dragon crossbow limbs.,21918,True,14000.0,10000.0,35000.0,21000.0,Dragon limbs.png,Dragon limbs
1338,A very powerful sword.,1305,True,40000.0,70.0,100000.0,60000.0,Dragon longsword.png,Dragon longsword
1339,A spiky mace.,1434,True,20000.0,70.0,50000.0,30000.0,Dragon mace.png,Dragon mace
1340,Makes the wearer pretty intimidating.,1149,True,40000.0,8.0,100000.0,60000.0,Dragon med helm.png,Dragon med helm
1341,A badly damaged lump of dragon metal.,22103,True,60000.0,50.0,150000.0,90000.0,Dragon metal lump.png,Dragon metal lump
1342,A badly damaged shard of dragon metal.,22097,True,480000.0,50.0,1200000.0,720000.0,Dragon metal shard.png,Dragon metal shard
1343,A very old sheet of dragon metal.,31996,True,20000.0,64.0,50000.0,30000.0,Dragon metal sheet.png,Dragon metal sheet
1344,A badly damaged slice of dragon metal.,22100,True,40000.0,50.0,100000.0,60000.0,Dragon metal slice.png,Dragon metal slice
1345,Keeps things in place fairly permanently.,31406,True,140.0,13000.0,350.0,210.0,Dragon nails.png,Dragon nails
1346,I wonder if this is valuable.,1664,True,7350.0,10000.0,18375.0,11025.0,Dragon necklace.png,Dragon necklace
1347,"If rocks could feel fear, they'd fear this.",11920,True,39180.0,40.0,97950.0,58770.0,Dragon pickaxe.png,Dragon pickaxe
1348,Makes a dragon pickaxe more beautiful.,12800,True,640.0,50.0,1600.0,960.0,Dragon pickaxe upgrade kit.png,Dragon pickaxe upgrade kit
1349,Provides excellent protection.,21892,True,800000.0,70.0,2000000.0,1200000.0,Dragon platebody.png,Dragon platebody
1350,Use on a dragon platebody to make it look fancier!,22236,True,2000.0,4.0,5000.0,3000.0,Dragon platebody ornament kit.png,Dragon platebody ornament kit
1351,These look pretty heavy.,4087,True,108000.0,70.0,270000.0,162000.0,Dragon platelegs.png,Dragon platelegs
1352,This looks pretty heavy.,4585,True,108000.0,70.0,270000.0,162000.0,Dragon plateskirt.png,Dragon plateskirt
1353,Finely ground scale of Dragon.,241,True,20.0,13000.0,52.0,31.0,Dragon scale dust.png,Dragon scale dust
1354,"A vicious, curved sword.",4587,True,40000.0,70.0,100000.0,60000.0,Dragon scimitar.png,Dragon scimitar
1355,Use on the dragon scimitar to trim it with gold.,20002,True,2000.0,4.0,5000.0,3000.0,Dragon scimitar ornament kit.png,Dragon scimitar ornament kit
1356,A dragon tipped spear.,1249,True,24960.0,70.0,62400.0,37440.0,Dragon spear.png,Dragon spear
1357,A poisoned dragon tipped spear.,1263,True,24960.0,70.0,62400.0,37440.0,Dragon spear(p).png,Dragon spear(p)
1358,A poisoned dragon tipped spear.,5716,True,24960.0,70.0,62400.0,37440.0,Dragon spear(p+).png,Dragon spear(p+)
1359,A poisoned dragon tipped spear.,5730,True,24960.0,70.0,62400.0,37440.0,Dragon spear(p++).png,Dragon spear(p++)
1360,An ancient and powerful looking Dragon Square shield.,1187,True,200000.0,70.0,500000.0,300000.0,Dragon sq shield.png,Dragon sq shield
1361,Use on a dragon square shield to make it look fancier!,12532,True,2000.0,4.0,5000.0,3000.0,Dragon sq shield ornament kit.png,Dragon sq shield ornament kit
1362,A razor sharp sword.,21009,True,28800.0,70.0,72001.0,43200.0,Dragon sword.png,Dragon sword
1363,A razor sharp throwing axe.,20849,True,300.0,11000.0,750.0,450.0,Dragon thrownaxe.png,Dragon thrownaxe
1364,"Spikey, close combat weapon.",13576,True,48000.0,8.0,120000.0,72000.0,Dragon warhammer.png,Dragon warhammer
1365,A necklace made out of dragon bones.,22111,True,32000.0,8.0,80000.0,48000.0,Dragonbone necklace.png,Dragonbone necklace
1366,"A heavy shield with a snarling, draconic visage.",11284,True,800000.0,8.0,2000000.0,1200000.0,Dragonfire shield (uncharged).png,Dragonfire shield
1367,"A light shield with a haunting, skeletal visage.",22003,True,800000.0,8.0,2000000.0,1200000.0,Dragonfire ward (uncharged).png,Dragonfire ward
1368,A large ripe dragonfruit.,22929,True,38.0,11000.0,95.0,57.0,Dragonfruit.png,Dragonfruit
1369,Mmm dragonfruit pie.,22795,True,28.0,10000.0,70.0,42.0,Dragonfruit pie.png,Dragonfruit pie
1370,This sapling is ready to be replanted in a fruit tree patch.,22866,True,1.0,200.0,1.0,1.0,Dragonfruit sapling.png,Dragonfruit sapling
1371,Plant in a plantpot of soil to grow a sapling.,22877,True,172.0,200.0,430.0,258.0,Dragonfruit tree seed 5.png,Dragonfruit tree seed
1372,This looks valuable.,1615,True,4000.0,11000.0,10000.0,6000.0,Dragonstone.png,Dragonstone
1373,I wonder if I can get this enchanted.,1702,True,7050.0,10000.0,17625.0,10575.0,Dragonstone amulet.png,Dragonstone amulet
1374,It needs a string so I can wear it.,1683,True,7050.0,10000.0,17625.0,10575.0,Dragonstone amulet (u).png,Dragonstone amulet (u)
1375,"A set containing dragonstone helmet, platebody, platelegs, boots and gauntlets.",23667,True,32000.0,,80000.0,48000.0,Dragonstone armour set.png,Dragonstone armour set
1376,Dragonstone bolt tips.,9193,True,266.0,11000.0,667.0,400.0,Dragonstone bolt tips 5.png,Dragonstone bolt tips
1377,Dragonstone tipped Runite crossbow bolts.,9341,True,386.0,11000.0,967.0,580.0,Dragonstone bolts 5.png,Dragonstone bolts
1378,Enchanted Dragonstone tipped Runite Crossbow Bolts.,9244,True,425.0,11000.0,1063.0,637.0,Dragonstone bolts (e) 5.png,Dragonstone bolts (e)
1379,A stylish pair of rune boots inlaid with dragonstones.,24043,True,5000.0,,12500.0,7500.0,Dragonstone boots.png,Dragonstone boots
1380,I wonder if this is valuable.,11115,True,7650.0,10000.0,19125.0,11475.0,Dragonstone bracelet.png,Dragonstone bracelet
1381,"Dragon crossbow bolts, tipped with dragonstone. Double dragon!",21971,True,398.0,11000.0,995.0,597.0,Dragonstone dragon bolts 5.png,Dragonstone dragon bolts
1382,"Enchanted Dragon crossbow bolts, tipped with dragonstone. Double dragon!",21948,True,460.0,11000.0,1150.0,690.0,Dragonstone dragon bolts (e) 5.png,Dragonstone dragon bolts (e)
1383,A stylish rune full helm inlaid with dragonstones.,24034,False,14080.0,,35200.0,21120.0,Dragonstone full helm.png,Dragonstone full helm
1384,A stylish pair of rune gauntlets inlaid with dragonstones.,24046,True,5000.0,,12500.0,7500.0,Dragonstone gauntlets.png,Dragonstone gauntlets
1385,A stylish rune platebody inlaid with dragonstones.,24037,False,26000.0,,65000.0,39000.0,Dragonstone platebody.png,Dragonstone platebody
1386,A stylish pair of rune platelegs inlaid with dragonstones.,24040,False,25600.0,,64000.0,38400.0,Dragonstone platelegs.png,Dragonstone platelegs
1387,A valuable ring.,1645,True,7050.0,10000.0,17625.0,10575.0,Dragonstone ring.png,Dragonstone ring
1388,The bones of a ferocious Drake.,22783,True,64.0,7500.0,160.0,96.0,Drake bones.png,Drake bones
1389,The claw of a ferocious drake. They could be combined with the boots of stone.,22957,True,40000.0,15.0,100000.0,60000.0,Drake's claw.png,Drake's claw
1390,The tooth of a ferocious drake. They could be combined with holy sandals.,22960,True,40000.0,70.0,100000.0,60000.0,Drake's tooth.png,Drake's tooth
1391,A teleport to Draynor Manor.,19615,True,1.0,10000.0,1.0,1.0,Draynor manor teleport (tablet).png,Draynor manor teleport (tablet)
1392,"A very large net, too big to be used by hand.",21652,True,8.0,600.0,20.0,12.0,Drift net.png,Drift net
1393,Keeps a druid's knees nice and warm.,538,True,12.0,125.0,30.0,18.0,Druid's robe.png,Druid's robe
1394,I feel closer to the gods when I am wearing this.,540,True,16.0,125.0,40.0,24.0,Druid's robe top.png,Druid's robe top
1395,A warm creamy alcoholic beverage.,2092,True,12.0,2000.0,30.0,18.0,Drunk dragon.png,Drunk dragon
1396,A brutal pair.,28997,True,116004.0,15.0,290010.0,174006.0,Dual macuahuitl.png,Dual macuahuitl
1397,A pair of aggressive Sai.,23206,True,2400.0,8.0,6000.0,3600.0,Dual sai.png,Dual sai
1398,What you have here is some totally worthless dust. Excellent stuff!,30328,False,1.0,250.0,2.0,1.0,Dust_(item).png,Dust
1399,It's a slightly magical stick.,20736,True,6200.0,8.0,15500.0,9300.0,Dust battlestaff.png,Dust battlestaff
1400,A combined Air and Earth Rune.,4696,True,8.0,18000.0,20.0,12.0,Dust rune.png,Dust rune
1401,A set containing the four parts of the Dwarf Multicannon.,12863,True,240000.0,40.0,600000.0,360000.0,Dwarf cannon set.png,Dwarf cannon set
1402,A powerful herb.,267,True,28.0,11000.0,70.0,42.0,Dwarf weed.png,Dwarf weed
1403,I need another ingredient to finish this Dwarf Weed potion.,109,True,28.0,10000.0,70.0,42.0,Dwarf weed potion (unf).png,Dwarf weed potion (unf)
1404,A dwarf weed seed - plant in a herb patch.,5303,True,2.0,200.0,6.0,3.0,Dwarf weed seed 5.png,Dwarf weed seed
1405,A sturdy helmet that belonged to Rupert the Beard.,11200,True,24000.0,50.0,60000.0,36000.0,Dwarven helmet.png,Dwarven helmet
1406,A pint of thick dark beer.,1913,False,1.0,2000.0,2.0,1.0,Dwarven stout.png,Dwarven stout
1407,This keg contains 4 pints of Dwarven Stout.,5777,True,1.0,2000.0,1.0,1.0,Dwarven stout(4).png,Dwarven stout(4)
1408,This looks a good deal stronger than normal Dwarven Stout.,5747,True,1.0,2000.0,2.0,1.0,Dwarven stout(m).png,Dwarven stout(m)
1409,This keg contains 4 pints of mature Dwarven Stout.,5857,True,1.0,2000.0,1.0,1.0,Dwarven stout(m4).png,Dwarven stout(m4)
1410,Some rather pretty blue berries.,2126,True,1.0,13000.0,4.0,2.0,Dwellberries.png,Dwellberries
1411,A dwellberry bush seed - plant in a bush patch.,5103,True,10.0,600.0,25.0,15.0,Dwellberry seed 5.png,Dwellberry seed
1412,"A pot of dynamite for blast mining, with a fuse ready to light.",13573,True,20.0,13000.0,50.0,30.0,Dynamite.png,Dynamite
1413,These will protect my ears from loud noise.,4166,True,80.0,70.0,200.0,120.0,Earmuffs.png,Earmuffs
1414,It's a slightly magical stick.,1399,True,6200.0,18000.0,15500.0,9300.0,Earth battlestaff.png,Earth battlestaff
1415,Earth impling in a jar.,11244,True,20.0,18000.0,50.0,30.0,Earth impling jar.png,Earth impling jar
1416,A magic glowing orb.,575,True,120.0,11000.0,300.0,180.0,Earth orb.png,Earth orb
1417,One of the 4 basic elemental Runes.,557,False,1.0,50000.0,4.0,2.0,Earth rune.png,Earth rune
1418,A mysterious power emanates from the talisman...,1440,False,1.0,11000.0,4.0,2.0,Earth talisman.png,Earth talisman
1419,A tiara infused with the properties of the earth.,5535,False,40.0,40.0,100.0,60.0,Earth tiara.png,Earth tiara
1420,Shaped from rock that was sharpened by time.,30957,True,12000.0,,30000.0,18000.0,Earthbound tecpatl.png,Earthbound tecpatl
1421,Happy Easter.,1961,False,4.0,50.0,10.0,6.0,Easter egg.png,Easter egg
1422,Used on Ahrim's robes to decorate them in the style of Leagues V: Raging Echoes.,30451,True,2000.0,,5000.0,3000.0,Echo ahrim's ornament kit.png,Echo ahrim's ornament kit
1423,A crystal of rebounding potential.,28942,True,60000.0,8.0,150000.0,90000.0,Echo crystal.png,Echo crystal
1424,A scroll which unlocks the Raging Echoes Home Teleport animation.,30453,True,10000.0,,25000.0,15000.0,Echo home teleport scroll.png,Echo home teleport scroll
1425,"A glowing pearl, as you stare into it you can hear sounds of the ocean.",31946,True,3200.0,,8000.0,4800.0,Echo pearl.png,Echo pearl
1426,Used on a Venator Bow to decorate it in the style of Leagues V: Raging Echoes.,30432,True,2000.0,,5000.0,3000.0,Echo venator bow ornament kit.png,Echo venator bow ornament kit
1427,Used on Virtus robes to decorate them in the style of Leagues V: Raging Echoes.,30443,True,2000.0,,5000.0,3000.0,Echo virtus ornament kit.png,Echo virtus ornament kit
1428,Eclectic impling in a jar.,11248,True,20.0,18000.0,50.0,30.0,Eclectic impling jar.png,Eclectic impling jar
1429,A powerful thrown weapon forged from an eclipse.,29000,True,64000.0,15.0,160000.0,96000.0,Eclipse atlatl.png,Eclipse atlatl
1430,"A set containing a Eclipse moon helm, Eclipse moon chestplate, Eclipse moon tassets and Eclipse atlatl.",31142,True,58000.0,,145000.0,87000.0,Eclipse moon armour set.png,Eclipse moon armour set
1431,The chestplate of the Eclipse Moon.,29004,True,116004.0,15.0,290010.0,174006.0,Eclipse moon chestplate.png,Eclipse moon chestplate
1432,The chestplate of the Eclipse Moon.,29049,True,116004.0,15.0,290010.0,174006.0,Eclipse moon chestplate (broken).png,Eclipse moon chestplate (broken)
1433,The helm of the Eclipse Moon.,29010,True,41200.0,15.0,103000.0,61800.0,Eclipse moon helm.png,Eclipse moon helm
1434,The helm of the Eclipse Moon.,29055,True,41200.0,15.0,103000.0,61800.0,Eclipse moon helm (broken).png,Eclipse moon helm (broken)
1435,The tassets of the Eclipse Moon.,29007,True,115964.0,15.0,289910.0,173946.0,Eclipse moon tassets.png,Eclipse moon tassets
1436,The tassets of the Eclipse Moon.,29052,True,115964.0,15.0,289910.0,173946.0,Eclipse moon tassets (broken).png,Eclipse moon tassets (broken)
1437,A full-bodied Aldarin Red that's generally considered the finest wine available.,29415,True,400.0,,1000.0,600.0,Eclipse red.png,Eclipse red
1438,Slightly damp seaweed.,403,True,1.0,13000.0,2.0,1.0,Edible seaweed.png,Edible seaweed
1439,Aids the user against vampyres.,21140,True,570.0,10000.0,1425.0,855.0,Efaritay's aid.png,Efaritay's aid
1440,"A blue salt, that when burned with other salts provides various benefits.",22595,True,4.0,10000.0,11.0,6.0,Efh salt.png,Efh salt
1441,A nice fresh egg.,1944,False,1.0,13000.0,4.0,2.0,Egg.png,Egg
1442,A bowl of scrambled eggs and tomato.,7064,True,4.0,13000.0,12.0,7.0,Egg and tomato.png,Egg and tomato
1443,A baked potato with egg and tomato.,7056,True,4.0,13000.0,12.0,7.0,Egg potato.png,Egg potato
1444,A large whisk of death.,7435,True,20.0,50.0,50.0,30.0,Egg whisk.png,Egg whisk
1445,The hood worn by the dangerous elder druids.,20595,True,200.0,8.0,500.0,300.0,Elder chaos hood.png,Elder chaos hood
1446,The robes worn by the dangerous elder druids.,20520,True,280.0,8.0,700.0,420.0,Elder chaos robe.png,Elder chaos robe
1447,The robes worn by the dangerous elder druids.,20517,True,320.0,8.0,800.0,480.0,Elder chaos top.png,Elder chaos top
1448,A maul crafted from the component parts of Tekton.,21003,True,200004.0,8.0,500010.0,300006.0,Elder maul.png,Elder maul
1449,"An ancient magical orb, corrupted by darkness.",24517,True,1600000.0,8.0,4000000.0,2400000.0,Eldritch orb.png,Eldritch orb
1450,A magic helmet.,9729,True,8.0,70.0,20.0,12.0,Elemental helmet.png,Elemental helmet
1451,A magic shield.,2890,True,8.0,70.0,20.0,12.0,Elemental shield.png,Elemental shield
1452,How does it all fit in there?,8626,True,4.0,500.0,10.0,6.0,Elemental sphere (flatpack).png,Elemental sphere (flatpack)
1453,A mysterious power emanates from the talisman...,5516,True,200.0,40.0,500.0,300.0,Elemental talisman.png,Elemental talisman
1454,A tiara infused with the properties of every elemental rune.,26804,True,40.0,,100.0,60.0,Elemental tiara.png,Elemental tiara
1455,A ward once used by Elidinis herself.,25985,True,2000000.0,8.0,5000000.0,3000000.0,Elidinis' ward.png,Elidinis' ward
1456,No elks were harmed in the making of this coral.,31481,True,20.0,,52.0,31.0,Elkhorn coral.png,Elkhorn coral
1457,This can be propagated in a coral nursery.,31511,True,10.0,600.0,26.0,15.0,Elkhorn frag.png,Elkhorn frag
1458,I need another ingredient to finish this Elkhorn potion.,31662,True,10.0,,25.0,15.0,Elkhorn potion (unf).png,Elkhorn potion (unf)
1459,Decorative elven boots.,24003,True,4000.0,125.0,10000.0,6000.0,Elven boots.png,Elven boots
1460,It seems to have a little sparkle to it.,23948,True,2.0,,6.0,3.0,Elven dawn.png,Elven dawn
1461,Decorative elven gloves.,24006,True,4000.0,,10000.0,6000.0,Elven gloves.png,Elven gloves
1462,Clothing from the elven city of Prifddinas.,24024,False,2000.0,,5000.0,3000.0,Elven legwear.png,Elven legwear
1463,A signet ring with some elven markings.,23943,True,12000.0,5.0,30000.0,18000.0,Elven signet.png,Elven signet
1464,Clothing from the elven city of Prifddinas.,24018,False,2000.0,,5000.0,3000.0,Elven skirt (white).png,Elven skirt (white)
1465,Clothing from the elven city of Prifddinas.,24012,False,2000.0,,5000.0,3000.0,Elven skirt (yellow).png,Elven skirt (yellow)
1466,Clothing from the elven city of Prifddinas.,24027,False,2000.0,,5000.0,3000.0,Elven top (white vest).png,Elven top (white vest)
1467,Clothing from the elven city of Prifddinas.,24015,False,2000.0,,5000.0,3000.0,Elven top (white).png,Elven top (white)
1468,Clothing from the elven city of Prifddinas.,24021,False,2000.0,,5000.0,3000.0,Elven top (yellow vest).png,Elven top (yellow vest)
1469,Clothing from the elven city of Prifddinas.,24009,False,2000.0,,5000.0,3000.0,Elven top (yellow).png,Elven top (yellow)
1470,A sigil in the shape of an elysian symbol.,12819,True,300000.0,5.0,750000.0,450000.0,Elysian sigil.png,Elysian sigil
1471,An ethereal shield with an elysian sigil attached to it.,12817,True,800000.0,8.0,2000000.0,1200000.0,Elysian spirit shield.png,Elysian spirit shield
1472,This looks valuable.,1605,False,200.0,13000.0,500.0,300.0,Emerald.png,Emerald
1473,I wonder if I can get this enchanted.,1696,False,510.0,10000.0,1275.0,765.0,Emerald amulet.png,Emerald amulet
1474,It needs a string so I can wear it.,1677,False,510.0,10000.0,1275.0,765.0,Emerald amulet (u).png,Emerald amulet (u)
1475,Emerald bolt tips.,9190,True,13.0,11000.0,33.0,19.0,Emerald bolt tips 5.png,Emerald bolt tips
1476,Emerald tipped Mithril crossbow bolts.,9338,True,21.0,11000.0,53.0,31.0,Emerald bolts 5.png,Emerald bolts
1477,Enchanted Emerald tipped Mithril Crossbow Bolts.,9241,True,23.0,11000.0,59.0,35.0,Emerald bolts (e) 5.png,Emerald bolts (e)
1478,I wonder if this is valuable.,11076,True,610.0,10000.0,1525.0,915.0,Emerald bracelet.png,Emerald bracelet
1479,"Dragon crossbow bolts, tipped with emerald.",21965,True,320.0,11000.0,800.0,480.0,Emerald dragon bolts 5.png,Emerald dragon bolts
1480,"Enchanted Dragon crossbow bolts, tipped with emerald.",21942,True,332.0,11000.0,830.0,498.0,Emerald dragon bolts (e) 5.png,Emerald dragon bolts (e)
1481,I wonder if this is valuable.,1658,False,570.0,18000.0,1425.0,855.0,Emerald necklace.png,Emerald necklace
1482,A valuable ring.,1639,False,510.0,10000.0,1275.0,765.0,Emerald ring.png,Emerald ring
1483,Put a candle in to complete it.,4527,True,4.0,10000.0,10.0,6.0,Empty candle lantern.png,Empty candle lantern
1484,An empty cup.,1980,True,1.0,13000.0,2.0,1.0,Empty cup.png,Empty cup
1485,An empty fishbowl.,6667,True,1.0,100.0,1.0,1.0,Empty fishbowl.png,Empty fishbowl
1486,An oil lamp with no oil in it.,4525,True,10.0,10000.0,25.0,15.0,Empty oil lamp.png,Empty oil lamp
1487,Put oil in to complete it.,4535,True,48.0,10000.0,120.0,72.0,Empty oil lantern.png,Empty oil lantern
1488,An empty plant pot.,5350,True,1.0,10000.0,1.0,1.0,Empty plant pot.png,Empty plant pot
1489,An empty vegetable sack.,5418,True,1.0,10000.0,1.0,1.0,Empty sack.png,Empty sack
1490,A tablet containing a magic spell.,8019,True,1.0,10000.0,1.0,1.0,Enchant diamond.png,Enchant diamond
1491,A tablet containing a magic spell.,8020,True,1.0,10000.0,1.0,1.0,Enchant dragonstone.png,Enchant dragonstone
1492,A tablet containing a magic spell.,8017,True,1.0,10000.0,1.0,1.0,Enchant emerald or jade.png,Enchant emerald or jade
1493,A tablet containing a magic spell.,8021,True,1.0,10000.0,1.0,1.0,Enchant onyx.png,Enchant onyx
1494,A tablet containing a magic spell.,8018,True,1.0,10000.0,1.0,1.0,Enchant ruby or topaz.png,Enchant ruby or topaz
1495,A tablet containing a magic spell.,8016,True,1.0,10000.0,1.0,1.0,Enchant sapphire or opal.png,Enchant sapphire or opal
1496,A three pointed hat of magic.,7400,True,6000.0,8.0,15000.0,9000.0,Enchanted hat.png,Enchanted hat
1497,Enchanted Wizards robes.,7398,True,32000.0,8.0,80000.0,48000.0,Enchanted robe.png,Enchanted robe
1498,Enchanted Wizards robes.,7399,True,48000.0,8.0,120000.0,72000.0,Enchanted top.png,Enchanted top
1499,One dose of fishy energy potion.,11455,True,14.0,2000.0,36.0,21.0,Energy mix(1).png,Energy mix(1)
1500,Two doses of fishy energy potion.,11453,True,28.0,2000.0,72.0,43.0,Energy mix(2).png,Energy mix(2)
1501,1 dose of energy potion.,3014,False,14.0,2000.0,36.0,21.0,Energy potion(1).png,Energy potion(1)
1502,2 doses of energy potion.,3012,False,28.0,2000.0,72.0,43.0,Energy potion(2).png,Energy potion(2)
1503,3 doses of energy potion.,3010,False,44.0,2000.0,110.0,66.0,Energy potion(3).png,Energy potion(3)
1504,4 doses of energy potion.,3008,False,58.0,2000.0,146.0,87.0,Energy potion(4).png,Energy potion(4)
1505,A seed to be sung into a infinite teleport crystal.,23959,True,40000.0,100.0,100000.0,60000.0,Enhanced crystal teleport seed.png,Enhanced crystal teleport seed
1506,A seed to be sung into the most powerful crystal weaponry.,25859,True,200000.0,70.0,500000.0,300000.0,Enhanced crystal weapon seed.png,Enhanced crystal weapon seed
1507,An enhanced blueprint for a quetzal whistle.,29253,True,2000.0,,5000.0,3000.0,Enhanced quetzal whistle blueprint.png,Enhanced quetzal whistle blueprint
1508,The creature's soul is still in here.,13508,True,234.0,3000.0,585.0,351.0,Ensouled abyssal head.png,Ensouled abyssal head
1509,The creature's soul is still in here.,13505,True,221.0,7500.0,553.0,331.0,Ensouled aviansie head.png,Ensouled aviansie head
1510,The creature's soul is still in here.,13463,True,104.0,3000.0,260.0,156.0,Ensouled bear head.png,Ensouled bear head
1511,The creature's soul is still in here.,13496,True,197.0,3000.0,494.0,296.0,Ensouled bloodveld head.png,Ensouled bloodveld head
1512,The creature's soul is still in here.,13472,True,119.0,3000.0,299.0,179.0,Ensouled chaos druid head.png,Ensouled chaos druid head
1513,The creature's soul is still in here.,13493,True,182.0,7500.0,455.0,273.0,Ensouled dagannoth head.png,Ensouled dagannoth head
1514,The creature's soul is still in here.,13502,True,210.0,7500.0,527.0,316.0,Ensouled demon head.png,Ensouled demon head
1515,The creature's soul is still in here.,13469,True,114.0,3000.0,286.0,171.0,Ensouled dog head.png,Ensouled dog head
1516,The creature's soul is still in here.,13511,True,260.0,7500.0,650.0,390.0,Ensouled dragon head.png,Ensouled dragon head
1517,The creature's soul is still in here.,13481,True,143.0,7500.0,358.0,214.0,Ensouled elf head.png,Ensouled elf head
1518,The creature's soul is still in here.,13475,True,127.0,3000.0,319.0,191.0,Ensouled giant head.png,Ensouled giant head
1519,The creature's soul is still in here.,13448,True,20.0,3000.0,52.0,31.0,Ensouled goblin head.png,Ensouled goblin head
1520,The creature's soul is still in here. I could reanimate it with Expert Reanimation.,26997,True,214.0,,536.0,321.0,Ensouled hellhound head.png,Ensouled hellhound head
1521,The creature's soul is still in here.,13487,True,161.0,7500.0,403.0,241.0,Ensouled horror head.png,Ensouled horror head
1522,The creature's soul is still in here.,13454,True,62.0,3000.0,156.0,93.0,Ensouled imp head.png,Ensouled imp head
1523,The creature's soul is still in here.,13490,True,173.0,7500.0,433.0,259.0,Ensouled kalphite head.png,Ensouled kalphite head
1524,The creature's soul is still in here.,13457,True,91.0,3000.0,228.0,136.0,Ensouled minotaur head.png,Ensouled minotaur head
1525,The creature's soul is still in here.,13451,True,41.0,3000.0,104.0,62.0,Ensouled monkey head.png,Ensouled monkey head
1526,The creature's soul is still in here.,13478,True,135.0,3000.0,338.0,202.0,Ensouled ogre head.png,Ensouled ogre head
1527,The creature's soul is still in here.,13460,True,98.0,3000.0,247.0,148.0,Ensouled scorpion head.png,Ensouled scorpion head
1528,The creature's soul is still in here.,13484,True,153.0,7500.0,384.0,230.0,Ensouled troll head.png,Ensouled troll head
1529,The creature's soul is still in here.,13499,True,202.0,3000.0,507.0,304.0,Ensouled tzhaar head.png,Ensouled tzhaar head
1530,The creature's soul is still in here.,13466,True,106.0,3000.0,267.0,160.0,Ensouled unicorn head.png,Ensouled unicorn head
1531,A branch from an ent.,31032,True,88.0,,220.0,132.0,Ent branch.png,Ent branch
1532,Small sweet smelling leaves.,2128,True,1.0,13000.0,2.0,1.0,Equa leaves.png,Equa leaves
1533,Essence impling in a jar.,11246,True,20.0,18000.0,50.0,30.0,Essence impling jar.png,Essence impling jar
1534,A pair of upgraded infinity boots.,13235,True,30000.0,15.0,75000.0,45000.0,Eternal boots.png,Eternal boots
1535,A powerful crystal of magic.,13227,True,18000.0,15.0,45000.0,27000.0,Eternal crystal.png,Eternal crystal
1536,"Like the enchanted gem sold by Slayer Masters, only with an eternal charge.",21270,True,3800.0,8.0,9500.0,5700.0,Eternal gem.png,Eternal gem
1537,Perfect for crossing the road in an evil manner.,20433,True,1.0,4.0,1.0,1.0,Evil chicken feet.png,Evil chicken feet
1538,Cock-a-doodle-do!,20439,True,1.0,4.0,1.0,1.0,Evil chicken head.png,Evil chicken head
1539,Evil legs for an evil human wanting to dress like an evil chicken.,20442,True,1.0,4.0,1.0,1.0,Evil chicken legs.png,Evil chicken legs
1540,I look evil and fowl in this.,20436,True,1.0,4.0,1.0,1.0,Evil chicken wings.png,Evil chicken wings
1541,Allows one slayer kill to count as two.,21177,True,460.0,15000.0,1150.0,690.0,Expeditious bracelet.png,Expeditious bracelet
1542,I'm the Backpack loaded up with things and knick knacks too.,12514,True,620.0,4.0,1550.0,930.0,Explorer backpack.png,Explorer backpack
1543,1 dose of extended super antivenom potion.,29833,True,44.0,2000.0,111.0,66.0,Extended anti-venom+(1).png,Extended anti-venom+(1)
1544,2 doses of extended super antivenom potion.,29830,True,88.0,2000.0,222.0,133.0,Extended anti-venom+(2).png,Extended anti-venom+(2)
1545,3 doses of extended super antivenom potion.,29827,True,133.0,2000.0,333.0,199.0,Extended anti-venom+(3).png,Extended anti-venom+(3)
1546,4 doses of extended super antivenom potion.,29824,True,177.0,2000.0,444.0,266.0,Extended anti-venom+(4).png,Extended anti-venom+(4)
1547,One dose of fishy extended anti-firebreath potion.,11962,True,64.0,2000.0,160.0,96.0,Extended antifire mix(1).png,Extended antifire mix(1)
1548,Two doses of fishy extended anti-firebreath potion.,11960,True,96.0,2000.0,240.0,144.0,Extended antifire mix(2).png,Extended antifire mix(2)
1549,1 dose of extended anti-firebreath potion.,11957,True,44.0,2000.0,110.0,66.0,Extended antifire(1).png,Extended antifire(1)
1550,2 doses of extended anti-firebreath potion.,11955,True,88.0,2000.0,220.0,132.0,Extended antifire(2).png,Extended antifire(2)
1551,3 doses of extended anti-firebreath potion.,11953,True,132.0,2000.0,330.0,198.0,Extended antifire(3).png,Extended antifire(3)
1552,4 doses of extended anti-firebreath potion.,11951,True,176.0,2000.0,440.0,264.0,Extended antifire(4).png,Extended antifire(4)
1553,1 dose of extended stamina potion.,31647,True,16.0,,40.0,24.0,Extended stamina potion(1).png,Extended stamina potion(1)
1554,2 doses of extended stamina potion.,31644,True,36.0,,90.0,54.0,Extended stamina potion(2).png,Extended stamina potion(2)
1555,3 doses of extended stamina potion.,31641,True,68.0,,170.0,102.0,Extended stamina potion(3).png,Extended stamina potion(3)
1556,4 doses of extended stamina potion.,31638,True,100.0,,250.0,150.0,Extended stamina potion(4).png,Extended stamina potion(4)
1557,One dose of fishy extended super anti-firebreath potion.,22224,True,64.0,2000.0,160.0,96.0,Extended super antifire mix(1).png,Extended super antifire mix(1)
1558,Two doses of fishy extended super anti-firebreath potion.,22221,True,96.0,2000.0,240.0,144.0,Extended super antifire mix(2).png,Extended super antifire mix(2)
1559,1 dose of extended super anti-firebreath potion.,22218,True,272.0,2000.0,680.0,408.0,Extended super antifire(1).png,Extended super antifire(1)
1560,2 doses of extended super anti-firebreath potion.,22215,True,288.0,2000.0,720.0,432.0,Extended super antifire(2).png,Extended super antifire(2)
1561,3 doses of extended super anti-firebreath potion.,22212,True,304.0,2000.0,760.0,456.0,Extended super antifire(3).png,Extended super antifire(3)
1562,4 doses of extended super anti-firebreath potion.,22209,True,320.0,2000.0,800.0,480.0,Extended super antifire(4).png,Extended super antifire(4)
1563,1 dose of extreme energy potion.,31623,True,16.0,,40.0,24.0,Extreme energy potion(1).png,Extreme energy potion(1)
1564,2 doses of extreme energy potion.,31620,True,36.0,,90.0,54.0,Extreme energy potion(2).png,Extreme energy potion(2)
1565,3 doses of extreme energy potion.,31617,True,68.0,,170.0,102.0,Extreme energy potion(3).png,Extreme energy potion(3)
1566,4 doses of extreme energy potion.,31614,True,100.0,,250.0,150.0,Extreme energy potion(4).png,Extreme energy potion(4)
1567,This staff is imbued with demonic power. It is currently uncharged.,31115,True,2400000.0,8.0,6000000.0,3600000.0,Eye of ayak (uncharged).png,Eye of ayak (uncharged)
1568,It seems to be looking at me.,221,False,1.0,13000.0,3.0,1.0,Eye of newt.png,Eye of newt
1569,Stops me breathing in too much dust.,4164,True,80.0,70.0,200.0,120.0,Facemask.png,Facemask
1570,"With proper application of directed exhalations, this complicated technology doubles as a folk instrument.",33074,True,23077.0,,57693.0,34615.0,Facility bottle (empty).png,Facility bottle (empty)
1571,Makes me itch.,4593,True,1.0,15.0,1.0,1.0,Fake beard.png,Fake beard
1572,A teleport to Falador.,8009,True,1.0,15000.0,1.0,1.0,Falador teleport (tablet).png,Falador teleport (tablet)
1573,You can plant this in your garden.,8445,True,10000.0,10000.0,25000.0,15000.0,Fancy hedge (bagged).png,Fancy hedge (bagged)
1574,How does it all fit in there?,8604,True,4.0,500.0,10.0,6.0,Fancy teak dresser (flatpack).png,Fancy teak dresser (flatpack)
1575,Call me princess.,20008,True,3200.0,4.0,8000.0,4800.0,Fancy tiara.png,Fancy tiara
1576,The fangs of a matriarch spider. They seem to maintain a sense of her power.,27670,True,32000.0,8.0,80000.0,48000.0,Fangs of venenatis.png,Fangs of venenatis
1577,This helmet is worn by farseers.,3755,True,24000.0,70.0,60000.0,36000.0,Farseer helm.png,Farseer helm
1578,"The fat, slimy corpse of a deceased giant snail.",3367,True,6.0,13000.0,15.0,9.0,Fat snail.png,Fat snail
1579,A succulently slimy slice of sumptuous snail.,3373,True,12.0,6000.0,30.0,18.0,Fat snail meat.png,Fat snail meat
1580,Ancient ogre bones from the ogre burial tomb.,4830,True,1.0,7500.0,1.0,1.0,Fayrg bones.png,Fayrg bones
1581,Used for fly fishing.,314,False,1.0,30000.0,2.0,1.0,Feather.png,Feather
1582,Makes you look fedorable.,11990,True,120.0,4.0,300.0,180.0,Fedora.png,Fedora
1583,Teleports you to Feldip hills.,12404,True,4.0,10000.0,10.0,6.0,Feldip hills teleport.png,Feldip hills teleport
1584,"Not actually from a weasel, but it is, at least, furry.",10119,True,5.0,10000.0,14.0,8.0,Feldip weasel fur.png,Feldip weasel fur
1585,A large handle for turning an axe into a felling axe.,28177,True,2000.0,,5000.0,3000.0,Felling axe handle.png,Felling axe handle
1586,A teleport to Fenkenstrain's Castle.,19621,True,1.0,10000.0,1.0,1.0,Fenkenstrain's castle teleport (tablet).png,Fenkenstrain's castle teleport (tablet)
1587,A Fez hat. Juss like that.,6382,True,8.0,150.0,20.0,12.0,Fez.png,Fez
1588,An interesting looking bone shard.,6167,True,24.0,11000.0,60.0,36.0,Fibula piece.png,Fibula piece
1589,A heap of ashes.,25766,False,1.0,,1.0,1.0,Fiendish ashes.png,Fiendish ashes
1590,A plant pot filled with soil.,5354,True,1.0,2000.0,1.0,1.0,Filled plant pot.png,Filled plant pot
1591,Amazingly untouched by time.,3470,True,200.0,11000.0,500.0,300.0,Fine cloth.png,Fine cloth
1592,Slices of fine inedible fish.,32307,True,1.0,8000.0,1.0,1.0,Fine fish offcuts.png,Fine fish offcuts
1593,It's a slightly magical stick.,1393,True,6200.0,18000.0,15500.0,9300.0,Fire battlestaff.png,Fire battlestaff
1594,A missing piece from a magical staff.,30631,True,4000.0,8.0,10000.0,6000.0,Fire element staff crown.png,Fire element staff crown
1595,A magic glowing orb.,569,True,120.0,11000.0,300.0,180.0,Fire orb.png,Fire orb
1596,One of the 4 basic elemental Runes.,554,False,1.0,50000.0,4.0,2.0,Fire rune.png,Fire rune
1597,A mysterious power emanates from the talisman...,1442,False,1.0,11000.0,4.0,2.0,Fire talisman.png,Fire talisman
1598,A tiara infused with the properties of fire.,5537,False,40.0,40.0,100.0,60.0,Fire tiara.png,Fire tiara
1599,Apparently Cormorants like to eat this stuff...,22818,True,8.0,13000.0,20.0,12.0,Fish chunks.png,Fish chunks
1600,A sturdy container packed with ice and full to the brim with bluefin.,32380,True,2.0,,5.0,3.0,Fish crate (bluefin).png,Fish crate (bluefin)
1601,A sturdy container packed with ice for storing special fish caught at sea.,32366,True,2.0,250.0,5.0,3.0,Fish crate (empty).png,Fish crate (empty)
1602,A sturdy container packed with ice and full to the brim with giant krill.,32368,True,2.0,,5.0,3.0,Fish crate (giant krill).png,Fish crate (giant krill)
1603,A sturdy container packed with ice and full to the brim with haddock.,32371,True,2.0,,5.0,3.0,Fish crate (haddock).png,Fish crate (haddock)
1604,A sturdy container packed with ice and full to the brim with halibut.,32377,True,2.0,,5.0,3.0,Fish crate (halibut).png,Fish crate (halibut)
1605,A sturdy container packed with ice and full to the brim with marlin.,32383,True,2.0,250.0,5.0,3.0,Fish crate (marlin).png,Fish crate (marlin)
1606,A sturdy container packed with ice and full to the brim with yellowfin.,32374,True,2.0,,5.0,3.0,Fish crate (yellowfin).png,Fish crate (yellowfin)
1607,Keeps your pet fish strong and healthy.,272,False,1.0,15.0,1.0,1.0,Fish food.png,Fish food
1608,Slices of inedible fish.,11334,True,1.0,8000.0,1.0,1.0,Fish offcuts.png,Fish offcuts
1609,Bounty of the sea.,7188,True,40.0,10000.0,100.0,60.0,Fish pie.png,Fish pie
1610,For use with a fishing rod.,313,False,1.0,8000.0,3.0,1.0,Fishing bait.png,Fishing bait
1611,A teleport to the Fishing Guild.,24959,True,1.0,10000.0,1.0,1.0,Fishing guild teleport (tablet).png,Fishing guild teleport (tablet)
1612,One dose of fishy Fishing potion.,11479,True,40.0,2000.0,100.0,60.0,Fishing mix(1).png,Fishing mix(1)
1613,Two doses of fishy Fishing potion.,11477,True,60.0,2000.0,150.0,90.0,Fishing mix(2).png,Fishing mix(2)
1614,1 dose of Fishing potion.,155,True,40.0,2000.0,100.0,60.0,Fishing potion(1).png,Fishing potion(1)
1615,2 doses of Fishing potion.,153,True,60.0,2000.0,150.0,90.0,Fishing potion(2).png,Fishing potion(2)
1616,3 doses of Fishing potion.,151,True,80.0,2000.0,200.0,120.0,Fishing potion(3).png,Fishing potion(3)
1617,4 doses of Fishing potion.,2438,True,100.0,2000.0,250.0,150.0,Fishing potion(4).png,Fishing potion(4)
1618,Useful for catching sardine or herring.,307,False,2.0,40.0,5.0,3.0,Fishing rod.png,Fishing rod
1619,The remains of a deadly shade.,3404,True,1.0,7500.0,1.0,1.0,Fiyr remains.png,Fiyr remains
1620,Helps when building the Shades of Mort'ton temple.,21180,True,520.0,10000.0,1300.0,780.0,Flamtaer bracelet.png,Flamtaer bracelet
1621,An exquisitely shaped tool specially designed for fixing temples.,3678,True,4000.0,40.0,10000.0,6000.0,Flamtaer hammer.png,Flamtaer hammer
1622,These'll help me stay alive.,10394,True,800.0,4.0,2000.0,1200.0,Flared trousers.png,Flared trousers
1623,A tattered chunk of dagannoth hide.,6171,True,24.0,11000.0,60.0,36.0,Flattened hide.png,Flattened hide
1624,I should use this with a spinning wheel.,1779,True,2.0,13000.0,5.0,3.0,Flax.png,Flax
1625,A flax plant seed - plant in a hops patch.,31541,True,2.0,2000.0,5.0,3.0,Flax seed 5.png,Flax seed
1626,A wooden arrow shaft with four flights attached.,2865,True,1.0,7000.0,1.0,1.0,Flighted ogre arrow 5.png,Flighted ogre arrow
1627,Useful for catching salmon or trout.,309,False,2.0,40.0,5.0,3.0,Fly fishing rod.png,Fly fishing rod
1628,Mmm this looks tasty.,28157,True,1.0,6000.0,4.0,2.0,Forester's ration.png,Forester's ration
1629,1 dose of forgotten brew.,27638,True,20.0,,50.0,30.0,Forgotten brew(1).png,Forgotten brew(1)
1630,2 doses of forgotten brew.,27635,True,40.0,,100.0,60.0,Forgotten brew(2).png,Forgotten brew(2)
1631,3 doses of forgotten brew.,27632,True,60.0,,150.0,90.0,Forgotten brew(3).png,Forgotten brew(3)
1632,4 doses of forgotten brew.,27629,True,80.0,2000.0,200.0,120.0,Forgotten brew(4).png,Forgotten brew(4)
1633,How does it all fit in there?,8586,True,4.0,500.0,10.0,6.0,Four-poster bed (flatpack).png,Four-poster bed (flatpack)
1634,This would make warm clothing.,29163,True,4.0,,10.0,6.0,Fox fur.png,Fox fur
1635,The latest in Fremennik fashion.,3771,True,100.0,150.0,250.0,150.0,Fremennik beige shirt.png,Fremennik beige shirt
1636,The latest fashion in Rellekka.,3789,True,100.0,150.0,250.0,150.0,Fremennik black cloak.png,Fremennik black cloak
1637,The latest fashion in Rellekka.,3763,True,100.0,150.0,250.0,150.0,Fremennik blue cloak.png,Fremennik blue cloak
1638,The latest in Fremennik fashion.,3775,True,100.0,150.0,250.0,150.0,Fremennik blue shirt.png,Fremennik blue shirt
1639,Very stylish!,3791,True,200.0,150.0,500.0,300.0,Fremennik boots.png,Fremennik boots
1640,The latest fashion in Rellekka.,3761,True,100.0,150.0,250.0,150.0,Fremennik brown cloak.png,Fremennik brown cloak
1641,The latest in Fremennik fashion.,3767,True,100.0,150.0,250.0,150.0,Fremennik brown shirt.png,Fremennik brown shirt
1642,The latest fashion in Rellekka.,3759,True,100.0,150.0,250.0,150.0,Fremennik cyan cloak.png,Fremennik cyan cloak
1643,These will keep my hands warm!,3799,True,200.0,150.0,500.0,300.0,Fremennik gloves.png,Fremennik gloves
1644,The latest fashion in Rellekka.,3765,True,100.0,150.0,250.0,150.0,Fremennik green cloak.png,Fremennik green cloak
1645,The latest fashion in Rellekka.,3779,True,100.0,150.0,250.0,150.0,Fremennik grey cloak.png,Fremennik grey cloak
1646,The latest in Fremennik fashion.,3769,True,100.0,150.0,250.0,150.0,Fremennik grey shirt.png,Fremennik grey shirt
1647,A silly pointed hat.,3797,True,200.0,150.0,500.0,300.0,Fremennik hat.png,Fremennik hat
1648,A kilt worn by the mightiest of Fremennik warriors.,23246,True,24000.0,8.0,60000.0,36000.0,Fremennik kilt.png,Fremennik kilt
1649,The latest fashion in Rellekka.,3787,True,100.0,150.0,250.0,150.0,Fremennik pink cloak.png,Fremennik pink cloak
1650,The latest fashion in Rellekka.,3785,True,100.0,150.0,250.0,150.0,Fremennik purple cloak.png,Fremennik purple cloak
1651,The latest fashion in Rellekka.,3777,True,100.0,150.0,250.0,150.0,Fremennik red cloak.png,Fremennik red cloak
1652,The latest in Fremennik fashion.,3773,True,100.0,150.0,250.0,150.0,Fremennik red shirt.png,Fremennik red shirt
1653,The latest fashion in Rellekka.,3793,True,200.0,150.0,500.0,300.0,Fremennik robe.png,Fremennik robe
1654,The latest fashion in Rellekka.,3795,True,200.0,150.0,500.0,300.0,Fremennik skirt.png,Fremennik skirt
1655,The latest fashion in Rellekka.,3783,True,100.0,150.0,250.0,150.0,Fremennik teal cloak.png,Fremennik teal cloak
1656,The latest fashion in Rellekka.,3781,True,100.0,150.0,250.0,150.0,Fremennik yellow cloak.png,Fremennik yellow cloak
1657,A bowl of fried Bittercap mushrooms.,7082,True,16.0,13000.0,42.0,25.0,Fried mushrooms.png,Fried mushrooms
1658,"A bowl of sliced, fried onions.",7084,True,2.0,13000.0,7.0,4.0,Fried onions.png,Fried onions
1659,Cute frog slippers.,23288,False,400.0,4.0,1000.0,600.0,Frog slippers.png,Frog slippers
1660,Armour made out of frog hide.,10954,True,400.0,70.0,1000.0,600.0,Frog-leather body.png,Frog-leather body
1661,Boots made out of frog hide.,10958,True,80.0,70.0,200.0,120.0,Frog-leather boots.png,Frog-leather boots
1662,Chaps made out of frog hide.,10956,True,360.0,70.0,900.0,540.0,Frog-leather chaps.png,Frog-leather chaps
1663,They're rather cold.,31729,True,64.0,7500.0,160.0,96.0,Frost dragon bones.png,Frost dragon bones
1664,A strange glowing tear.,29895,True,200.0,13000.0,500.0,300.0,Frozen tear.png,Frozen tear
1665,Cold to the touch.,12769,True,1.0,4.0,1.0,1.0,Frozen whip mix.png,Frozen whip mix
1666,It actually smells quite good.,2277,True,1.0,6000.0,2.0,1.0,Fruit batta.png,Fruit batta
1667,A cool refreshing fruit mix.,2084,True,12.0,2000.0,30.0,18.0,Fruit blast.png,Fruit blast
1668,Looks like it's non-stick too!,7441,True,664.0,50.0,1660.0,996.0,Frying pan.png,Frying pan
1669,This would make warm clothing.,6814,False,4.0,18000.0,10.0,6.0,Fur.png,Fur
1670,Use on an amulet of fury to make it look fancier!,12526,True,2000.0,4.0,5000.0,3000.0,Fury ornament kit.png,Fury ornament kit
1671,A specially crafted hammer with strange markings on it.,7668,True,1200.0,8.0,3000.0,1800.0,Gadderhammer.png,Gadderhammer
1672,An enchanted necklace.,3853,True,420.0,10000.0,1050.0,630.0,Games necklace(8).png,Games necklace(8)
1673,What I wouldn't give for a good steak about now...,7178,True,9.0,10000.0,24.0,14.0,Garden pie.png,Garden pie
1674,A pair of gardening boots.,5345,True,10.0,150.0,25.0,15.0,Gardening boots.png,Gardening boots
1675,Not suitable for archaeological digs.,5325,True,4.0,40.0,12.0,7.0,Gardening trowel.png,Gardening trowel
1676,A clove of garlic.,1550,False,1.0,11000.0,3.0,1.0,Garlic.png,Garlic
1677,Finely ground garlic powder.,4668,True,4.0,15.0,10.0,6.0,Garlic powder.png,Garlic powder
1678,"A teleport to Ghorrock, in level 45 Wilderness.",12778,True,1.0,10000.0,1.0,1.0,Ghorrock teleport (tablet).png,Ghorrock teleport (tablet)
1679,"A razor sharp rapier, smeared with vampyric blood.",22324,True,2000000.0,8.0,5000000.0,3000000.0,Ghrazi rapier.png,Ghrazi rapier
1680,It's made from a secret recipe.,2171,True,1.0,13000.0,2.0,1.0,Gianne dough.png,Gianne dough
1681,Aluft Gianne's favorite dishes.,2167,True,1.0,15.0,2.0,1.0,Gianne's cook book.png,Gianne's cook book
1682,Worn on head. Warning: Smelly.,23252,True,5600.0,4.0,14000.0,8400.0,Giant boot.png,Giant boot
1683,"A giant sac of red spider eggs, hopefully none of them hatch.",23517,True,4.0,100.0,10.0,6.0,Giant egg sac(full).png,Giant egg sac(full)
1684,This could feed a family of gnomes for a week!,4517,True,40.0,6000.0,100.0,60.0,Giant frog legs.png,Giant frog legs
1685,Some nicely cooked krill.,32312,True,68.0,,170.0,102.0,Giant krill.png,Giant krill
1686,Seaweed of large size.,21504,True,1.0,11000.0,2.0,1.0,Giant seaweed.png,Giant seaweed
1687,A two handed sword with gold plate.,20155,False,25600.0,70.0,64000.0,38400.0,Gilded 2h sword.png,Gilded 2h sword
1688,"A set containing a full helm, platebody, legs and kiteshield.",13036,False,32000.0,8.0,80000.0,48000.0,Gilded armour set (lg).png,Gilded armour set (lg)
1689,"A set containing a full helm, platebody, skirt and kiteshield.",13038,False,32000.0,8.0,80000.0,48000.0,Gilded armour set (sk).png,Gilded armour set (sk)
1690,A powerful axe.,23279,False,14000.0,4.0,35000.0,21000.0,Gilded axe.png,Gilded axe
1691,How does it all fit in there?,8574,True,4.0,500.0,10.0,6.0,Gilded bench (flatpack).png,Gilded bench (flatpack)
1692,Rune boots with gold plate.,12391,True,5000.0,8.0,12500.0,7500.0,Gilded boots.png,Gilded boots
1693,How does it all fit in there?,9846,True,4.0,500.0,10.0,6.0,Gilded cape rack (flatpack).png,Gilded cape rack (flatpack)
1694,A series of connected metal rings plated in gold.,20149,False,20000.0,70.0,50000.0,30000.0,Gilded chainbody.png,Gilded chainbody
1695,How does it all fit in there?,8594,True,4.0,500.0,10.0,6.0,Gilded clock (flatpack).png,Gilded clock (flatpack)
1696,Made with 100% golden dragonhide.,23258,True,800.0,8.0,2000.0,1200.0,Gilded coif.png,Gilded coif
1697,Made with 100% golden dragonhide.,23264,False,20000.0,8.0,50000.0,30000.0,Gilded d'hide body.png,Gilded d'hide body
1698,Made with 100% golden dragonhide.,23267,False,16000.0,8.0,40000.0,24000.0,Gilded d'hide chaps.png,Gilded d'hide chaps
1699,Made with 100% golden dragonhide.,23261,False,16000.0,8.0,40000.0,24000.0,Gilded d'hide vambraces.png,Gilded d'hide vambraces
1700,"A set containing a gilded dragonhide body, chaps and vambraces.",23124,False,5000.0,8.0,12500.0,7500.0,Gilded dragonhide set.png,Gilded dragonhide set
1701,How does it all fit in there?,8608,True,4.0,500.0,10.0,6.0,Gilded dresser (flatpack).png,Gilded dresser (flatpack)
1702,How does it all fit in there?,8588,True,4.0,500.0,10.0,6.0,Gilded four-poster (flatpack).png,Gilded four-poster (flatpack)
1703,Rune full helmet with gold plate.,3486,False,14080.0,8.0,35200.0,21120.0,Gilded full helm.png,Gilded full helm
1704,"A rune-tipped, one-handed hasta, with gold plate.",20161,True,8320.0,70.0,20800.0,12480.0,Gilded hasta.png,Gilded hasta
1705,Rune kiteshield with gold plate.,3488,False,21760.0,8.0,54400.0,32640.0,Gilded kiteshield.png,Gilded kiteshield
1706,Gilded mahogany magic wardrobe.,9857,True,4.0,500.0,10.0,6.0,Gilded magic wardrobe (flatpack).png,Gilded magic wardrobe (flatpack)
1707,A medium sized helmet with gold plate.,20146,False,7680.0,70.0,19200.0,11520.0,Gilded med helm.png,Gilded med helm
1708,Used for mining and very stylish.,23276,False,20000.0,4.0,50000.0,30000.0,Gilded pickaxe.png,Gilded pickaxe
1709,Rune platebody with gold plate.,3481,False,26000.0,8.0,65000.0,39000.0,Gilded platebody.png,Gilded platebody
1710,Rune platelegs with gold plate.,3483,False,25600.0,8.0,64000.0,38400.0,Gilded platelegs.png,Gilded platelegs
1711,Rune plateskirt with gold plate.,3485,False,25600.0,8.0,64000.0,38400.0,Gilded plateskirt.png,Gilded plateskirt
1712,Rune scimitar with gold plate.,12389,False,10240.0,8.0,25600.0,15360.0,Gilded scimitar.png,Gilded scimitar
1713,"Oh, I'm a gold digger?",23282,False,400.0,4.0,1000.0,600.0,Gilded spade.png,Gilded spade
1714,A rune tipped spear with gold plate.,20158,True,8320.0,70.0,20800.0,12480.0,Gilded spear.png,Gilded spear
1715,A medium square shield in gold plate.,20152,False,15360.0,70.0,38400.0,23040.0,Gilded sq shield.png,Gilded sq shield
1716,How does it all fit in there?,8622,True,4.0,500.0,10.0,6.0,Gilded wardrobe (flatpack).png,Gilded wardrobe (flatpack)
1717,A strong spirit that tastes of Juniper.,2019,True,2.0,13000.0,5.0,3.0,Gin.png,Gin
1718,It's clobbering time.,29889,True,33200.0,15.0,83000.0,49800.0,Glacial temotli.png,Glacial temotli
1719,Used to form molten glass into useful items.,1785,True,1.0,40.0,2.0,1.0,Glassblowing pipe.png,Glassblowing pipe
1720,A dark power is woven into these gloves.,20134,True,4000.0,70.0,10000.0,6000.0,Gloves of darkness.png,Gloves of darkness
1721,"Made from dark kebbit fur, these are perfect for tasks of a stealthier nature.",10075,True,240.0,8000.0,600.0,360.0,Gloves of silence.png,Gloves of silence
1722,Tally Ho!,9472,True,400.0,4.0,1000.0,600.0,Gnome goggles.png,Gnome goggles
1723,A scarf. You feel your upper lip stiffening.,9470,True,400.0,4.0,1000.0,600.0,Gnome scarf.png,Gnome scarf
1724,It's Aluft Gianne's secret mix of spices.,2169,True,1.0,13000.0,2.0,1.0,Gnome spice.png,Gnome spice
1725,A ball used in Gnomeball.,751,True,1.0,150.0,1.0,1.0,Gnomeball.png,Gnomeball
1726,A large ovenproof bowl.,2166,True,4.0,40.0,10.0,6.0,Gnomebowl mould.png,Gnomebowl mould
1727,Fill it with firelighters to make pretty fire.,20275,True,400.0,40.0,1000.0,600.0,Gnomish firelighter.png,Gnomish firelighter
1728,1 dose of Goading potion.,30146,True,60.0,,150.0,90.0,Goading potion(1).png,Goading potion(1)
1729,2 doses of Goading potion.,30143,True,80.0,,200.0,120.0,Goading potion(2).png,Goading potion(2)
1730,3 doses of Goading potion.,30140,True,100.0,,250.0,150.0,Goading potion(3).png,Goading potion(3)
1731,4 doses of Goading potion.,30137,True,120.0,2000.0,300.0,180.0,Goading potion(4).png,Goading potion(4)
1732,Finely ground desert goat horn.,9736,True,4.0,13000.0,12.0,7.0,Goat horn dust.png,Goat horn dust
1733,A tattered goblin holy book.,10999,True,1.0,15.0,1.0,1.0,Goblin book.png,Goblin book
1734,Some brown armour designed to fit goblins.,288,False,16.0,15.0,40.0,24.0,Goblin mail.png,Goblin mail
1735,Let's start a flash mob!,12251,True,800.0,4.0,2000.0,1200.0,Goblin mask.png,Goblin mask
1736,The blade for the ultimate weapon.,11798,True,300000.0,10000.0,750000.0,450000.0,Godsword blade.png,Godsword blade
1737,A part of the Godsword blade.,11818,True,100000.0,11000.0,250000.0,150000.0,Godsword shard 1.png,Godsword shard 1
1738,A part of the Godsword blade.,11820,True,100000.0,11000.0,250000.0,150000.0,Godsword shard 2.png,Godsword shard 2
1739,A part of the Godsword blade.,11822,True,100000.0,11000.0,250000.0,150000.0,Godsword shard 3.png,Godsword shard 3
1740,A plain gold amulet.,1692,False,140.0,18000.0,350.0,210.0,Gold amulet.png,Gold amulet
1741,It needs a string so I can wear it.,1673,False,140.0,18000.0,350.0,210.0,Gold amulet (u).png,Gold amulet (u)
1742,It's a bar of gold.,2357,False,120.0,10000.0,300.0,180.0,Gold bar.png,Gold bar
1743,I wonder if this is valuable.,11069,True,220.0,18000.0,550.0,330.0,Gold bracelet.png,Gold bracelet
1744,A well made elegant ladies' gold blouse.,12343,True,800.0,4.0,2000.0,1200.0,Gold elegant blouse.png,Gold elegant blouse
1745,A rather elegant pair of men's gold pantaloons.,12349,True,800.0,4.0,2000.0,1200.0,Gold elegant legs.png,Gold elegant legs
1746,A well made elegant men's gold shirt.,12347,True,800.0,4.0,2000.0,1200.0,Gold elegant shirt.png,Gold elegant shirt
1747,A rather elegant gold skirt.,12345,True,800.0,4.0,2000.0,1200.0,Gold elegant skirt.png,Gold elegant skirt
1748,A minimalist's hat.,12303,True,16.0,4.0,40.0,24.0,Gold headband.png,Gold headband
1749,A very delicate sheet of gold.,8784,True,40000.0,11000.0,100000.0,60000.0,Gold leaf.png,Gold leaf
1750,Perhaps someone can do something with this.,25454,True,12800.0,8.0,32000.0,19200.0,Gold locks.png,Gold locks
1751,I wonder if this is valuable.,1654,False,180.0,18000.0,450.0,270.0,Gold necklace.png,Gold necklace
1752,This needs refining.,444,False,60.0,30000.0,150.0,90.0,Gold ore.png,Gold ore
1753,A valuable ring.,1635,False,140.0,18000.0,350.0,210.0,Gold ring.png,Gold ring
1754,A seal. It's gold.,9040,True,12.0,13000.0,30.0,18.0,Gold seal.png,Gold seal
1755,Makes me feel like a wealthy Princess.,26788,True,40.0,10000.0,100.0,60.0,Gold tiara.png,Gold tiara
1756,An astonishingly gold apron.,20208,False,1.0,4.0,2.0,1.0,Golden apron.png,Golden apron
1757,What a perfectly reasonable hat.,20205,False,1.0,4.0,2.0,1.0,Golden chef's hat.png,Golden chef's hat
1758,Little ornament in the shape of a scarab.,9028,True,12.0,13000.0,30.0,18.0,Golden scarab.png,Golden scarab
1759,A small golden statuette.,9034,True,12.0,13000.0,30.0,18.0,Golden statuette.png,Golden statuette
1760,The top of a Golovanova fruit - edible once cooked and full of Vitamin G.,19653,True,1.0,100.0,3.0,1.0,Golovanova fruit top.png,Golovanova fruit top
1761,A gourmet impling in a jar.,11242,True,20.0,18000.0,50.0,30.0,Gourmet impling jar.png,Gourmet impling jar
1762,Plant this in a herb patch to grow Goutweed.,6311,True,80.0,5.0,200.0,120.0,Gout tuber.png,Gout tuber
1763,It's a perfect-looking graahk fur.,10099,True,48.0,10000.0,120.0,72.0,Graahk fur.png,Graahk fur
1764,This should make me harder to spot in desert areas.,10051,True,300.0,150.0,750.0,450.0,Graahk headdress.png,Graahk headdress
1765,These should make me harder to spot in desert areas.,10047,True,60.0,150.0,150.0,90.0,Graahk legs.png,Graahk legs
1766,This should make me harder to spot in desert areas.,10049,True,60.0,150.0,150.0,90.0,Graahk top.png,Graahk top
1767,Some wheat heads.,1947,False,1.0,13000.0,2.0,1.0,Grain.png,Grain
1768,A seed pod of the Grand Tree.,9469,True,100.0,15.0,250.0,150.0,Grand seed pod.png,Grand seed pod
1769,A small chunk of granite.,6981,True,1.0,100.0,1.0,1.0,Granite (2kg).png,Granite (2kg)
1770,A tiny chunk of granite.,6979,True,1.0,100.0,1.0,1.0,Granite (500g).png,Granite (500g)
1771,A medium-sized chunk of granite.,6983,True,1.0,100.0,1.0,1.0,Granite (5kg).png,Granite (5kg)
1772,Provides excellent protection.,10564,True,32000.0,70.0,80000.0,48000.0,Granite body.png,Granite body
1773,"These will protect my feet, but are a bit heavy.",21643,True,5000.0,70.0,12500.0,7500.0,Granite boots.png,Granite boots
1774,"A strong clamp, used for hardening granite maul blocks.",12849,True,2000.0,50.0,5000.0,3000.0,Granite clamp.png,Granite clamp
1775,Never take these for granite.,21736,True,13600.0,8.0,34000.0,20400.0,Granite gloves.png,Granite gloves
1776,Hammer time.,21742,True,25600.0,8.0,64000.0,38400.0,Granite hammer.png,Granite hammer
1777,A stone helmet.,10589,True,18400.0,70.0,46000.0,27600.0,Granite helm.png,Granite helm
1778,These look pretty heavy.,6809,True,26400.0,70.0,66000.0,39600.0,Granite legs.png,Granite legs
1779,A razor sharp longsword made of stone.,21646,True,12800.0,70.0,32000.0,19200.0,Granite longsword.png,Granite longsword
1780,Simplicity is the best weapon.,4153,True,20000.0,70.0,50000.0,30000.0,Granite maul.png,Granite maul
1781,A solid ring.,21739,True,6000.0,70.0,15000.0,9000.0,Granite ring.png,Granite ring
1782,A solid stone shield.,3122,True,22400.0,70.0,56000.0,33600.0,Granite shield.png,Granite shield
1783,A grape seed for growing in a vinery.,13657,True,29.0,200.0,74.0,44.0,Grape seed 5.png,Grape seed
1784,Good grapes for wine making.,1987,False,1.0,20000.0,1.0,1.0,Grapes.png,Grapes
1785,Evil.,20023,True,1600.0,4.0,4000.0,2400.0,Greater demon mask.png,Greater demon mask
1786,A descendant of the salamander family.,22835,True,1.0,13000.0,3.0,1.0,Greater siren.png,Greater siren
1787,Stylish!,7323,True,90.0,4.0,225.0,135.0,Green boater.png,Green boater
1788,"They're soft, silky and green.",628,True,80.0,150.0,200.0,120.0,Green boots.png,Green boots
1789,A thick green cape.,1027,False,12.0,150.0,32.0,19.0,Green cape.png,Green cape
1790,Made from 100% real dragonhide.,1135,False,3120.0,125.0,7800.0,4680.0,Green d'hide body.png,Green d'hide body
1791,Made from 100% real dragonhide. With colourful trim!,7370,False,3120.0,8.0,7800.0,4680.0,Green d'hide body (g).png,Green d'hide body (g)
1792,Made from 100% real dragonhide. With colourful trim!,7372,False,3120.0,8.0,7800.0,4680.0,Green d'hide body (t).png,Green d'hide body (t)
1793,Made from 100% real dragonhide.,1099,False,1560.0,125.0,3900.0,2340.0,Green d'hide chaps.png,Green d'hide chaps
1794,Made from 100% real dragonhide. With colourful trim!,7378,False,1560.0,8.0,3900.0,2340.0,Green d'hide chaps (g).png,Green d'hide chaps (g)
1795,Made from 100% real dragonhide. With colourful trim!,7380,False,1560.0,8.0,3900.0,2340.0,Green d'hide chaps (t).png,Green d'hide chaps (t)
1796,A solid maple shield covered in green dragon leather.,22275,True,2200.0,125.0,5500.0,3300.0,Green d'hide shield.png,Green d'hide shield
1797,Vambraces made from 100% real dragonhide.,1065,False,1000.0,125.0,2500.0,1500.0,Green d'hide vambraces.png,Green d'hide vambraces
1798,Paints things green!,12759,True,1.0,4.0,1.0,1.0,Green dark bow paint.png,Green dark bow paint
1799,It's a piece of prepared green dragonhide.,1745,True,20.0,13000.0,50.0,30.0,Green dragon leather.png,Green dragon leather
1800,Do I look scary?,12518,True,4000.0,4.0,10000.0,6000.0,Green dragon mask.png,Green dragon mask
1801,The scaly rough hide from a Green Dragon.,1753,True,54.0,13000.0,135.0,81.0,Green dragonhide.png,Green dragonhide
1802,"A set containing a green dragonhide body, chaps and vambraces.",12865,False,2000.0,125.0,5000.0,3000.0,Green dragonhide set.png,Green dragonhide set
1803,A little bottle of green dye.,1771,False,2.0,150.0,5.0,3.0,Green dye.png,Green dye
1804,A well made elegant ladies' green blouse.,10432,True,800.0,4.0,2000.0,1200.0,Green elegant blouse.png,Green elegant blouse
1805,A rather elegant pair of men's green pantaloons.,10414,True,800.0,4.0,2000.0,1200.0,Green elegant legs.png,Green elegant legs
1806,A well made elegant men's green shirt.,10412,True,800.0,4.0,2000.0,1200.0,Green elegant shirt.png,Green elegant shirt
1807,A rather elegant green skirt.,10434,True,800.0,4.0,2000.0,1200.0,Green elegant skirt.png,Green elegant skirt
1808,Makes firelighting a lot easier.,7330,True,6.0,250.0,15.0,9.0,Green firelighter.png,Green firelighter
1809,Aaaarrrghhh ... I'm a monster.,1053,False,6.0,5.0,15.0,9.0,Green halloween mask.png,Green halloween mask
1810,A silly green pointed hat.,658,True,64.0,150.0,160.0,96.0,Green hat.png,Green hat
1811,A minimalist's hat.,12307,True,16.0,4.0,40.0,24.0,Green headband.png,Green headband
1812,A nice hat from a cracker.,1044,False,1.0,5.0,1.0,1.0,Green partyhat.png,Green partyhat
1813,Made by Tree Gnomes with a thing for green.,648,True,72.0,150.0,180.0,108.0,Green robe bottoms.png,Green robe bottoms
1814,"The ultimate in gnome design, now in green!",638,True,72.0,150.0,180.0,108.0,Green robe top.png,Green robe top
1815,Vambraces made from 100% real dragonhide. Now with added spikiness.,10079,True,1000.0,125.0,2500.0,1500.0,Green spiky vambraces.png,Green spiky vambraces
1816,A mountable carving of a woodland spirit.,31024,True,3698.0,,9245.0,5547.0,Greenman carving.png,Greenman carving
1817,Makes you feel at one with nature.,31034,True,1.0,4.0,1.0,1.0,Greenman mask.png,Greenman mask
1818,A garden statue of a woodland spirit.,31027,True,3698.0,,9245.0,5547.0,Greenman statue.png,Greenman statue
1819,A glass of frothy ale.,1909,True,1.0,2000.0,2.0,1.0,Greenman's ale.png,Greenman's ale
1820,How does it all fit in there?,8522,True,4.0,500.0,10.0,6.0,Greenman's ale (flatpack).png,Greenman's ale (flatpack)
1821,This looks a good deal stronger than normal Greenman's Ale.,5743,True,1.0,2000.0,2.0,1.0,Greenman's ale(m).png,Greenman's ale(m)
1822,This keg contains 4 pints of Greenmans Ale.,5793,True,1.0,2000.0,1.0,1.0,Greenmans ale(4).png,Greenmans ale(4)
1823,This keg contains 4 pints of mature Greenmans Ale.,5873,True,1.0,2000.0,1.0,1.0,Greenmans ale(m4).png,Greenmans ale(m4)
1824,Very stylish!,2894,False,200.0,150.0,500.0,300.0,Grey boots.png,Grey boots
1825,These will keep my hands warm!,2902,False,200.0,150.0,500.0,300.0,Grey gloves.png,Grey gloves
1826,A silly pointed hat.,2900,True,200.0,150.0,500.0,300.0,Grey hat.png,Grey hat
1827,Made by werewolves for werewolves.,2898,True,200.0,150.0,500.0,300.0,Grey robe bottoms.png,Grey robe bottoms
1828,Some fine werewolf clothing.,2896,True,200.0,150.0,500.0,300.0,Grey robe top.png,Grey robe top
1829,A grey toy horse.,2526,False,40.0,150.0,100.0,60.0,Grey toy horsey.png,Grey toy horsey
1830,This would make warm clothing.,958,True,20.0,18000.0,50.0,30.0,Grey wolf fur.png,Grey wolf fur
1831,Used to construct an icon to the iconic entrance into the world of Gielinor inside your Player owned house.,31205,True,,,2500000.0,,Grid master altar icon scroll.png,Grid master altar icon scroll
1832,A symbol of grid mastery,31181,True,,,100000.0,,Grid master tabard.png,Grid master tabard
1833,A symbol of grid mastery,31184,True,,,100000.0,,Grid master tabard (b).png,Grid master tabard (b)
1834,A symbol of grid mastery,31190,True,,,100000.0,,Grid master tabard (g).png,Grid master tabard (g)
1835,A symbol of grid mastery,31187,True,,,100000.0,,Grid master tabard (p).png,Grid master tabard (p)
1836,Used on a marble incense burner inside your Player owned house to change them to the Flames of Lloigh-enn.,31208,True,,,2500000.0,,Grid master torch scroll.png,Grid master torch scroll
1837,It needs cleaning.,211,True,7.0,13000.0,18.0,10.0,Grimy avantoe.png,Grimy avantoe
1838,It needs cleaning.,215,True,8.0,11000.0,22.0,13.0,Grimy cadantine.png,Grimy cadantine
1839,It needs cleaning.,217,True,9.0,11000.0,24.0,14.0,Grimy dwarf weed.png,Grimy dwarf weed
1840,It needs cleaning.,199,True,5.0,13000.0,13.0,7.0,Grimy guam leaf.png,Grimy guam leaf
1841,It needs cleaning.,205,True,6.0,13000.0,16.0,9.0,Grimy harralander.png,Grimy harralander
1842,It needs cleaning.,30094,True,10.0,,25.0,15.0,Grimy huasca.png,Grimy huasca
1843,It needs cleaning.,209,True,6.0,13000.0,17.0,10.0,Grimy irit leaf.png,Grimy irit leaf
1844,It needs cleaning.,213,True,8.0,13000.0,20.0,12.0,Grimy kwuarm.png,Grimy kwuarm
1845,It needs cleaning.,2485,True,9.0,11000.0,23.0,13.0,Grimy lantadyme.png,Grimy lantadyme
1846,It needs cleaning.,201,True,5.0,13000.0,14.0,8.0,Grimy marrentill.png,Grimy marrentill
1847,It needs cleaning.,207,True,12.0,11000.0,30.0,18.0,Grimy ranarr weed.png,Grimy ranarr weed
1848,It needs cleaning.,3051,True,8.0,11000.0,21.0,12.0,Grimy snapdragon.png,Grimy snapdragon
1849,It needs cleaning.,203,True,6.0,13000.0,15.0,9.0,Grimy tarromin.png,Grimy tarromin
1850,It needs cleaning.,3049,True,7.0,13000.0,19.0,11.0,Grimy toadflax.png,Grimy toadflax
1851,It needs cleaning.,219,True,10.0,11000.0,25.0,15.0,Grimy torstol.png,Grimy torstol
1852,A murky glass of some sort of drink.,1915,True,1.0,2000.0,3.0,1.0,Grog.png,Grog
1853,One of the ingredients for making fish food.,6681,True,1.0,100.0,2.0,1.0,Ground guam.png,Ground guam
1854,It looks like the key to a chest (Used to open the grubby chest in Forthos Dungeon).,23499,True,12.0,11000.0,32.0,19.0,Grubby key.png,Grubby key
1855,A feather from a gryphon.,31235,True,6.0,11000.0,15.0,9.0,Gryphon feather.png,Gryphon feather
1856,A bitter green herb.,249,True,1.0,13000.0,3.0,1.0,Guam leaf.png,Guam leaf
1857,I need another ingredient to finish this Guam potion.,91,True,1.0,10000.0,3.0,1.0,Guam potion (unf).png,Guam potion (unf)
1858,A guam seed - plant in a herb patch.,5291,True,1.0,600.0,1.0,1.0,Guam seed 5.png,Guam seed
1859,"A thick, foul-smelling, tar-like substance with a green tinge.",10142,True,1.0,7000.0,3.0,1.0,Guam tar.png,Guam tar
1860,"Some sturdy Bandos boots, made sturdier with the blackened tourmaline core of the Grotesque Guardians.",21733,True,122000.0,8.0,305000.0,183000.0,Guardian boots.png,Guardian boots
1861,"A set containing a Guthan's helm, chainskirt, platebody and warspear.",12873,True,160000.0,8.0,400000.0,240000.0,Guthan's armour set.png,Guthan's armour set
1862,Guthan the Infested's chainskirt.,4730,True,110000.0,15.0,275000.0,165000.0,Guthan's chainskirt.png,Guthan's chainskirt
1863,Guthan the Infested's chainskirt.,4926,True,110000.0,15.0,275000.0,165000.0,Guthan's chainskirt 0.png,Guthan's chainskirt 0
1864,Guthan the Infested's helm.,4724,True,41200.0,15.0,103000.0,61800.0,Guthan's helm.png,Guthan's helm
1865,Guthan the Infested's helm.,4908,True,41200.0,15.0,103000.0,61800.0,Guthan's helm 0.png,Guthan's helm 0
1866,Guthan the Infested's platebody armour.,4728,True,112000.0,15.0,280000.0,168000.0,Guthan's platebody.png,Guthan's platebody
1867,Guthan the Infested's platebody armour.,4920,True,112000.0,15.0,280000.0,168000.0,Guthan's platebody 0.png,Guthan's platebody 0
1868,Guthan the Infested's warspear.,4726,True,40000.0,15.0,100000.0,60000.0,Guthan's warspear.png,Guthan's warspear
1869,Guthan the Infested's warspear.,4914,True,40000.0,15.0,100000.0,60000.0,Guthan's warspear 0.png,Guthan's warspear 0
1870,"A set containing a full helm, platebody, legs and kiteshield.",13048,False,32000.0,8.0,80000.0,48000.0,Guthix armour set (lg).png,Guthix armour set (lg)
1871,"A set containing a full helm, platebody, skirt and kiteshield.",13050,False,32000.0,8.0,80000.0,48000.0,Guthix armour set (sk).png,Guthix armour set (sk)
1872,"A potion of harralander, red spiders eggs, garlic and silver dust.",7666,True,80.0,2000.0,200.0,120.0,Guthix balance(1).png,Guthix balance(1)
1873,"A potion of harralander, red spiders eggs, garlic and silver dust.",7664,True,80.0,2000.0,200.0,120.0,Guthix balance(2).png,Guthix balance(2)
1874,"A potion of harralander, red spiders eggs, garlic and silver dust.",7662,True,80.0,2000.0,200.0,120.0,Guthix balance(3).png,Guthix balance(3)
1875,"A potion of harralander, red spiders eggs, garlic and silver dust.",7660,True,80.0,2000.0,200.0,120.0,Guthix balance(4).png,Guthix balance(4)
1876,Guthix blessed dragonhide vambraces.,10376,True,2400.0,8.0,6000.0,3600.0,Guthix bracers.png,Guthix bracers
1877,Guthix blessed dragonhide chaps.,10380,True,2400.0,8.0,6000.0,3600.0,Guthix chaps.png,Guthix chaps
1878,A Guthix cloak.,10448,True,800.0,8.0,2000.0,1200.0,Guthix cloak.png,Guthix cloak
1879,Guthix blessed dragonhide coif.,10382,True,800.0,8.0,2000.0,1200.0,Guthix coif.png,Guthix coif
1880,A Guthix crozier.,10442,True,2000.0,8.0,5000.0,3000.0,Guthix crozier.png,Guthix crozier
1881,Guthix blessed dragonhide body armour.,10378,True,5200.0,8.0,13000.0,7800.0,Guthix d'hide body.png,Guthix d'hide body
1882,Guthix blessed dragonhide boots.,19927,True,3720.0,8.0,9300.0,5580.0,Guthix d'hide boots.png,Guthix d'hide boots
1883,Guthix blessed wooden shield covered in dragon leather.,23188,True,11333.0,8.0,28334.0,17000.0,Guthix d'hide shield.png,Guthix d'hide shield
1884,"A set containing a Guthix dragonhide coif, body, chaps and vambraces.",13165,True,3600.0,8.0,9000.0,5400.0,Guthix dragonhide set.png,Guthix dragonhide set
1885,A rune full face helmet in the colours of Guthix.,2673,False,14080.0,8.0,35200.0,21120.0,Guthix full helm.png,Guthix full helm
1886,Rune kiteshield in the colours of Guthix.,2675,False,21760.0,8.0,54400.0,32640.0,Guthix kiteshield.png,Guthix kiteshield
1887,A Guthix mitre.,10454,True,2000.0,8.0,5000.0,3000.0,Guthix mitre.png,Guthix mitre
1888,A Guthix Mjolnir.,6760,True,250.0,8.0,625.0,375.0,Guthix mjolnir.png,Guthix mjolnir
1889,This seems to have been torn from a book...,3835,True,80.0,5.0,200.0,120.0,Guthix page 1.png,Guthix page 1
1890,This seems to have been torn from a book...,3836,True,80.0,5.0,200.0,120.0,Guthix page 2.png,Guthix page 2
1891,This seems to have been torn from a book...,3837,True,80.0,5.0,200.0,120.0,Guthix page 3.png,Guthix page 3
1892,This seems to have been torn from a book...,3838,True,80.0,5.0,200.0,120.0,Guthix page 4.png,Guthix page 4
1893,Rune platebody in the colours of Guthix.,2669,False,26000.0,8.0,65000.0,39000.0,Guthix platebody.png,Guthix platebody
1894,Rune plate legs in the colours of Guthix.,2671,False,25600.0,8.0,64000.0,38400.0,Guthix platelegs.png,Guthix platelegs
1895,Rune plateskirt in the colours of Guthix.,3480,False,25600.0,8.0,64000.0,38400.0,Guthix plateskirt.png,Guthix plateskirt
1896,A cup of Guthix Rest.,4423,True,20.0,2000.0,50.0,30.0,Guthix rest(1).png,Guthix rest(1)
1897,A cup of Guthix Rest.,4421,True,20.0,2000.0,50.0,30.0,Guthix rest(2).png,Guthix rest(2)
1898,A cup of Guthix Rest.,4419,True,20.0,2000.0,50.0,30.0,Guthix rest(3).png,Guthix rest(3)
1899,A cup of Guthix Rest.,4417,True,20.0,2000.0,50.0,30.0,Guthix rest(4).png,Guthix rest(4)
1900,Leggings from the Guthix Vestments.,10466,True,2800.0,8.0,7000.0,4200.0,Guthix robe legs.png,Guthix robe legs
1901,Guthix Vestments.,10462,True,2800.0,8.0,7000.0,4200.0,Guthix robe top.png,Guthix robe top
1902,A Guthix stole.,10472,True,1000.0,8.0,2500.0,1500.0,Guthix stole.png,Guthix stole
1903,Teleports you to the Ancient Guthixian Temple.,29684,True,4.0,,10.0,6.0,Guthixian temple teleport.png,Guthixian temple teleport
1904,Some nicely cooked haddock.,32320,True,68.0,,170.0,102.0,Haddock.png,Haddock
1905,I wonder what this tastes like.,32357,True,1.0,,3.0,1.0,Haddock eye.png,Haddock eye
1906,1 application of haemostatic dressing.,31599,True,100.0,,250.0,150.0,Haemostatic dressing (1).png,Haemostatic dressing (1)
1907,3 applications of haemostatic dressing.,31596,True,100.0,,250.0,150.0,Haemostatic dressing (2).png,Haemostatic dressing (2)
1908,3 applications of haemostatic dressing.,31593,True,100.0,,250.0,150.0,Haemostatic dressing (3).png,Haemostatic dressing (3)
1909,4 applications of haemostatic dressing.,31590,True,100.0,,250.0,150.0,Haemostatic dressing (4).png,Haemostatic dressing (4)
1910,"A healing poultice, can be applied to cotton yarn to create a haemostatic dressing.",31587,True,68.0,,170.0,102.0,Haemostatic poultice.png,Haemostatic poultice
1911,I can spin this into rope.,10814,True,1.0,13000.0,2.0,1.0,Hair.png,Hair
1912,An optimist would say it's half full.,1989,False,1.0,50.0,1.0,1.0,Half full wine jug.png,Half full wine jug
1913,The two halfs would surely make a full moon?,20053,True,7780.0,4.0,19450.0,11670.0,Half moon spectacles.png,Half moon spectacles
1914,Some nicely cooked halibut.,32336,True,68.0,,170.0,102.0,Halibut.png,Halibut
1915,"A set containing red, green and blue Halloween masks.",13175,False,3.0,5.0,8.0,4.0,Halloween mask set.png,Halloween mask set
1916,HAM boots as worn by the Humans Against Monsters group.,4310,True,30.0,15.0,75.0,45.0,Ham boots.png,Ham boots
1917,A HAM cape.,4304,True,30.0,15.0,75.0,45.0,Ham cloak.png,Ham cloak
1918,HAM gloves as worn by the Humans Against Monsters group.,4308,True,30.0,15.0,75.0,45.0,Ham gloves.png,Ham gloves
1919,Light-weight head protection and eye shield.,4302,True,30.0,15.0,75.0,45.0,Ham hood.png,Ham hood
1920,A delicious joint of ham.,23360,False,600.0,100.0,1500.0,900.0,Ham joint.png,Ham joint
1921,A badge for the HAM cult.,4306,True,30.0,15.0,75.0,45.0,Ham logo.png,Ham logo
1922,"The label says 'Vivid Crimson', but it looks pink to me!",4300,True,30.0,15.0,75.0,45.0,Ham robe.png,Ham robe
1923,"The label says 'Vivid Crimson', but it looks pink to me!",4298,True,30.0,15.0,75.0,45.0,Ham shirt.png,Ham shirt
1924,Good for hitting things!,2347,False,1.0,40.0,1.0,1.0,Hammer.png,Hammer
1925,A handful of Hammerstone Hops.,5994,True,1.0,11000.0,4.0,2.0,Hammerstone hops.png,Hammerstone hops
1926,A Hammerstone hop seed - plant in a hops patch.,5307,True,1.0,2000.0,2.0,1.0,Hammerstone seed 5.png,Hammerstone seed
1927,It's a piece of hard leather.,1743,False,1.0,13000.0,1.0,1.0,Hard leather.png,Hard leather
1928,A solid oaken shield covered in hard leather.,22269,True,200.0,125.0,500.0,300.0,Hard leather shield.png,Hard leather shield
1929,Harder than normal leather.,1131,False,68.0,125.0,170.0,102.0,Hardleather body.png,Hardleather body
1930,"An ancient magical orb, corrupted by darkness.",24511,True,1600000.0,8.0,4000000.0,2400000.0,Harmonised orb.png,Harmonised orb
1931,A teleport to Harmony Island.,19625,True,1.0,10000.0,1.0,1.0,Harmony island teleport (tablet).png,Harmony island teleport (tablet)
1932,Useful for catching really big fish.,311,False,2.0,40.0,5.0,3.0,Harpoon.png,Harpoon
1933,A useful herb.,255,True,8.0,13000.0,20.0,12.0,Harralander.png,Harralander
1934,I need another ingredient to finish this Harralander potion.,97,True,8.0,10000.0,20.0,12.0,Harralander potion (unf).png,Harralander potion (unf)
1935,A harralander seed - plant in a herb patch.,5294,True,1.0,600.0,4.0,2.0,Harralander seed 5.png,Harralander seed
1936,"A dark, thick, foul-smelling, tar-like substance.",10145,True,1.0,11000.0,1.0,1.0,Harralander tar.png,Harralander tar
1937,Essential pirate wear.,8928,True,40.0,150.0,100.0,60.0,Hat eyepatch.png,Hat eyepatch
1938,A wooden arrow shaft with flights attached.,53,True,1.0,11000.0,1.0,1.0,Headless arrow.png,Headless arrow
1939,An atlatl dart shaft with flights attached.,31010,True,98.0,,245.0,147.0,Headless atlatl dart 5.png,Headless atlatl dart
1940,A powerful weapon forged from the wreckage of an airship.,19481,True,380000.0,8.0,950000.0,570000.0,Heavy ballista.png,Heavy ballista
1941,A heavy wooden frame.,19589,True,20000.0,8.0,50000.0,30000.0,Heavy frame.png,Heavy frame
1942,A gift from Neitiznot's Burgher.,10828,True,20000.0,70.0,50000.0,30000.0,Helm of neitiznot.png,Helm of neitiznot
1943,I should use this with a spinning wheel.,31457,True,12.0,,30.0,18.0,Hemp.png,Hemp
1944,A hemp plant seed - plant in a hops patch.,31543,True,2.0,2000.0,5.0,3.0,Hemp seed 5.png,Hemp seed
1945,Spun from hemp.,31466,True,14.0,13000.0,35.0,21.0,Hemp yarn.png,Hemp yarn
1946,Some nicely cooked herring.,347,False,4.0,6000.0,10.0,6.0,Herring.png,Herring
1947,Your money or your life!,2631,True,16.0,4.0,40.0,24.0,Highwayman mask.png,Highwayman mask
1948,A brutal weapon popular among giants.,20756,False,24000.0,125.0,60000.0,36000.0,Hill giant club.png,Hill giant club
1949,The path of the righteous man is beset on all sides by the inequities of the selfish and the tyranny of evil men.,20220,True,32.0,5.0,80.0,48.0,Holy blessing.png,Holy blessing
1950,A set containing the four pages of Saradomin's Holy Book.,13149,True,2800.0,5.0,7000.0,4200.0,Holy book page set.png,Holy book page set
1951,A bottle of holy elixir.,12833,True,300000.0,5.0,750000.0,450000.0,Holy elixir.png,Holy elixir
1952,Used to make holy symbols of Saradomin.,1599,False,2.0,40.0,5.0,3.0,Holy mould.png,Holy mould
1953,Holy footwear!,12598,True,800.0,4.0,2000.0,1200.0,Holy sandals.png,Holy sandals
1954,A blessed holy symbol of Saradomin.,1718,False,120.0,125.0,300.0,180.0,Holy symbol.png,Holy symbol
1955,Holy handwear!,19997,True,3840.0,4.0,9600.0,5760.0,Holy wraps.png,Holy wraps
1956,Law is not law if it violates the principles of eternal justice.,20229,True,32.0,5.0,80.0,48.0,Honourable blessing.png,Honourable blessing
1957,A dark power is woven into this hood.,20128,True,4000.0,70.0,10000.0,6000.0,Hood of darkness.png,Hood of darkness
1958,Sound the horn for a better hunt.,31243,True,8000.0,,20000.0,12000.0,Horn of plenty (empty).png,Horn of plenty (empty)
1959,A banner made of redwood baring the sigil of House Hosidius.,20254,True,28.0,4.0,70.0,42.0,Hosidius banner.png,Hosidius banner
1960,A rare hood from Hosidius.,20116,True,1.0,4.0,1.0,1.0,Hosidius hood.png,Hosidius hood
1961,A green scarf adorned with an ornamental leaf.,19946,True,4000.0,4.0,10000.0,6000.0,Hosidius scarf.png,Hosidius scarf
1962,A powerful herb.,30097,True,30.0,,75.0,45.0,Huasca.png,Huasca
1963,I need another ingredient to finish this Huasca potion.,30100,True,10.0,10000.0,25.0,15.0,Huasca potion (unf).png,Huasca potion (unf)
1964,A huasca seed - plant in a herb patch.,30088,True,28.0,200.0,70.0,42.0,Huasca seed 5.png,Huasca seed
1965,Quite mesmerising to look at.,30085,True,44.0,,110.0,66.0,Hueycoatl hide.png,Hueycoatl hide
1966,"A set containing a Hueycoatl hide coif, Hueycoatl hide body, Hueycoatl hide chaps and Hueycoatl hide vambraces.",31169,True,58000.0,,145000.0,87000.0,Hueycoatl hide armour set.png,Hueycoatl hide armour set
1967,Made from real Huey hide!,30076,True,5392.0,,13480.0,8088.0,Hueycoatl hide body.png,Hueycoatl hide body
1968,Made from real Huey hide!,30079,True,2488.0,,6220.0,3732.0,Hueycoatl hide chaps.png,Hueycoatl hide chaps
1969,Made from real Huey hide!,30073,True,800.0,,2000.0,1200.0,Hueycoatl hide coif.png,Hueycoatl hide coif
1970,Made from real Huey hide!,30082,True,1728.0,,4320.0,2592.0,Hueycoatl hide vambraces.png,Hueycoatl hide vambraces
1971,1 dose of Hunter potion.,10004,True,2.0,2000.0,6.0,3.0,Hunter potion(1).png,Hunter potion(1)
1972,2 doses of Hunter potion.,10002,True,3.0,2000.0,9.0,5.0,Hunter potion(2).png,Hunter potion(2)
1973,3 doses of Hunter potion.,10000,True,4.0,2000.0,12.0,7.0,Hunter potion(3).png,Hunter potion(3)
1974,4 doses of Hunter potion.,9998,True,6.0,2000.0,15.0,9.0,Hunter potion(4).png,Hunter potion(4)
1975,I can make some spears with these.,29311,True,2.0,10000.0,6.0,3.0,Hunter spear tips 5.png,Hunter spear tips
1976,Throw it... Or don't.,29305,True,140.0,,350.0,210.0,Hunter's spear.png,Hunter's spear
1977,A weapon made of bone and wood.,10156,True,520.0,70.0,1300.0,780.0,Hunters' crossbow.png,Hunters' crossbow
1978,A weapon made of horn and bone.,28869,True,520.0,70.0,1300.0,780.0,Hunters' sunlight crossbow.png,Hunters' sunlight crossbow
1979,One dose of fishy Hunter potion.,11519,True,2.0,2000.0,6.0,3.0,Hunting mix(1).png,Hunting mix(1)
1980,Two doses of fishy Hunter potion.,11517,True,3.0,2000.0,9.0,5.0,Hunting mix(2).png,Hunting mix(2)
1981,The bones of a hydra.,22786,True,64.0,7500.0,160.0,96.0,Hydra bones.png,Hydra bones
1982,Hide from a ferocious Hydra. It looks pretty tough.,22983,True,40000.0,15.0,100000.0,60000.0,Hydra leather.png,Hydra leather
1983,"Tail of a hydra, can be attached to a bonecrusher.",22988,True,40000.0,15.0,100000.0,60000.0,Hydra tail.png,Hydra tail
1984,The claw of a ferocious hydra.,22966,True,60000.0,15.0,150000.0,90000.0,Hydra's claw.png,Hydra's claw
1985,A missing piece from a magical staff.,30628,True,4000.0,8.0,10000.0,6000.0,Ice element staff crown.png,Ice element staff crown
1986,A teleport to the Ice Plateau in level 53 Wilderness.,24963,True,1.0,10000.0,1.0,1.0,Ice plateau teleport (tablet).png,Ice plateau teleport (tablet)
1987,The crushed rock seems to glow and is cold to the touch.,22599,True,36.0,10000.0,90.0,54.0,Icy basalt.png,Icy basalt
1988,This heart holds a magical power within.,20724,True,200000.0,8.0,500000.0,300000.0,Imbued heart.png,Imbued heart
1989,A little too small to stuff full of tar.,28831,True,80.0,,200.0,120.0,Immature tecu salamander.png,Immature tecu salamander
1990,What mischief can I get up to with this?,12249,True,800.0,4.0,2000.0,1200.0,Imp mask.png,Imp mask
1991,A complex and herby Tempestus Rosé that's famously served at the College of Bards.,29966,True,160.0,,400.0,240.0,Imperial rosé.png,Imperial rosé
1992,It's got little holes in the top.,11260,True,1.0,13000.0,1.0,1.0,Impling jar.png,Impling jar
1993,The limbs have been attached to the frame.,19598,True,20000.0,8.0,50000.0,30000.0,Incomplete heavy ballista.png,Incomplete heavy ballista
1994,The limbs have been attached to the frame.,19595,True,20000.0,8.0,50000.0,30000.0,Incomplete light ballista.png,Incomplete light ballista
1995,A heap of ashes.,25778,True,1.0,7500.0,1.0,1.0,Infernal ashes.png,Infernal ashes
1996,"Metal from infernus, waiting to be shaped at an anvil.",30864,True,8.0,,20.0,12.0,Infernal plate 1.png,Infernal plate
1997,Mystical boots.,6920,True,4800.0,125.0,12000.0,7200.0,Infinity boots.png,Infinity boots
1998,Mystical robes.,6924,True,36000.0,125.0,90000.0,54000.0,Infinity bottoms.png,Infinity bottoms
1999,Mystical gloves.,6922,True,4800.0,125.0,12000.0,7200.0,Infinity gloves.png,Infinity gloves
2000,A mystic hat.,6918,True,6800.0,125.0,17000.0,10200.0,Infinity hat.png,Infinity hat
2001,Mystical robes.,6916,True,56000.0,125.0,140000.0,84000.0,Infinity top.png,Infinity top
2002,An initiate Temple Knight's leg armour.,5576,True,3200.0,125.0,8000.0,4800.0,Initiate cuisse.png,Initiate cuisse
2003,Initiate level armour pack.,9668,True,8000.0,70.0,20000.0,12000.0,Initiate harness m.png,Initiate harness m
2004,An initiate Temple Knight's Armour.,5575,True,4000.0,125.0,10000.0,6000.0,Initiate hauberk.png,Initiate hauberk
2005,An initiate Temple Knight's helm.,5574,True,2400.0,125.0,6000.0,3600.0,Initiate sallet.png,Initiate sallet
2006,An inky black paint. This might look good on a boat.,32093,True,1.0,,1.0,1.0,Inky paint.png,Inky paint
2007,It eases diseases!,11088,True,1024.0,10000.0,2560.0,1536.0,Inoculation bracelet.png,Inoculation bracelet
2008,"A set containing an Inquisitor's great helm, Inquisitor's hauberk and Inquisitor's plateskirt.",24488,True,200000.0,,500000.0,300000.0,Inquisitor's armour set.png,Inquisitor's armour set
2009,The great helmet of the turncloak Justiciar.,24419,True,200000.0,8.0,500000.0,300000.0,Inquisitor's great helm.png,Inquisitor's great helm
2010,The hauberk of the turncloak Justiciar.,24420,True,400000.0,8.0,1000000.0,600000.0,Inquisitor's hauberk.png,Inquisitor's hauberk
2011,A powerful mace once wielded by the turncloak Justiciar.,24417,True,2000000.0,8.0,5000000.0,3000000.0,Inquisitor's mace.png,Inquisitor's mace
2012,The plateskirt of the turncloak Justiciar.,24421,True,300000.0,8.0,750000.0,450000.0,Inquisitor's plateskirt.png,Inquisitor's plateskirt
2013,Drives away all known 6 legged creatures.,28,True,1.0,15.0,3.0,1.0,Insect repellent.png,Insect repellent
2014,They're heavily insulated wellies.,7159,True,80.0,70.0,200.0,120.0,Insulated boots.png,Insulated boots
2015,Teleports you to the Iorwerth Camp.,12410,True,4.0,10000.0,10.0,6.0,Iorwerth camp teleport.png,Iorwerth camp teleport
2016,A useful herb.,259,True,16.0,13000.0,40.0,24.0,Irit leaf.png,Irit leaf
2017,I need another ingredient to finish this Irit potion.,101,True,16.0,10000.0,40.0,24.0,Irit potion (unf).png,Irit potion (unf)
2018,An irit seed - plant in a herb patch.,5297,True,2.0,600.0,5.0,3.0,Irit seed 5.png,Irit seed
2019,"A dark, thick, foul-smelling, tar-like substance.",28837,True,1.0,11000.0,1.0,1.0,Irit tar.png,Irit tar
2020,A two handed sword.,1309,False,112.0,125.0,280.0,168.0,Iron 2h sword.png,Iron 2h sword
2021,Arrows with iron heads.,884,False,1.0,7000.0,3.0,1.0,Iron arrow 5.png,Iron arrow
2022,Venomous-looking arrows.,885,True,1.0,7000.0,3.0,1.0,Iron arrow(p) 5.png,Iron arrow(p)
2023,Venomous-looking arrows.,5617,True,1.0,7000.0,3.0,1.0,Iron arrow(p+) 5.png,Iron arrow(p+)
2024,Venomous-looking arrows.,5623,True,1.0,7000.0,3.0,1.0,Iron arrow(p++) 5.png,Iron arrow(p++)
2025,I can make some arrows with these.,40,True,1.0,10000.0,2.0,1.0,Iron arrowtips.png,Iron arrowtips
2026,A woodcutter's axe.,1349,False,22.0,40.0,56.0,33.0,Iron axe.png,Iron axe
2027,It's a bar of iron.,2351,False,11.0,10000.0,28.0,16.0,Iron bar.png,Iron bar
2028,A vicious looking axe.,1363,False,72.0,125.0,182.0,109.0,Iron battleaxe.png,Iron battleaxe
2029,Iron crossbow bolts.,9140,True,1.0,7000.0,2.0,1.0,Iron bolts 5.png,Iron bolts
2030,Some poisoned iron bolts.,9287,True,1.0,11000.0,2.0,1.0,Iron bolts (p) 5.png,Iron bolts (p)
2031,Some poisoned iron bolts.,9294,True,1.0,11000.0,2.0,1.0,Iron bolts (p+) 5.png,Iron bolts (p+)
2032,Super poisoned iron bolts.,9301,True,1.0,11000.0,2.0,1.0,Iron bolts (p++) 5.png,Iron bolts (p++)
2033,Unfeathered iron crossbow bolts.,9377,True,1.0,13000.0,1.0,1.0,Iron bolts (unf) 5.png,Iron bolts (unf)
2034,These will protect my feet.,4121,True,33.0,125.0,84.0,50.0,Iron boots.png,Iron boots
2035,Blunt iron arrow... ouch.,4778,True,4.0,11000.0,10.0,6.0,Iron brutal 5.png,Iron brutal
2036,Ammo suited for a boat's cannon.,31908,True,1.0,11000.0,4.0,2.0,Iron cannonball.png,Iron cannonball
2037,A series of connected metal rings.,1101,False,84.0,125.0,210.0,126.0,Iron chainbody.png,Iron chainbody
2038,A set of fighting claws.,3096,True,20.0,125.0,50.0,30.0,Iron claws.png,Iron claws
2039,An iron crossbow.,9177,True,62.0,125.0,157.0,94.0,Iron crossbow.png,Iron crossbow
2040,An unstrung iron crossbow.,9457,True,49.0,10000.0,123.0,73.0,Iron crossbow (u).png,Iron crossbow (u)
2041,Short but pointy.,1203,False,14.0,125.0,35.0,21.0,Iron dagger.png,Iron dagger
2042,The blade is covered with poison.,1219,True,14.0,125.0,35.0,21.0,Iron dagger(p).png,Iron dagger(p)
2043,The blade is covered with poison.,5668,True,14.0,125.0,35.0,21.0,Iron dagger(p+).png,Iron dagger(p+)
2044,Short but pointy.,5686,True,14.0,125.0,35.0,21.0,Iron dagger(p++).png,Iron dagger(p++)
2045,A deadly throwing dart with an iron tip.,807,True,1.0,7000.0,2.0,1.0,Iron dart.png,Iron dart
2046,A deadly poisoned dart with an iron tip.,813,True,1.0,7000.0,2.0,1.0,Iron dart (p).png,Iron dart (p)
2047,A deadly looking dart tip made of iron - needs feathers for flight.,820,True,1.0,13000.0,3.0,1.0,Iron dart tip.png,Iron dart tip
2048,A deadly poisoned dart with an iron tip.,5629,True,1.0,7000.0,2.0,1.0,Iron dart(p+).png,Iron dart(p+)
2049,A deadly poisoned dart with an iron tip.,5636,True,1.0,7000.0,2.0,1.0,Iron dart(p++).png,Iron dart(p++)
2050,Do I look scary?,12365,True,4000.0,4.0,10000.0,6000.0,Iron dragon mask.png,Iron dragon mask
2051,A woodcutter's axe.,28199,True,22.0,,56.0,33.0,Iron felling axe.png,Iron felling axe
2052,A full face helmet.,1153,False,61.0,125.0,154.0,92.0,Iron full helm.png,Iron full helm
2053,Iron full helm with gold trim.,12241,False,64.0,4.0,160.0,96.0,Iron full helm (g).png,Iron full helm (g)
2054,Iron full helm with trim.,12231,False,64.0,4.0,160.0,96.0,Iron full helm (t).png,Iron full helm (t)
2055,"A set containing a full helm, platebody, legs and kiteshield.",12980,False,360.0,8.0,900.0,540.0,Iron gold-trimmed set (lg).png,Iron gold-trimmed set (lg)
2056,"A set containing a full helm, platebody, skirt and kiteshield.",12982,False,360.0,8.0,900.0,540.0,Iron gold-trimmed set (sk).png,Iron gold-trimmed set (sk)
2057,An iron halberd.,3192,True,112.0,125.0,280.0,168.0,Iron halberd.png,Iron halberd
2058,"An iron-tipped, one-handed hasta.",11369,True,36.0,125.0,91.0,54.0,Iron hasta.png,Iron hasta
2059,"A poison-tipped, one-handed iron hasta.",11386,True,36.0,125.0,91.0,54.0,Iron hasta(p).png,Iron hasta(p)
2060,"A poison-tipped, one-handed iron hasta.",11389,True,36.0,125.0,91.0,54.0,Iron hasta(p+).png,Iron hasta(p+)
2061,"A poison-tipped, one-handed iron hasta.",11391,True,36.0,125.0,91.0,54.0,Iron hasta(p++).png,Iron hasta(p++)
2062,An iron tipped javelin.,826,True,2.0,7000.0,6.0,3.0,Iron javelin.png,Iron javelin
2063,Needs a shaft.,19572,True,14.0,10000.0,35.0,21.0,Iron javelin tips 5.png,Iron javelin tips
2064,An iron tipped javelin.,832,True,2.0,7000.0,6.0,3.0,Iron javelin(p).png,Iron javelin(p)
2065,An iron tipped javelin.,5643,True,2.0,7000.0,6.0,3.0,Iron javelin(p+).png,Iron javelin(p+)
2066,An iron tipped javelin.,5649,True,2.0,7000.0,6.0,3.0,Iron javelin(p++).png,Iron javelin(p++)
2067,Parts for creating an iron keel for a boat.,32002,True,50.0,100.0,125.0,75.0,Iron keel parts.png,Iron keel parts
2068,A large metal shield.,1191,False,95.0,125.0,238.0,142.0,Iron kiteshield.png,Iron kiteshield
2069,Iron kiteshield with gold trim.,12243,False,96.0,4.0,240.0,144.0,Iron kiteshield (g).png,Iron kiteshield (g)
2070,Iron kiteshield with trim.,12233,False,96.0,4.0,240.0,144.0,Iron kiteshield (t).png,Iron kiteshield (t)
2071,A finely balanced throwing knife.,863,True,1.0,7000.0,3.0,1.0,Iron knife.png,Iron knife
2072,A finely balanced throwing knife.,871,True,1.0,7000.0,3.0,1.0,Iron knife(p).png,Iron knife(p)
2073,A finely balanced throwing knife.,5655,True,1.0,7000.0,3.0,1.0,Iron knife(p+).png,Iron knife(p+)
2074,A finely balanced throwing knife.,5662,True,1.0,7000.0,3.0,1.0,Iron knife(p++).png,Iron knife(p++)
2075,A pair of iron crossbow limbs.,9423,True,28.0,10000.0,70.0,42.0,Iron limbs.png,Iron limbs
2076,A razor sharp longsword.,1293,False,56.0,125.0,140.0,84.0,Iron longsword.png,Iron longsword
2077,A spiky mace.,1420,False,25.0,125.0,63.0,37.0,Iron mace.png,Iron mace
2078,A medium sized helmet.,1137,False,33.0,125.0,84.0,50.0,Iron med helm.png,Iron med helm
2079,Keeps things in place fairly permanently.,4820,True,1.0,13000.0,4.0,2.0,Iron nails.png,Iron nails
2080,This needs refining.,440,False,6.0,13000.0,17.0,10.0,Iron ore.png,Iron ore
2081,Used for mining.,1267,False,56.0,40.0,140.0,84.0,Iron pickaxe.png,Iron pickaxe
2082,Provides excellent protection.,1115,False,224.0,125.0,560.0,336.0,Iron platebody.png,Iron platebody
2083,Iron platebody with gold trim.,12235,False,224.0,4.0,560.0,336.0,Iron platebody (g).png,Iron platebody (g)
2084,Iron platebody with trim.,12225,False,224.0,4.0,560.0,336.0,Iron platebody (t).png,Iron platebody (t)
2085,These look pretty heavy.,1067,False,112.0,125.0,280.0,168.0,Iron platelegs.png,Iron platelegs
2086,Iron platelegs with gold trim.,12237,False,112.0,4.0,280.0,168.0,Iron platelegs (g).png,Iron platelegs (g)
2087,Iron platelegs with trim.,12227,False,112.0,4.0,280.0,168.0,Iron platelegs (t).png,Iron platelegs (t)
2088,Designer leg protection.,1081,False,112.0,125.0,280.0,168.0,Iron plateskirt.png,Iron plateskirt
2089,Iron plateskirt with gold trim.,12239,False,112.0,4.0,280.0,168.0,Iron plateskirt (g).png,Iron plateskirt (g)
2090,Iron plateskirt with trim.,12229,False,112.0,4.0,280.0,168.0,Iron plateskirt (t).png,Iron plateskirt (t)
2091,"A vicious, curved sword.",1323,False,44.0,125.0,112.0,67.0,Iron scimitar.png,Iron scimitar
2092,"A set containing a full helm, platebody, legs and kiteshield.",12972,False,360.0,8.0,900.0,540.0,Iron set (lg).png,Iron set (lg)
2093,"A set containing a full helm, platebody, skirt and kiteshield.",12974,False,360.0,8.0,900.0,540.0,Iron set (sk).png,Iron set (sk)
2094,An iron tipped spear.,1239,True,36.0,125.0,91.0,54.0,Iron spear.png,Iron spear
2095,A poisoned iron tipped spear.,1253,True,36.0,125.0,91.0,54.0,Iron spear(p).png,Iron spear(p)
2096,A poisoned iron tipped spear.,5706,True,36.0,125.0,91.0,54.0,Iron spear(p+).png,Iron spear(p+)
2097,A poisoned iron tipped spear.,5720,True,36.0,125.0,91.0,54.0,Iron spear(p++).png,Iron spear(p++)
2098,An iron spit.,7225,True,25.0,11000.0,64.0,38.0,Iron spit.png,Iron spit
2099,A medium square shield.,1175,False,67.0,125.0,168.0,100.0,Iron sq shield.png,Iron sq shield
2100,A razor sharp sword.,1279,False,36.0,125.0,91.0,54.0,Iron sword.png,Iron sword
2101,A finely balanced throwing axe.,801,True,2.0,7000.0,7.0,4.0,Iron thrownaxe.png,Iron thrownaxe
2102,"A set containing a full helm, platebody, legs and kiteshield.",12976,False,360.0,8.0,900.0,540.0,Iron trimmed set (lg).png,Iron trimmed set (lg)
2103,"A set containing a full helm, platebody, skirt and kiteshield.",12978,False,360.0,8.0,900.0,540.0,Iron trimmed set (sk).png,Iron trimmed set (sk)
2104,I don't think it's intended for joinery.,1335,False,69.0,125.0,173.0,103.0,Iron warhammer.png,Iron warhammer
2105,Breath powered dart delivering system with a hint of ironwood.,31581,True,1440.0,,3600.0,2160.0,Ironwood blowpipe (empty).png,Ironwood blowpipe (empty)
2106,Parts for creating an ironwood hull for a boat.,32056,True,5000.0,100.0,12500.0,7500.0,Ironwood hull parts.png,Ironwood hull parts
2107,Logs cut from an ironwood tree.,32907,True,144.0,12000.0,360.0,216.0,Ironwood logs.png,Ironwood logs
2108,A plank of robust ironwood.,31435,True,600.0,13000.0,1500.0,900.0,Ironwood plank.png,Ironwood plank
2109,Ironwood logs prepared with sacred oil for a funeral pyre.,31386,True,288.0,,720.0,432.0,Ironwood pyre logs.png,Ironwood pyre logs
2110,An excellent boat repair kit made from ironwood.,31979,True,1600.0,13000.0,4000.0,2400.0,Ironwood repair kit.png,Ironwood repair kit
2111,This sapling is ready to be replanted in a tree patch.,31505,True,1.0,,1.0,1.0,Ironwood sapling.png,Ironwood sapling
2112,Plant this in a plantpot of soil to grow a sapling.,31549,True,28.0,200.0,72.0,43.0,Ironwood seed 5.png,Ironwood seed
2113,Gets knots and kinks out of your hair.,9026,True,4.0,13000.0,10.0,6.0,Ivory comb.png,Ivory comb
2114,A crisp and citrusy Aldarin White that's popular for all occasions.,29952,True,40.0,,100.0,60.0,Ixcoztic white.png,Ixcoztic white
2115,A semi precious stone.,1611,True,60.0,13000.0,150.0,90.0,Jade.png,Jade
2116,I wonder if I can get this enchanted.,21111,True,420.0,10000.0,1050.0,630.0,Jade amulet.png,Jade amulet
2117,It needs a string so I can wear it.,21102,True,420.0,10000.0,1050.0,630.0,Jade amulet (u).png,Jade amulet (u)
2118,Jade bolt tips.,9187,True,4.0,11000.0,10.0,6.0,Jade bolt tips 5.png,Jade bolt tips
2119,I wonder if this is valuable.,21120,True,520.0,10000.0,1300.0,780.0,Jade bracelet.png,Jade bracelet
2120,"Dragon crossbow bolts, tipped with jade.",21957,True,240.0,11000.0,600.0,360.0,Jade dragon bolts 5.png,Jade dragon bolts
2121,"Enchanted Dragon crossbow bolts, tipped with jade.",21934,True,252.0,11000.0,630.0,378.0,Jade dragon bolts (e) 5.png,Jade dragon bolts (e)
2122,A jungle specific slashing device.,6315,True,400.0,15.0,1000.0,600.0,Jade machete.png,Jade machete
2123,I wonder if this is valuable.,21093,True,510.0,10000.0,1275.0,765.0,Jade necklace.png,Jade necklace
2124,A valuable ring.,21084,True,510.0,10000.0,1275.0,765.0,Jade ring.png,Jade ring
2125,This would make nice clothing.,29218,True,32.0,,80.0,48.0,Jaguar fur.png,Jaguar fur
2126,They don't look very ripe.,247,True,1.0,13000.0,1.0,1.0,Jangerberries.png,Jangerberries
2127,A jangerberry bush seed - plant in a bush patch.,5104,True,24.0,200.0,60.0,36.0,Jangerberry seed 5.png,Jangerberry seed
2128,Looks unstable.,23064,True,1.0,4.0,1.0,1.0,Jar of chemicals.png,Jar of chemicals
2129,It smells like it's been where the sun doesn't shine.,19701,True,1.0,4.0,1.0,1.0,Jar of darkness.png,Jar of darkness
2130,Very healthy.,22106,True,1.0,4.0,1.0,1.0,Jar of decay.png,Jar of decay
2131,It's just a jar of dirt.,12007,True,1.0,4.0,1.0,1.0,Jar of dirt.png,Jar of dirt
2132,"With this jar, your dreams can come true!",24495,True,1.0,4.0,1.0,1.0,Jar of dreams.png,Jar of dreams
2133,Stop staring!,23525,True,1.0,4.0,1.0,1.0,Jar of eyes.png,Jar of eyes
2134,It smells abysmal.,13277,True,1.0,4.0,1.0,1.0,Jar of miasma.png,Jar of miasma
2135,It's just a jar of sand.,12885,True,1.0,5.0,1.0,1.0,Jar of sand.png,Jar of sand
2136,Don't breath in.,25524,True,1.0,4.0,1.0,1.0,Jar of smoke.png,Jar of smoke
2137,This may be of use for a certain person.,13245,True,1.0,4.0,1.0,1.0,Jar of souls.png,Jar of souls
2138,How does someone jar this?,25521,True,1.0,4.0,1.0,1.0,Jar of spirits.png,Jar of spirits
2139,Stones aren't very useful in this capacity.,21745,True,1.0,4.0,1.0,1.0,Jar of stone.png,Jar of stone
2140,This is my Swamp!,12936,True,1.0,4.0,1.0,1.0,Jar of swamp.png,Jar of swamp
2141,"It's not very strong, but it could be pointy if you put a pointy tip on it.",19584,True,1.0,7000.0,1.0,1.0,Javelin shaft 5.png,Javelin shaft
2142,The long tail of an embertailed jerboa.,29166,True,1.0,18000.0,1.0,1.0,Jerboa tail.png,Jerboa tail
2143,A jester cape.,23297,False,400.0,4.0,1000.0,600.0,Jester cape.png,Jester cape
2144,Fairly big bones which smell distinctly of Jogre.,3125,True,1.0,3000.0,1.0,1.0,Jogre bones.png,Jogre bones
2145,This jug is empty.,1935,False,1.0,13000.0,1.0,1.0,Jug.png,Jug
2146,It's full of water.,1937,False,1.0,13000.0,1.0,1.0,Jug of water.png,Jug of water
2147,It's full of wine.,1993,False,1.0,6000.0,1.0,1.0,Jug of wine.png,Jug of wine
2148,"Doesn't look too appetising, but looks can be deceiving.",31564,True,64.0,,160.0,96.0,Jumbo squid.png,Jumbo squid
2149,These should make me harder to spot in jungle areas.,10059,True,8.0,,20.0,12.0,Jungle camo legs.png,Jungle camo legs
2150,These should make me harder to spot in jungle areas.,28848,True,8.0,,20.0,12.0,Jungle camo legs.png,Jungle camo legs (equipped)
2151,This should make me harder to spot in jungle areas.,10057,True,8.0,,20.0,12.0,Jungle camo top.png,Jungle camo top
2152,This should make me harder to spot in jungle areas.,28845,True,8.0,,20.0,12.0,Jungle camo top.png,Jungle camo top (equipped)
2153,A mask resembling a visage of a Greater Jungle demon.,20032,True,1600.0,4.0,4000.0,2400.0,Jungle demon mask.png,Jungle demon mask
2154,"A set containing a Justiciar faceguard, Justiciar chestguard and Justiciar legguards.",22438,True,58000.0,5.0,145000.0,87000.0,Justiciar armour set.png,Justiciar armour set
2155,"A Justiciar's chestguard. They once roamed the land casting judgements on wrongdoers, their decisions were never questioned.",22327,True,2400000.0,8.0,6000000.0,3600000.0,Justiciar chestguard.png,Justiciar chestguard
2156,"A helm that once belonged to a Justiciar, a loyal zealot of Saradomin.",22326,True,800000.0,8.0,2000000.0,1200000.0,Justiciar faceguard.png,Justiciar faceguard
2157,A Justiciar's platelegs. Their once bright colours have since faded.,22328,True,1800000.0,8.0,4500000.0,2700000.0,Justiciar legguards.png,Justiciar legguards
2158,I can weave this to make sacks.,5931,True,2.0,13000.0,6.0,3.0,Jute fibre.png,Jute fibre
2159,A jute plant seed - plant in a hops patch.,5306,True,2.0,2000.0,5.0,3.0,Jute seed 5.png,Jute seed
2160,"A wide bodied and thin necked vessel, encrusted with sea salt.",3157,True,2.0,15.0,5.0,3.0,Karambwan vessel.png,Karambwan vessel
2161,This Karambwan Vessel is loaded with Karambwanji.,3159,True,16.0,15.0,40.0,24.0,Karambwan vessel (baited).png,Karambwan vessel (baited)
2162,Makes my face itch.,4595,True,1.0,15.0,1.0,1.0,Karidian disguise.png,Karidian disguise
2163,"A set containing a Karil's coif, leatherskirt, leathertop and crossbow.",12883,True,80000.0,8.0,200000.0,120000.0,Karil's armour set.png,Karil's armour set
2164,Karil the Tainted's coif.,4732,True,5200.0,15.0,13000.0,7800.0,Karil's coif.png,Karil's coif
2165,Karil the Tainted's coif.,4932,True,5200.0,15.0,13000.0,7800.0,Karil's coif 0.png,Karil's coif 0
2166,Karil the Tainted's repeating crossbow.,4734,True,64000.0,15.0,160000.0,96000.0,Karil's crossbow.png,Karil's crossbow
2167,Karil the Tainted's repeating crossbow.,4938,True,64000.0,15.0,160000.0,96000.0,Karil's crossbow 0.png,Karil's crossbow 0
2168,Karil the Tainted's leather skirt.,4738,True,18800.0,15.0,47000.0,28200.0,Karil's leatherskirt.png,Karil's leatherskirt
2169,Karil the Tainted's leather skirt.,4950,True,18800.0,15.0,47000.0,28200.0,Karil's leatherskirt 0.png,Karil's leatherskirt 0
2170,Karil the Tainted's leather body armour.,4736,True,20000.0,15.0,50000.0,30000.0,Karil's leathertop.png,Karil's leathertop
2171,Karil the Tainted's leather body armour.,4944,True,20000.0,15.0,50000.0,30000.0,Karil's leathertop 0.png,Karil's leathertop 0
2172,Created by Hattori Hanzo in the Eastern Lands.,12357,True,9600.0,8.0,24000.0,14400.0,Katana.png,Katana
2173,A meaty kebab.,1971,False,1.0,6000.0,3.0,1.0,Kebab.png,Kebab
2174,"A mixture of chopped tomatoes, onions and ugthanki meat in a bowl.",1881,True,3.0,11000.0,9.0,5.0,Kebab mix.png,Kebab mix
2175,Bolts made from the spikes of a prickly kebbit.,10158,True,7.0,11000.0,18.0,10.0,Kebbit bolts.png,Kebbit bolts
2176,More menacing when attached to the owner.,10113,True,17.0,10000.0,43.0,25.0,Kebbit claws.png,Kebbit claws
2177,These bone spikes are both very tough and very sharp.,10105,True,36.0,10000.0,90.0,54.0,Kebbit spike.png,Kebbit spike
2178,A kebbit-sized set of dentures.,10109,True,64.0,10000.0,160.0,96.0,Kebbit teeth.png,Kebbit teeth
2179,Previously a kebbit-sized set of dentures.,10111,True,64.0,10000.0,160.0,96.0,Kebbit teeth dust.png,Kebbit teeth dust
2180,A lot of beer in a barrel.,3801,True,100.0,2000.0,250.0,150.0,Keg of beer.png,Keg of beer
2181,Teleports you to the Key Master.,13249,True,4.0,,10.0,6.0,Key master teleport.png,Key master teleport
2182,Wear it on your head.,4591,True,1.0,15.0,1.0,1.0,Kharidian headpiece.png,Kharidian headpiece
2183,A teleport to Kharyrll.,12779,True,1.0,10000.0,1.0,1.0,Kharyrll teleport (tablet).png,Kharyrll teleport (tablet)
2184,A teleport to Port Khazard.,24957,True,1.0,10000.0,1.0,1.0,Khazard teleport (tablet).png,Khazard teleport (tablet)
2185,They're a gnome delicacy apparently.,2162,True,1.0,13000.0,2.0,1.0,King worm.png,King worm
2186,"A sharp, dependable knife, for filleting meat.",7447,True,3200.0,50.0,8000.0,4800.0,Kitchen knife.png,Kitchen knife
2187,How does it all fit in there?,8528,True,4.0,500.0,10.0,6.0,Kitchen table (flatpack).png,Kitchen table (flatpack)
2188,A dangerous looking knife.,946,False,2.0,40.0,6.0,3.0,Knife.png,Knife
2189,"An insignia representing Kodai, Xeric's fearsome wizards.",21043,True,60000.0,8.0,150000.0,90000.0,Kodai insignia.png,Kodai insignia
2190,A wand of an ancient Kodai mage.,21006,True,60000.0,8.0,150000.0,90000.0,Kodai wand.png,Kodai wand
2191,A teleport to Kourend Castle.,28790,True,1.0,,1.0,1.0,Kourend castle teleport (tablet).png,Kourend castle teleport (tablet)
2192,Only Kovac knows what's gone into this.,27014,True,2.0,,5.0,3.0,Kovac's grog.png,Kovac's grog
2193,"Coconut milk, pineapple and... kraken ink?",31258,True,8.0,,20.0,12.0,Kraken colada.png,Kraken colada
2194,Ewwww... it's still sucky.,12004,True,33336.0,70.0,83340.0,50004.0,Kraken tentacle.png,Kraken tentacle
2195,A handful of Krandorian Hops.,6000,True,4.0,11000.0,10.0,6.0,Krandorian hops.png,Krandorian hops
2196,A Krandorian hop seed - plant in a hops patch.,5310,True,3.0,2000.0,8.0,4.0,Krandorian seed 5.png,Krandorian seed
2197,A powerful herb.,263,True,21.0,13000.0,54.0,32.0,Kwuarm.png,Kwuarm
2198,I need another ingredient to finish this Kwuarm potion.,105,True,21.0,10000.0,54.0,32.0,Kwuarm potion (unf).png,Kwuarm potion (unf)
2199,A kwuarm seed - plant in a herb patch.,5299,True,4.0,200.0,11.0,6.0,Kwuarm seed 5.png,Kwuarm seed
2200,It's a perfect-looking kyatt fur.,10103,True,64.0,10000.0,160.0,96.0,Kyatt fur.png,Kyatt fur
2201,This should make me harder to spot in polar areas.,10039,True,400.0,150.0,1000.0,600.0,Kyatt hat.png,Kyatt hat
2202,These should make me harder to spot in polar areas.,10035,True,80.0,150.0,200.0,120.0,Kyatt legs.png,Kyatt legs
2203,This should make me harder to spot in polar areas.,10037,True,80.0,150.0,200.0,120.0,Kyatt top.png,Kyatt top
2204,A powerful herb.,2481,True,27.0,11000.0,68.0,40.0,Lantadyme.png,Lantadyme
2205,I need another ingredient to finish this Lantadyme potion.,2483,True,27.0,10000.0,68.0,40.0,Lantadyme potion (unf).png,Lantadyme potion (unf)
2206,A lantadyme seed - plant in a herb patch.,5302,True,3.0,200.0,9.0,5.0,Lantadyme seed 5.png,Lantadyme seed
2207,A roughly circular disc of glass.,4542,True,28.0,10000.0,70.0,42.0,Lantern lens.png,Lantern lens
2208,Parts for creating an adamant keel for larger boats.,32032,True,6250.0,100.0,15625.0,9375.0,Large adamant keel parts.png,Large adamant keel parts
2209,Parts for creating a bronze keel for larger boats.,32020,True,70.0,100.0,175.0,105.0,Large bronze keel parts.png,Large bronze keel parts
2210,Parts for creating a camphor hull for larger boats.,32074,True,12500.0,100.0,31250.0,18750.0,Large camphor hull parts.png,Large camphor hull parts
2211,Parts for creating a dragon keel for larger boats.,32038,True,75000.0,100.0,187500.0,112500.0,Large dragon keel parts.png,Large dragon keel parts
2212,Parts for creating an iron keel for larger boats.,32023,True,250.0,100.0,625.0,375.0,Large iron keel parts.png,Large iron keel parts
2213,Parts for creating an ironwood hull for a boat.,32077,True,25000.0,100.0,62500.0,37500.0,Large ironwood hull parts.png,Large ironwood hull parts
2214,Parts for creating a mahogany hull for larger boats.,32071,True,7500.0,100.0,18750.0,11250.0,Large mahogany hull parts.png,Large mahogany hull parts
2215,Parts for creating a mithril keel for larger boats.,32029,True,2500.0,100.0,6250.0,3750.0,Large mithril keel parts.png,Large mithril keel parts
2216,How does it all fit in there?,8580,True,4.0,500.0,10.0,6.0,Large oak bed (flatpack).png,Large oak bed (flatpack)
2217,Parts for creating an oak hull for larger boats.,32065,True,1250.0,,3125.0,1875.0,Large oak hull parts.png,Large oak hull parts
2218,Parts for creating a rosewood hull for a boat.,32080,True,37500.0,100.0,93750.0,56250.0,Large rosewood hull parts.png,Large rosewood hull parts
2219,Parts for creating a runite keel for larger boats.,32035,True,40000.0,100.0,100000.0,60000.0,Large rune keel parts.png,Large rune keel parts
2220,Parts for creating a steel keel for larger boats.,32026,True,1000.0,100.0,2500.0,1500.0,Large steel keel parts.png,Large steel keel parts
2221,How does it all fit in there?,8584,True,4.0,500.0,10.0,6.0,Large teak bed (flatpack).png,Large teak bed (flatpack)
2222,Parts for creating a teak hull for larger boats.,32068,True,2500.0,100.0,6250.0,3750.0,Large teak hull parts.png,Large teak hull parts
2223,Parts for creating a wooden hull for larger boats.,32062,True,500.0,100.0,1250.0,750.0,Large wooden hull parts.png,Large wooden hull parts
2224,Opens Larran's chests in the Wilderness.,23490,True,36.0,250.0,90.0,54.0,Larran's key 5.png,Larran's key
2225,It's a perfect-looking larupia fur.,10095,True,32.0,10000.0,80.0,48.0,Larupia fur.png,Larupia fur
2226,This should make me harder to spot in woodland and jungle areas.,10045,True,200.0,150.0,500.0,300.0,Larupia hat.png,Larupia hat
2227,These should make me harder to spot in woodland and jungle areas.,10041,True,40.0,150.0,100.0,60.0,Larupia legs.png,Larupia legs
2228,This should make me harder to spot in woodland and jungle areas.,10043,True,40.0,150.0,100.0,60.0,Larupia top.png,Larupia top
2229,A teleport to Lassar.,12780,True,1.0,10000.0,1.0,1.0,Lassar teleport (tablet).png,Lassar teleport (tablet)
2230,It's a slightly magical stick.,3053,True,6800.0,8.0,17000.0,10200.0,Lava battlestaff.png,Lava battlestaff
2231,Bones of a lava dragon.,11943,True,60.0,7500.0,150.0,90.0,Lava dragon bones.png,Lava dragon bones
2232,Do I look scary?,12371,True,4000.0,4.0,10000.0,6000.0,Lava dragon mask.png,Lava dragon mask
2233,A combined Earth and Fire Rune.,4699,True,8.0,18000.0,20.0,12.0,Lava rune.png,Lava rune
2234,A scale from the hide of a lava dragon.,11992,True,20.0,11000.0,50.0,30.0,Lava scale.png,Lava scale
2235,Ground-up lava dragon scale.,11994,True,8.0,11000.0,20.0,12.0,Lava scale shard 5.png,Lava scale shard
2236,Makes a lava battlestaff or mystic lava staff more beautiful.,21202,True,600.0,50.0,1500.0,900.0,Lava staff upgrade kit.png,Lava staff upgrade kit
2237,Used for teleport spells.,563,False,96.0,18000.0,240.0,144.0,Law rune.png,Law rune
2238,It's a bar of lead.,32889,True,11.0,,28.0,16.0,Lead bar.png,Lead bar
2239,This needs refining.,31716,True,14.0,,35.0,21.0,Lead ore.png,Lead ore
2240,A razor-sharp battleaxe.,20727,True,38400.0,70.0,96000.0,57600.0,Leaf-bladed battleaxe.png,Leaf-bladed battleaxe
2241,A razor-sharp sword.,11902,True,27200.0,70.0,68000.0,40800.0,Leaf-bladed sword.png,Leaf-bladed sword
2242,"The lean, slimy corpse of a deceased giant snail.",3365,True,4.0,13000.0,10.0,6.0,Lean snail.png,Lean snail
2243,A succulently slimy slice of sumptuous snail.,3371,True,8.0,6000.0,20.0,12.0,Lean snail meat.png,Lean snail meat
2244,Some non-tasty salmon.,11330,True,1.0,13000.0,3.0,1.0,Leaping salmon.png,Leaping salmon
2245,A bloated sturgeon.,11332,True,1.0,13000.0,4.0,2.0,Leaping sturgeon.png,Leaping sturgeon
2246,A sad-looking trout.,11328,True,1.0,13000.0,2.0,1.0,Leaping trout.png,Leaping trout
2247,It's a piece of leather.,1741,False,1.0,13000.0,1.0,1.0,Leather.png,Leather
2248,Better than no armour!,1129,False,8.0,125.0,21.0,12.0,Leather body.png,Leather body
2249,Better than no armour! Nice trim too!,23381,False,340.0,8.0,850.0,510.0,Leather body (g).png,Leather body (g)
2250,Comfortable leather boots.,1061,False,2.0,125.0,6.0,3.0,Leather boots.png,Leather boots
2251,Better than no armour!,1095,False,8.0,125.0,20.0,12.0,Leather chaps.png,Leather chaps
2252,Better than no armour! Nice trim too!,23384,False,340.0,8.0,850.0,510.0,Leather chaps (g).png,Leather chaps (g)
2253,Better than no armour!,1167,False,9.0,125.0,24.0,14.0,Leather cowl.png,Leather cowl
2254,These will keep my hands warm!,1059,False,2.0,125.0,6.0,3.0,Leather gloves.png,Leather gloves
2255,Better than no armour!,1063,False,7.0,125.0,18.0,10.0,Leather vambraces.png,Leather vambraces
2256,A pile of leaves.,6020,True,1.0,13000.0,1.0,1.0,Leaves.png,Leaves
2257,A black piece of cloth on a string.,19724,True,1.0,4.0,2.0,1.0,Left eye patch.png,Left eye patch
2258,A fresh lemon.,2102,True,1.0,13000.0,2.0,1.0,Lemon.png,Lemon
2259,Fresh chunks of lemon.,2104,True,1.0,13000.0,2.0,1.0,Lemon chunks.png,Lemon chunks
2260,Fresh lemon slices.,2106,True,1.0,13000.0,2.0,1.0,Lemon slices.png,Lemon slices
2261,Top o' the morning!,12359,True,400.0,4.0,1000.0,600.0,Leprechaun hat.png,Leprechaun hat
2262,Evil.,20020,True,1600.0,4.0,4000.0,2400.0,Lesser demon mask.png,Lesser demon mask
2263,A weapon forged from the wreckage of an airship.,19478,True,50000.0,8.0,125000.0,75000.0,Light ballista.png,Light ballista
2264,Bow ties are cool.,19985,True,2000.0,4.0,5000.0,3000.0,Light bow tie.png,Light bow tie
2265,A light wooden frame.,19586,True,20000.0,8.0,50000.0,30000.0,Light frame.png,Light frame
2266,Use on infinity pieces to recolour them!,12530,True,2000.0,4.0,5000.0,3000.0,Light infinity colour kit.png,Light infinity colour kit
2267,A component of cave goblin Magic.,10973,True,140.0,10000.0,350.0,210.0,Light orb.png,Light orb
2268,Light tuxedo trousers with matching stockings.,19979,True,2400.0,4.0,6000.0,3600.0,Light trousers.png,Light trousers
2269,Linked tuxedo cuffs with a gold trim.,19976,True,1200.0,4.0,3000.0,1800.0,Light tuxedo cuffs.png,Light tuxedo cuffs
2270,A light tuxedo jacket with a matching shirt.,19973,True,4000.0,4.0,10000.0,6000.0,Light tuxedo jacket.png,Light tuxedo jacket
2271,Light shoes to match your light tuxedo.,19982,True,1200.0,4.0,3000.0,1800.0,Light tuxedo shoes.png,Light tuxedo shoes
2272,A heavy ring that glimmers with a strange power.,25975,True,400000.0,8.0,1000000.0,600000.0,Lightbearer.png,Lightbearer
2273,A beautiful lily.,27272,True,80.0,13000.0,200.0,120.0,Lily of the sands.png,Lily of the sands
2274,A fresh lime.,2120,True,1.0,13000.0,2.0,1.0,Lime.png,Lime
2275,Fresh chunks of lime.,2122,True,1.0,13000.0,1.0,1.0,Lime chunks.png,Lime chunks
2276,Fresh lime slices.,2124,True,1.0,13000.0,2.0,1.0,Lime slices.png,Lime slices
2277,Some limestone.,3211,True,4.0,13000.0,10.0,6.0,Limestone.png,Limestone
2278,A well carved limestone brick.,3420,True,8.0,10000.0,20.0,12.0,Limestone brick.png,Limestone brick
2279,The root of a limpwurt plant.,225,False,2.0,13000.0,7.0,4.0,Limpwurt root.png,Limpwurt root
2280,A limpwurt seed - plant in a flower patch.,5100,True,4.0,600.0,12.0,7.0,Limpwurt seed 5.png,Limpwurt seed
2281,One sheet of mummy wrap.,4684,True,12.0,15.0,30.0,18.0,Linen (Icthlarin's Little Helper).png,Linen (Icthlarin's Little Helper)
2282,Spun from flax.,31463,True,2.0,13000.0,6.0,3.0,Linen yarn.png,Linen yarn
2283,A viscous bright-green ale. Smells like a herpetarium.,25826,True,2.0,,6.0,3.0,Lizardkicker.png,Lizardkicker
2284,Ripped from the maw of a dying lizardman of Kourend.,13391,True,24.0,13000.0,60.0,36.0,Lizardman fang.png,Lizardman fang
2285,The remains of a deadly shade.,3396,True,1.0,7500.0,1.0,1.0,Loar remains.png,Loar remains
2286,This looks tricky to eat.,379,False,28.0,6000.0,70.0,42.0,Lobster.png,Lobster
2287,Useful for catching lobsters.,301,False,8.0,40.0,20.0,12.0,Lobster pot.png,Lobster pot
2288,For picking tough locks.,1523,True,8.0,250.0,20.0,12.0,Lockpick.png,Lockpick
2289,"Delicious and nutritious. Well, nutritious anyway.",9052,True,1.0,6000.0,1.0,1.0,Locust meat.png,Locust meat
2290,"With some rope, adamantite bars and steel nails, I can create a sturdy harness.",28146,True,1200.0,40.0,3000.0,1800.0,Log brace.png,Log brace
2291,A number of wooden logs.,1511,False,1.0,15000.0,4.0,2.0,Logs.png,Logs
2292,Bolts made from the spikes of a razor-backed kebbit.,10159,True,12.0,11000.0,31.0,18.0,Long kebbit bolts.png,Long kebbit bolts
2293,These bone spikes are both very tough and very sharp.,10107,True,60.0,10000.0,150.0,90.0,Long kebbit spike.png,Long kebbit spike
2294,A nice sturdy bow.,839,False,32.0,18000.0,80.0,48.0,Longbow.png,Longbow
2295,I need to find a string for this.,48,True,24.0,10000.0,60.0,36.0,Longbow (u).png,Longbow (u)
2296,The loop end of the mysterious Crystal Key. Can you find the other half?,987,True,40.0,11000.0,100.0,60.0,Loop half of key.png,Loop half of key
2297,A note that may be exchanged at a bank for a Looting Bag.,24585,True,36.0,40.0,90.0,54.0,Looting bag note.png,Looting bag note
2298,A lovakite banner baring the sigil of house Lovakengj.,20257,True,28.0,4.0,70.0,42.0,Lovakengj banner.png,Lovakengj banner
2299,A rare hood from Lovakengj .,20119,True,1.0,4.0,1.0,1.0,Lovakengj hood.png,Lovakengj hood
2300,A yellow scarf adorned with an ornamental anvil.,19949,True,4000.0,4.0,10000.0,6000.0,Lovakengj scarf.png,Lovakengj scarf
2301,Teleports you to the Lumberyard.,12642,True,4.0,15000.0,10.0,6.0,Lumberyard teleport.png,Lumberyard teleport
2302,A teleport to Lumbridge.,8008,True,1.0,10000.0,1.0,1.0,Lumbridge teleport (tablet).png,Lumbridge teleport (tablet)
2303,Teleports you to Lunar isle.,12405,True,4.0,10000.0,10.0,6.0,Lunar isle teleport.png,Lunar isle teleport
2304,Mahogany treasure chest.,9864,True,4.0,500.0,10.0,6.0,M. treasure chest (flatpack).png,M. treasure chest (flatpack)
2305,A jungle specific slashing device.,975,True,16.0,15.0,40.0,24.0,Machete.png,Machete
2306,Some nicely cooked mackerel.,355,True,6.0,6000.0,15.0,9.0,Mackerel.png,Mackerel
2307,The magical book of the Mage.,6889,True,200.0,15.0,500.0,300.0,Mage's book.png,Mage's book
2308,Feed and catch the birds by placing this in the right spot.,22201,True,2.0,250.0,5.0,3.0,Magic bird house.png,Magic bird house
2309,A magical catching box.,10025,True,240.0,250.0,600.0,360.0,Magic box.png,Magic box
2310,How does it all fit in there?,9848,True,4.0,500.0,10.0,6.0,Magic cape rack (flatpack).png,Magic cape rack (flatpack)
2311,A powerful bow made from magic wood.,10284,True,1000.0,8.0,2500.0,1500.0,Magic comp bow.png,Magic comp bow
2312,One dose of fishy Magic essence.,11491,True,52.0,2000.0,130.0,78.0,Magic essence mix(1).png,Magic essence mix(1)
2313,Two doses of fishy Magic essence.,11489,True,72.0,2000.0,180.0,108.0,Magic essence mix(2).png,Magic essence mix(2)
2314,This can be attached to a Staff of the Dead or a Trident of the Seas.,12932,True,40800.0,5.0,102000.0,61200.0,Magic fang.png,Magic fang
2315,A pile of Magic tree leaves.,6030,True,1.0,,1.0,1.0,Magic leaves.png,Magic leaves
2316,Logs cut from a magic tree.,1513,True,128.0,12000.0,320.0,192.0,Magic logs.png,Magic logs
2317,A nice sturdy magical bow.,859,True,1024.0,18000.0,2560.0,1536.0,Magic longbow.png,Magic longbow
2318,An unstrung magic longbow; I need a bowstring for this.,70,True,512.0,10000.0,1280.0,768.0,Magic longbow (u).png,Magic longbow (u)
2319,One dose of fishy Magic potion.,11515,True,60.0,2000.0,150.0,90.0,Magic mix(1).png,Magic mix(1)
2320,Two doses of fishy Magic potion.,11513,True,80.0,2000.0,200.0,120.0,Magic mix(2).png,Magic mix(2)
2321,1 dose of Magic potion.,3046,True,60.0,2000.0,150.0,90.0,Magic potion(1).png,Magic potion(1)
2322,2 doses of Magic potion.,3044,True,80.0,2000.0,200.0,120.0,Magic potion(2).png,Magic potion(2)
2323,3 doses of Magic potion.,3042,True,100.0,2000.0,250.0,150.0,Magic potion(3).png,Magic potion(3)
2324,4 doses of Magic potion.,3040,True,120.0,2000.0,300.0,180.0,Magic potion(4).png,Magic potion(4)
2325,Magic logs prepared with sacred oil for a funeral pyre.,3448,True,256.0,11000.0,640.0,384.0,Magic pyre logs.png,Magic pyre logs
2326,The roots of the Magic tree.,6051,True,1.0,11000.0,1.0,1.0,Magic roots.png,Magic roots
2327,This sapling is ready to be replanted in a tree patch.,5374,True,1.0,200.0,1.0,1.0,Magic sapling.png,Magic sapling
2328,Plant this in a plantpot of soil to grow a sapling.,5316,True,168.0,200.0,422.0,253.0,Magic seed 5.png,Magic seed
2329,A solid magic wood shield.,22263,True,512.0,18000.0,1280.0,768.0,Magic shield.png,Magic shield
2330,"Short and magical, but still effective.",861,True,640.0,18000.0,1600.0,960.0,Magic shortbow.png,Magic shortbow
2331,An unstrung magic shortbow; I need a bowstring for this.,72,True,320.0,10000.0,800.0,480.0,Magic shortbow (u).png,Magic shortbow (u)
2332,Use on a Magic shortbow to imbue the bow.,12786,True,2000.0,10000.0,5000.0,3000.0,Magic shortbow scroll.png,Magic shortbow scroll
2333,A Magical staff.,1389,False,80.0,125.0,200.0,120.0,Magic staff.png,Magic staff
2334,A magic crossbow stock.,21952,True,112.0,10000.0,280.0,168.0,Magic stock.png,Magic stock
2335,A magic stone to make high-level furniture.,8788,True,300000.0,11000.0,750000.0,450000.0,Magic stone.png,Magic stone
2336,I could use this to make jewellery.,6038,True,1.0,11000.0,1.0,1.0,Magic string.png,Magic string
2337,Magpie impling in a jar.,11252,True,20.0,18000.0,50.0,30.0,Magpie impling jar.png,Magpie impling jar
2338,An occult ring that grants immense magical power.,28313,True,56000.0,,140000.0,84000.0,Magus ring.png,Magus ring
2339,How does it all fit in there?,8508,True,4.0,500.0,10.0,6.0,Mahogany armchair (flatpack).png,Mahogany armchair (flatpack)
2340,Mahogany armour case.,9861,True,4.0,500.0,10.0,6.0,Mahogany armour case (flatpack).png,Mahogany armour case (flatpack)
2341,How does it all fit in there?,8572,True,4.0,500.0,10.0,6.0,Mahogany bench (flatpack).png,Mahogany bench (flatpack)
2342,Feed and catch the birds by placing this in the right spot.,22195,True,2.0,250.0,5.0,3.0,Mahogany bird house.png,Mahogany bird house
2343,How does it all fit in there?,8514,True,4.0,500.0,10.0,6.0,Mahogany bookcase (flatpack).png,Mahogany bookcase (flatpack)
2344,How does it all fit in there?,9845,True,4.0,500.0,10.0,6.0,Mahogany cape rack (flatpack).png,Mahogany cape rack (flatpack)
2345,How does it all fit in there?,8606,True,4.0,500.0,10.0,6.0,Mahogany dresser (flatpack).png,Mahogany dresser (flatpack)
2346,Mahogany fancy dress box.,9867,True,4.0,500.0,10.0,6.0,Mahogany fancy dress box (flatpack).png,Mahogany fancy dress box (flatpack)
2347,Parts for creating a mahogany hull for a boat.,32050,True,1500.0,100.0,3750.0,2250.0,Mahogany hull parts.png,Mahogany hull parts
2348,Some well-cut mahogany logs.,6332,True,20.0,11000.0,50.0,30.0,Mahogany logs.png,Mahogany logs
2349,Mahogany magic wardrobe.,9856,True,4.0,500.0,10.0,6.0,Mahogany magic wardrobe (flatpack).png,Mahogany magic wardrobe (flatpack)
2350,A plank of expensive mahogany.,8782,True,600.0,13000.0,1500.0,900.0,Mahogany plank.png,Mahogany plank
2351,Mahogany logs prepared with sacred oil for a funeral pyre.,6213,True,80.0,11000.0,200.0,120.0,Mahogany pyre logs.png,Mahogany pyre logs
2352,A strong boat repair kit made from mahogany.,31973,True,1000.0,13000.0,2500.0,1500.0,Mahogany repair kit.png,Mahogany repair kit
2353,This sapling is ready to be replanted in a tree patch.,21480,True,1.0,200.0,1.0,1.0,Mahogany sapling.png,Mahogany sapling
2354,Plant this in a plantpot of soil to grow a sapling.,21488,True,19.0,200.0,48.0,28.0,Mahogany seed 5.png,Mahogany seed
2355,A mahogany crossbow stock.,9450,True,53.0,10000.0,133.0,79.0,Mahogany stock.png,Mahogany stock
2356,How does it all fit in there?,8558,True,4.0,500.0,10.0,6.0,Mahogany table (flatpack).png,Mahogany table (flatpack)
2357,How does it all fit in there?,9851,True,4.0,500.0,10.0,6.0,Mahogany toy box (flatpack).png,Mahogany toy box (flatpack)
2358,How does it all fit in there?,8620,True,4.0,500.0,10.0,6.0,Mahogany wardrobe (flatpack).png,Mahogany wardrobe (flatpack)
2359,A broken shield piece.,11931,True,12400.0,10000.0,31000.0,18600.0,Malediction shard 1.png,Malediction shard 1
2360,A broken shield piece.,11932,True,12400.0,10000.0,31000.0,18600.0,Malediction shard 2.png,Malediction shard 2
2361,A broken shield piece.,11933,True,12400.0,10000.0,31000.0,18600.0,Malediction shard 3.png,Malediction shard 3
2362,"An ancient, evil shield forged by Volcanic heat.",11924,True,18000.0,8.0,45000.0,27000.0,Malediction ward.png,Malediction ward
2363,A heap of ashes.,25772,True,1.0,,1.0,1.0,Malicious ashes.png,Malicious ashes
2364,A rare catch.,391,True,80.0,10000.0,200.0,120.0,Manta ray.png,Manta ray
2365,Feed and catch the birds by placing this in the right spot.,22192,True,2.0,250.0,5.0,3.0,Maple bird house.png,Maple bird house
2366,A solid bit of maple.,6416,True,480.0,125.0,1200.0,720.0,Maple blackjack.png,Maple blackjack
2367,A defensive blackjack.,6420,True,640.0,125.0,1600.0,960.0,Maple blackjack(d).png,Maple blackjack(d)
2368,An offensive blackjack.,6418,True,640.0,125.0,1600.0,960.0,Maple blackjack(o).png,Maple blackjack(o)
2369,A pile of Maple tree leaves.,6028,True,1.0,,1.0,1.0,Maple leaves.png,Maple leaves
2370,Logs cut from a maple tree.,1517,False,32.0,15000.0,80.0,48.0,Maple logs.png,Maple logs
2371,A nice sturdy bow made out of Maple.,851,False,256.0,18000.0,640.0,384.0,Maple longbow.png,Maple longbow
2372,An unstrung maple longbow; I need a bowstring for this.,62,True,128.0,10000.0,320.0,192.0,Maple longbow (u).png,Maple longbow (u)
2373,Maple logs prepared with sacred oil for a funeral pyre.,3444,True,64.0,11000.0,160.0,96.0,Maple pyre logs.png,Maple pyre logs
2374,The roots of the Maple tree.,6047,True,1.0,11000.0,1.0,1.0,Maple roots.png,Maple roots
2375,This sapling is ready to be replanted in a tree patch.,5372,True,1.0,200.0,1.0,1.0,Maple sapling.png,Maple sapling
2376,Plant this in a plantpot of soil to grow a sapling.,5314,True,19.0,200.0,48.0,28.0,Maple seed 5.png,Maple seed
2377,A solid maple shield.,22257,True,128.0,18000.0,320.0,192.0,Maple shield.png,Maple shield
2378,"A shortbow made out of Maple, still effective.",853,False,160.0,18000.0,400.0,240.0,Maple shortbow.png,Maple shortbow
2379,An unstrung maple shortbow; I need a bowstring for this.,64,True,80.0,10000.0,200.0,120.0,Maple shortbow (u).png,Maple shortbow (u)
2380,A maple crossbow stock.,9448,True,40.0,10000.0,100.0,60.0,Maple stock.png,Maple stock
2381,A beautifully carved marble block.,8786,True,100000.0,11000.0,250000.0,150000.0,Marble block.png,Marble block
2382,How does it all fit in there?,9847,True,4.0,500.0,10.0,6.0,Marble cape rack (flatpack).png,Marble cape rack (flatpack)
2383,Marble magic wardrobe.,9858,True,4.0,500.0,10.0,6.0,Marble magic wardrobe (flatpack).png,Marble magic wardrobe (flatpack)
2384,A marigold seed - plant in a flower patch.,5096,True,1.0,600.0,2.0,1.0,Marigold seed 5.png,Marigold seed
2385,A bunch of marigolds.,6010,True,1.0,600.0,1.0,1.0,Marigolds.png,Marigolds
2386,Some nicely cooked marlin.,32352,True,68.0,,170.0,102.0,Marlin.png,Marlin
2387,Small shiny scales.,32362,True,20.0,,50.0,30.0,Marlin scales.png,Marlin scales
2388,A herb used in poison cures.,251,True,2.0,13000.0,5.0,3.0,Marrentill.png,Marrentill
2389,I need another ingredient to finish this Marrentill potion.,93,True,2.0,10000.0,5.0,3.0,Marrentill potion (unf).png,Marrentill potion (unf)
2390,A marrentill seed - plant in a herb patch.,5292,True,1.0,600.0,2.0,1.0,Marrentill seed 5.png,Marrentill seed
2391,"A thick, foul-smelling, tar-like substance with an orange tinge.",10143,True,1.0,7000.0,1.0,1.0,Marrentill tar.png,Marrentill tar
2392,A creepy mask worn during a blood moon.,23522,True,2000.0,70.0,5000.0,3000.0,Mask of ranul.png,Mask of ranul
2393,"A set containing a Masori mask (f), Masori body (f), Masori chaps (f)",27355,True,58000.0,5.0,145000.0,87000.0,Masori armour set (f).png,Masori armour set (f)
2394,Ancient armour once worn by a powerful ranger.,27229,True,480000.0,8.0,1200000.0,720000.0,Masori body.png,Masori body
2395,Fortified armour once worn by a powerful ranger.,27238,True,640000.0,8.0,1600000.0,960000.0,Masori body (f).png,Masori body (f)
2396,Ancient armour once worn by a powerful ranger.,27232,True,400000.0,8.0,1000000.0,600000.0,Masori chaps.png,Masori chaps
2397,Fortified armour once worn by a powerful ranger.,27241,True,520000.0,8.0,1300000.0,780000.0,Masori chaps (f).png,Masori chaps (f)
2398,An ancient mask once worn by a powerful ranger.,27226,True,320000.0,8.0,800000.0,480000.0,Masori mask.png,Masori mask
2399,A fortified mask once worn by a powerful ranger.,27235,True,360000.0,8.0,900000.0,540000.0,Masori mask (f).png,Masori mask (f)
2400,I can store my teleport scrolls in this.,21387,True,2000.0,100.0,5000.0,3000.0,Master scroll book (empty).png,Master scroll book (empty)
2401,A master level wand.,6914,True,40000.0,70.0,100001.0,60000.0,Master wand.png,Master wand
2402,This looks a good deal stronger than normal cider.,5765,True,1.0,2000.0,2.0,1.0,Mature cider.png,Mature cider
2403,This looks a good deal stronger than normal Wizards Mind Bomb.,5741,True,1.0,2000.0,2.0,1.0,Mature wmb.png,Mature wmb
2404,Not for vegetarians.,2327,False,6.0,10000.0,15.0,9.0,Meat pie.png,Meat pie
2405,A pizza with bits of meat on it.,2293,False,20.0,10000.0,50.0,30.0,Meat pizza.png,Meat pizza
2406,Often used to soften tough meat up.,7449,True,16600.0,50.0,41500.0,24900.0,Meat tenderiser.png,Meat tenderiser
2407,Good for keeping the sun off my neck.,6392,True,14.0,150.0,35.0,21.0,Menaphite purple hat.png,Menaphite purple hat
2408,Look at those nobbily knees.,6398,True,8.0,150.0,20.0,12.0,Menaphite purple kilt.png,Menaphite purple kilt
2409,A cool light Menaphite robe.,6396,True,16.0,150.0,40.0,24.0,Menaphite purple robe.png,Menaphite purple robe
2410,Colourful.,6394,True,8.0,150.0,20.0,12.0,Menaphite purple top.png,Menaphite purple top
2411,Good for keeping the sun off my neck.,6400,True,14.0,150.0,35.0,21.0,Menaphite red hat.png,Menaphite red hat
2412,Look at those nobbily knees.,6406,True,8.0,150.0,20.0,12.0,Menaphite red kilt.png,Menaphite red kilt
2413,A cool light Menaphite robe.,6404,True,16.0,150.0,40.0,24.0,Menaphite red robe.png,Menaphite red robe
2414,Colourful.,6402,True,8.0,150.0,20.0,12.0,Menaphite red top.png,Menaphite red top
2415,1 dose of Menaphite remedy.,27211,True,44.0,,110.0,66.0,Menaphite remedy(1).png,Menaphite remedy(1)
2416,2 doses of Menaphite remedy.,27208,True,44.0,,110.0,66.0,Menaphite remedy(2).png,Menaphite remedy(2)
2417,3 doses of Menaphite remedy.,27205,True,44.0,,110.0,66.0,Menaphite remedy(3).png,Menaphite remedy(3)
2418,4 doses of Menaphite remedy.,27202,True,44.0,2000.0,110.0,66.0,Menaphite remedy(4).png,Menaphite remedy(4)
2419,A vibrant gold paint. This might look good on a boat.,32110,True,1.0,,1.0,1.0,Merchant's paint.png,Merchant's paint
2420,An iron tipped trident.,21649,True,160.0,125.0,400.0,240.0,Merfolk trident.png,Merfolk trident
2421,A light and refreshing Aldarin White that's favoured on warm summer days.,29955,True,200.0,,500.0,300.0,Metztonalli white.png,Metztonalli white
2422,A bowl of finely minced meat.,7070,True,3.0,13000.0,8.0,4.0,Minced meat.png,Minced meat
2423,A teleport to the Mind Altar.,19617,True,1.0,10000.0,1.0,1.0,Mind altar teleport (tablet).png,Mind altar teleport (tablet)
2424,This keg contains 4 pints of Wizards Mind Bomb.,5801,True,1.0,2000.0,1.0,1.0,Mind bomb(4).png,Mind bomb(4)
2425,This keg contains 4 pints of mature Wizards Mind Bomb.,5881,True,1.0,2000.0,1.0,1.0,Mind bomb(m4).png,Mind bomb(m4)
2426,A magic helmet.,9733,True,1200.0,70.0,3000.0,1800.0,Mind helmet.png,Mind helmet
2427,Used for basic level missile spells.,558,False,1.0,18000.0,3.0,1.0,Mind rune.png,Mind rune
2428,A magic shield.,9731,True,1200.0,70.0,3000.0,1800.0,Mind shield.png,Mind shield
2429,A mysterious power emanates from the talisman...,1448,False,1.0,11000.0,4.0,2.0,Mind talisman.png,Mind talisman
2430,A tiara infused with the properties of the mind.,5529,False,40.0,40.0,100.0,60.0,Mind tiara.png,Mind tiara
2431,A helmet with an unlit lamp on it.,5014,True,240.0,4.0,600.0,360.0,Mining helmet.png,Mining helmet
2432,It looks very minty.,9475,True,100.0,10000.0,250.0,150.0,Mint cake.png,Mint cake
2433,I can just about see things in this shield's reflection.,4156,True,2000.0,40.0,5000.0,3000.0,Mirror shield.png,Mirror shield
2434,It's a slightly magical stick.,20730,True,6200.0,8.0,15500.0,9300.0,Mist battlestaff.png,Mist battlestaff
2435,A combined Air and Water Rune.,4695,True,8.0,18000.0,20.0,12.0,Mist rune.png,Mist rune
2436,A mithril grapple tipped bolt - needs a rope.,9419,True,1.0,11000.0,1.0,1.0,Mith grapple.png,Mith grapple
2437,A mithril grapple tipped bolt - needs a rope.,9418,True,19.0,11000.0,48.0,28.0,Mith grapple (unf).png,Mith grapple (unf)
2438,A mithril grapple tip.,9416,True,12.0,11000.0,30.0,18.0,Mith grapple tip.png,Mith grapple tip
2439,A two handed sword.,1315,False,1040.0,125.0,2600.0,1560.0,Mithril 2h sword.png,Mithril 2h sword
2440,Arrows with mithril heads.,888,False,12.0,7000.0,32.0,19.0,Mithril arrow 5.png,Mithril arrow
2441,Venomous-looking arrows.,889,True,12.0,7000.0,32.0,19.0,Mithril arrow(p) 5.png,Mithril arrow(p)
2442,Venomous-looking arrows.,5619,True,12.0,7000.0,32.0,19.0,Mithril arrow(p+) 5.png,Mithril arrow(p+)
2443,Venomous-looking arrows.,5625,True,12.0,7000.0,32.0,19.0,Mithril arrow(p++) 5.png,Mithril arrow(p++)
2444,I can make some arrows with these.,42,True,6.0,10000.0,16.0,9.0,Mithril arrowtips.png,Mithril arrowtips
2445,A powerful axe.,1355,False,208.0,40.0,520.0,312.0,Mithril axe.png,Mithril axe
2446,It's a bar of mithril.,2359,False,120.0,10000.0,300.0,180.0,Mithril bar.png,Mithril bar
2447,A vicious looking axe.,1369,False,676.0,125.0,1690.0,1014.0,Mithril battleaxe.png,Mithril battleaxe
2448,Mithril crossbow bolts.,9142,True,8.0,7000.0,20.0,12.0,Mithril bolts 5.png,Mithril bolts
2449,Some poisoned mithril bolts.,9289,True,8.0,11000.0,20.0,12.0,Mithril bolts (p) 5.png,Mithril bolts (p)
2450,Some poisoned mithril bolts.,9296,True,8.0,11000.0,20.0,12.0,Mithril bolts (p+) 5.png,Mithril bolts (p+)
2451,Super poisoned mithril bolts.,9303,True,8.0,11000.0,20.0,12.0,Mithril bolts (p++) 5.png,Mithril bolts (p++)
2452,Unfeathered mithril crossbow bolts.,9379,True,1.0,13000.0,1.0,1.0,Mithril bolts (unf) 5.png,Mithril bolts (unf)
2453,These will protect my feet.,4127,True,312.0,125.0,780.0,468.0,Mithril boots.png,Mithril boots
2454,Blunt mithril arrow... ouch.,4793,True,20.0,11000.0,50.0,30.0,Mithril brutal 5.png,Mithril brutal
2455,Ammo suited for a boat's cannon.,31910,True,24.0,11000.0,60.0,36.0,Mithril cannonball.png,Mithril cannonball
2456,A series of connected metal rings.,1109,False,780.0,125.0,1950.0,1170.0,Mithril chainbody.png,Mithril chainbody
2457,A set of fighting claws.,3099,True,190.0,125.0,475.0,285.0,Mithril claws.png,Mithril claws
2458,A mithril crossbow.,9181,True,313.0,125.0,783.0,469.0,Mithril crossbow.png,Mithril crossbow
2459,An unstrung mithril crossbow.,9461,True,300.0,10000.0,750.0,450.0,Mithril crossbow (u).png,Mithril crossbow (u)
2460,A dangerous dagger.,1209,False,130.0,125.0,325.0,195.0,Mithril dagger.png,Mithril dagger
2461,A poisoned Mithril dagger.,1225,True,130.0,125.0,325.0,195.0,Mithril dagger(p).png,Mithril dagger(p)
2462,A poisoned Mithril dagger.,5674,True,130.0,125.0,325.0,195.0,Mithril dagger(p+).png,Mithril dagger(p+)
2463,A poisoned Mithril dagger.,5692,True,130.0,125.0,325.0,195.0,Mithril dagger(p++).png,Mithril dagger(p++)
2464,A deadly throwing dart with a mithril tip.,809,True,10.0,7000.0,25.0,15.0,Mithril dart.png,Mithril dart
2465,A deadly looking dart tip made of mithril - needs feathers for flight.,822,True,4.0,20000.0,12.0,7.0,Mithril dart tip.png,Mithril dart tip
2466,A deadly poisoned dart with a mithril tip.,815,True,10.0,7000.0,25.0,15.0,Mithril dart(p).png,Mithril dart(p)
2467,A deadly poisoned dart with a mithril tip.,5632,True,10.0,7000.0,25.0,15.0,Mithril dart(p+).png,Mithril dart(p+)
2468,A deadly poisoned dart with a mithril tip.,5639,True,10.0,7000.0,25.0,15.0,Mithril dart(p++).png,Mithril dart(p++)
2469,Do I look scary?,12369,True,4000.0,4.0,10000.0,6000.0,Mithril dragon mask.png,Mithril dragon mask
2470,A woodcutter's axe.,28208,True,208.0,,520.0,312.0,Mithril felling axe.png,Mithril felling axe
2471,A full face helmet.,1159,False,572.0,125.0,1430.0,858.0,Mithril full helm.png,Mithril full helm
2472,Mithril full helm with gold trim.,12283,False,572.0,8.0,1430.0,858.0,Mithril full helm (g).png,Mithril full helm (g)
2473,Mithril full helm with trim.,12293,False,572.0,8.0,1430.0,858.0,Mithril full helm (t).png,Mithril full helm (t)
2474,"A set containing a full helm, platebody, legs and kiteshield.",13008,False,2000.0,8.0,5000.0,3000.0,Mithril gold-trimmed set (lg).png,Mithril gold-trimmed set (lg)
2475,"A set containing a full helm, platebody, skirt and kiteshield.",13010,False,2000.0,8.0,5000.0,3000.0,Mithril gold-trimmed set (sk).png,Mithril gold-trimmed set (sk)
2476,A mithril halberd.,3198,True,1040.0,125.0,2600.0,1560.0,Mithril halberd.png,Mithril halberd
2477,"A mithril-tipped, one-handed hasta.",11373,True,338.0,125.0,845.0,507.0,Mithril hasta.png,Mithril hasta
2478,"A poison-tipped, one-handed mithril hasta.",11400,True,338.0,125.0,845.0,507.0,Mithril hasta(p).png,Mithril hasta(p)
2479,"A poison-tipped, one-handed mithril hasta.",11403,True,338.0,125.0,845.0,507.0,Mithril hasta(p+).png,Mithril hasta(p+)
2480,"A poison-tipped, one-handed mithril hasta.",11405,True,338.0,125.0,845.0,507.0,Mithril hasta(p++).png,Mithril hasta(p++)
2481,A mithril tipped javelin.,828,True,25.0,7000.0,64.0,38.0,Mithril javelin.png,Mithril javelin
2482,Needs a shaft.,19576,True,66.0,10000.0,165.0,99.0,Mithril javelin tips 5.png,Mithril javelin tips
2483,A mithril tipped javelin.,834,True,25.0,7000.0,64.0,38.0,Mithril javelin(p).png,Mithril javelin(p)
2484,A mithril tipped javelin.,5645,True,25.0,7000.0,64.0,38.0,Mithril javelin(p+).png,Mithril javelin(p+)
2485,A mithril tipped javelin.,5651,True,25.0,7000.0,64.0,38.0,Mithril javelin(p++).png,Mithril javelin(p++)
2486,Parts for creating a mithril keel for a boat.,32008,True,500.0,100.0,1250.0,750.0,Mithril keel parts.png,Mithril keel parts
2487,A large metal shield.,1197,False,884.0,125.0,2210.0,1326.0,Mithril kiteshield.png,Mithril kiteshield
2488,Mithril kiteshield with gold trim.,12281,False,884.0,8.0,2210.0,1326.0,Mithril kiteshield (g).png,Mithril kiteshield (g)
2489,Mithril kiteshield with trim.,12291,False,884.0,8.0,2210.0,1326.0,Mithril kiteshield (t).png,Mithril kiteshield (t)
2490,A finely balanced throwing knife.,866,True,10.0,7000.0,27.0,16.0,Mithril knife.png,Mithril knife
2491,A finely balanced throwing knife.,873,True,10.0,7000.0,27.0,16.0,Mithril knife(p).png,Mithril knife(p)
2492,A finely balanced throwing knife.,5657,True,10.0,7000.0,27.0,16.0,Mithril knife(p+).png,Mithril knife(p+)
2493,A finely balanced throwing knife.,5664,True,10.0,7000.0,27.0,16.0,Mithril knife(p++).png,Mithril knife(p++)
2494,A pair of mithril crossbow limbs.,9427,True,260.0,10000.0,650.0,390.0,Mithril limbs.png,Mithril limbs
2495,A razor sharp longsword.,1299,False,520.0,125.0,1300.0,780.0,Mithril longsword.png,Mithril longsword
2496,A spiky mace.,1428,False,234.0,125.0,585.0,351.0,Mithril mace.png,Mithril mace
2497,A medium sized helmet.,1143,False,312.0,125.0,780.0,468.0,Mithril med helm.png,Mithril med helm
2498,Keeps things in place fairly permanently.,4822,True,7.0,13000.0,18.0,10.0,Mithril nails.png,Mithril nails
2499,This needs refining.,447,False,64.0,13000.0,162.0,97.0,Mithril ore.png,Mithril ore
2500,Used for mining.,1273,False,520.0,40.0,1300.0,780.0,Mithril pickaxe.png,Mithril pickaxe
2501,Provides excellent protection.,1121,False,2080.0,125.0,5200.0,3120.0,Mithril platebody.png,Mithril platebody
2502,Mithril platebody with gold trim.,12277,False,2080.0,8.0,5200.0,3120.0,Mithril platebody (g).png,Mithril platebody (g)
2503,Mithril platebody with trim.,12287,False,2080.0,8.0,5200.0,3120.0,Mithril platebody (t).png,Mithril platebody (t)
2504,These look pretty heavy.,1071,False,1040.0,125.0,2600.0,1560.0,Mithril platelegs.png,Mithril platelegs
2505,Mithril platelegs with gold trim.,12279,False,1040.0,8.0,2600.0,1560.0,Mithril platelegs (g).png,Mithril platelegs (g)
2506,Mithril platelegs with trim.,12289,False,1040.0,8.0,2600.0,1560.0,Mithril platelegs (t).png,Mithril platelegs (t)
2507,Designer leg protection.,1085,False,1040.0,125.0,2600.0,1560.0,Mithril plateskirt.png,Mithril plateskirt
2508,Mithril plateskirt with gold trim.,12285,False,1040.0,8.0,2600.0,1560.0,Mithril plateskirt (g).png,Mithril plateskirt (g)
2509,Mithril plateskirt with trim.,12295,False,1040.0,8.0,2600.0,1560.0,Mithril plateskirt (t).png,Mithril plateskirt (t)
2510,"A vicious, curved sword.",1329,False,416.0,125.0,1040.0,624.0,Mithril scimitar.png,Mithril scimitar
2511,Magical seeds in a mithril case.,299,True,80.0,18000.0,200.0,120.0,Mithril seeds.png,Mithril seeds
2512,"A set containing a full helm, platebody, legs and kiteshield.",13000,False,2000.0,8.0,5000.0,3000.0,Mithril set (lg).png,Mithril set (lg)
2513,"A set containing a full helm, platebody, skirt and kiteshield.",13002,False,2000.0,8.0,5000.0,3000.0,Mithril set (sk).png,Mithril set (sk)
2514,A mithril tipped spear.,1243,True,338.0,125.0,845.0,507.0,Mithril spear.png,Mithril spear
2515,A poisoned mithril tipped spear.,1257,True,338.0,125.0,845.0,507.0,Mithril spear(p).png,Mithril spear(p)
2516,A poisoned mithril tipped spear.,5710,True,338.0,125.0,845.0,507.0,Mithril spear(p+).png,Mithril spear(p+)
2517,A poisoned mithril tipped spear.,5724,True,338.0,125.0,845.0,507.0,Mithril spear(p++).png,Mithril spear(p++)
2518,A medium square shield.,1181,False,624.0,125.0,1560.0,936.0,Mithril sq shield.png,Mithril sq shield
2519,A razor sharp sword.,1285,False,338.0,125.0,845.0,507.0,Mithril sword.png,Mithril sword
2520,A finely balanced throwing axe.,803,True,28.0,7000.0,70.0,42.0,Mithril thrownaxe.png,Mithril thrownaxe
2521,"A set containing a full helm, platebody, legs and kiteshield.",13004,False,2000.0,8.0,5000.0,3000.0,Mithril trimmed set (lg).png,Mithril trimmed set (lg)
2522,"A set containing a full helm, platebody, skirt and kiteshield.",13006,False,2000.0,8.0,5000.0,3000.0,Mithril trimmed set (sk).png,Mithril trimmed set (sk)
2523,I don't think it's intended for joinery.,1343,False,664.0,125.0,1660.0,996.0,Mithril warhammer.png,Mithril warhammer
2524,A posy of flowers.,2472,True,40.0,150.0,100.0,60.0,Mixed flowers.png,Mixed flowers
2525,"A set containing a Mixed hide top, Mixed hide legs, Mixed hide boots and Mixed hide cape.",31166,True,58000.0,,145000.0,87000.0,Mixed hide armour set.png,Mixed hide armour set
2526,I need this to make mixed hide armour.,29292,True,3600.0,,9000.0,5400.0,Mixed hide base.png,Mixed hide base
2527,Made from the hide of a few different creatures.,29286,True,1600.0,,4000.0,2400.0,Mixed hide boots.png,Mixed hide boots
2528,Made from the hide of a few different creatures.,29289,True,1600.0,100.0,4000.0,2400.0,Mixed hide cape.png,Mixed hide cape
2529,Made from the hide of a few different creatures.,29283,True,1600.0,100.0,4000.0,2400.0,Mixed hide legs.png,Mixed hide legs
2530,Made from the hide of a few different creatures.,29280,True,1600.0,100.0,4000.0,2400.0,Mixed hide top.png,Mixed hide top
2531,A magical shard linked to Mokhaiotl.,31099,True,4000.0,100.0,10000.0,6000.0,Mokhaiotl waystone 5.png,Mokhaiotl waystone
2532,A mole claw.,7416,True,240.0,50.0,600.0,360.0,Mole claw.png,Mole claw
2533,The skin of a large mole.,7418,True,160.0,50.0,400.0,240.0,Mole skin.png,Mole skin
2534,Cute mole slippers.,23285,False,400.0,4.0,1000.0,600.0,Mole slippers.png,Mole slippers
2535,Hot glass ready to be blown into useful objects.,1775,True,1.0,13000.0,3.0,1.0,Molten glass.png,Molten glass
2536,Keeps a monk's knees nice and warm.,542,False,12.0,125.0,30.0,18.0,Monk's robe.png,Monk's robe
2537,"Keeps a monk's knees nice, warm and stylish.",20202,False,12.0,4.0,30.0,18.0,Monk's robe (g).png,Monk's robe (g)
2538,I feel the gods don't enjoy my materialistic obsessions.,23306,False,200.0,4.0,500.0,300.0,Monk's robe (t).png,Monk's robe (t)
2539,I feel closer to the gods when I am wearing this.,544,False,16.0,125.0,40.0,24.0,Monk's robe top.png,Monk's robe top
2540,I feel the gods don't enjoy my materialistic obsessions.,20199,False,20.0,4.0,50.0,30.0,Monk's robe top (g).png,Monk's robe top (g)
2541,I feel the gods don't enjoy my materialistic obsessions.,23303,False,200.0,4.0,500.0,300.0,Monk's robe top (t).png,Monk's robe top (t)
2542,It's a monkey bar. It looks highly nutritious.,4014,True,20.0,6000.0,50.0,30.0,Monkey bar.png,Monkey bar
2543,These are small monkey bones.,3183,False,1.0,3000.0,1.0,1.0,Monkey bones.png,Monkey bones
2544,These are monkey nuts. Yummy.,4012,True,1.0,6000.0,3.0,1.0,Monkey nuts.png,Monkey nuts
2545,"Smells like the south end of a northbound monkey, because it is.",19610,True,20000.0,8.0,50000.0,30000.0,Monkey tail.png,Monkey tail
2546,A tasty fish.,7946,True,92.0,13000.0,230.0,138.0,Monkfish.png,Monkfish
2547,"Hmm, shallow and pedantic.",12353,True,480.0,4.0,1200.0,720.0,Monocle.png,Monocle
2548,A popular spirit all across Varlamore.,29418,True,6.0,,15.0,9.0,Moon-lite.png,Moon-lite
2549,A teleport to Lunar Isle.,24949,True,1.0,10000.0,1.0,1.0,Moonclan teleport (tablet).png,Moonclan teleport (tablet)
2550,I don't think I can stick it back on.,29171,True,1.0,18000.0,1.0,1.0,Moonlight antelope antler.png,Moonlight antelope antler
2551,I can make something out of this.,29174,True,4.0,18000.0,10.0,6.0,Moonlight antelope fur.png,Moonlight antelope fur
2552,Bolts made from the antlers of a moonlight antelope.,28878,True,12.0,11000.0,31.0,18.0,Moonlight antler bolts 5.png,Moonlight antler bolts
2553,A foul smelling brew.,2955,True,2.0,2000.0,5.0,3.0,Moonlight mead.png,Moonlight mead
2554,This keg contains 4 pints of Moonlight Mead.,5817,True,1.0,2000.0,1.0,1.0,Moonlight mead(4).png,Moonlight mead(4)
2555,This looks a good deal stronger than normal Moonlight Mead.,5749,True,2.0,2000.0,5.0,3.0,Moonlight mead(m).png,Moonlight mead(m)
2556,This keg contains 4 pints of mature Moonlight Mead.,5897,True,1.0,2000.0,1.0,1.0,Moonlight mead(m4).png,Moonlight mead(m4)
2557,There's a moonlight moth in here.,28893,True,1.0,125.0,1.0,1.0,Moonlight moth (item).png,Moonlight moth (item)
2558,There's a moonlight moth in here.,29213,True,12.0,,30.0,18.0,Moonlight moth mix (1).png,Moonlight moth mix (1)
2559,There's a moonlight moth in here.,29195,True,12.0,125.0,30.0,18.0,Moonlight moth mix (2).png,Moonlight moth mix (2)
2560,A powerful coif.,22638,True,100000.0,10.0,250000.0,150000.0,Morrigan's coif.png,Morrigan's coif
2561,A vicious javelin.,22636,True,1600.0,100.0,4000.0,2400.0,Morrigan's javelin.png,Morrigan's javelin
2562,A powerful leather body.,22641,True,200000.0,10.0,500000.0,300000.0,Morrigan's leather body.png,Morrigan's leather body
2563,A powerful pair of leather chaps.,22644,True,200000.0,10.0,500000.0,300000.0,Morrigan's leather chaps.png,Morrigan's leather chaps
2564,A vicious throwing axe.,22634,True,1600.0,100.0,4000.0,2400.0,Morrigan's throwing axe.png,Morrigan's throwing axe
2565,A mushroom from the swamps of Mort Myre.,2970,True,1.0,13000.0,1.0,1.0,Mort myre fungus.png,Mort myre fungus
2566,A pear picked from a dying bush in Mort Myre.,2974,True,1.0,13000.0,1.0,1.0,Mort myre pear.png,Mort myre pear
2567,A cutting from a budding branch.,2972,True,1.0,13000.0,1.0,1.0,Mort myre stem.png,Mort myre stem
2568,Teleports you to Mort'ton.,12406,True,4.0,10000.0,10.0,6.0,Mort'ton teleport.png,Mort'ton teleport
2569,Teleports you to Mos Le'Harmless.,12411,True,4.0,10000.0,10.0,6.0,Mos le'harmless teleport.png,Mos le'harmless teleport
2570,A very spotty eel.,22832,True,1.0,13000.0,3.0,1.0,Mottled eel.png,Mottled eel
2571,It's a slightly magical stick.,6562,True,6800.0,8.0,17000.0,10200.0,Mud battlestaff.png,Mud battlestaff
2572,All the good of the earth.,7170,True,21.0,11000.0,54.0,32.0,Mud pie.png,Mud pie
2573,A combined Earth and Water Rune.,4698,True,8.0,18000.0,20.0,12.0,Mud rune.png,Mud rune
2574,It looks like the key to a chest.,991,False,32.0,11000.0,80.0,48.0,Muddy key.png,Muddy key
2575,A mummy's body.,20083,True,1.0,4.0,1.0,1.0,Mummy's body.png,Mummy's body
2576,A mummy's feet.,20092,True,1.0,4.0,1.0,1.0,Mummy's feet.png,Mummy's feet
2577,A mummy's hands.,20086,True,1.0,4.0,1.0,1.0,Mummy's hands.png,Mummy's hands
2578,A mummy's head.,20080,True,1.0,4.0,1.0,1.0,Mummy's head.png,Mummy's head
2579,A mummy's legs.,20089,True,1.0,4.0,1.0,1.0,Mummy's legs.png,Mummy's legs
2580,A Bittercap Mushroom,6004,True,15.0,11000.0,38.0,22.0,Mushroom.png,Mushroom
2581,A bowl of fried mushroom and onions.,7066,True,18.0,13000.0,45.0,27.0,Mushroom & onion.png,Mushroom & onion
2582,Mmm mushroom pie.,21690,True,12.0,10000.0,30.0,18.0,Mushroom pie.png,Mushroom pie
2583,A baked potato with mushroom and onions.,7058,True,18.0,13000.0,45.0,27.0,Mushroom potato.png,Mushroom potato
2584,A Bittercap mushroom spore - plant in a mushroom patch.,5282,True,34.0,200.0,86.0,51.0,Mushroom spore 5.png,Mushroom spore
2585,Engarde!,12351,True,1400.0,4.0,3500.0,2100.0,Musketeer hat.png,Musketeer hat
2586,One for all!,12443,True,748.0,4.0,1870.0,1122.0,Musketeer pants.png,Musketeer pants
2587,All for one!,12441,True,752.0,4.0,1880.0,1128.0,Musketeer tabard.png,Musketeer tabard
2588,A marshy coloured snail shell helmet.,3327,True,120.0,150.0,300.0,180.0,Myre snelm.png,Myre snelm
2589,It's a slightly magical stick.,1405,True,17000.0,18000.0,42500.0,25500.0,Mystic air staff.png,Mystic air staff
2590,Magical boots.,4097,True,4000.0,125.0,10000.0,6000.0,Mystic boots.png,Mystic boots
2591,Dark magical boots.,4107,True,4000.0,70.0,10000.0,6000.0,Mystic boots (dark).png,Mystic boots (dark)
2592,Dusky magical boots.,23059,True,4000.0,70.0,10000.0,6000.0,Mystic boots (dusk).png,Mystic boots (dusk)
2593,Bright magical boots.,4117,True,4000.0,70.0,10000.0,6000.0,Mystic boots (light).png,Mystic boots (light)
2594,It's a slightly more magical stick.,20739,True,17000.0,8.0,42500.0,25500.0,Mystic dust staff.png,Mystic dust staff
2595,It's a slightly magical stick.,1407,True,17000.0,18000.0,42500.0,25500.0,Mystic earth staff.png,Mystic earth staff
2596,It's a slightly magical stick.,1401,True,17000.0,18000.0,42500.0,25500.0,Mystic fire staff.png,Mystic fire staff
2597,Magical gloves.,4095,True,4000.0,125.0,10000.0,6000.0,Mystic gloves.png,Mystic gloves
2598,Dark magical gloves.,4105,True,4000.0,70.0,10000.0,6000.0,Mystic gloves (dark).png,Mystic gloves (dark)
2599,Dusky magical gloves.,23056,True,4000.0,70.0,10000.0,6000.0,Mystic gloves (dusk).png,Mystic gloves (dusk)
2600,Bright magical gloves.,4115,True,4000.0,70.0,10000.0,6000.0,Mystic gloves (light).png,Mystic gloves (light)
2601,A magical hat.,4089,True,6000.0,125.0,15000.0,9000.0,Mystic hat.png,Mystic hat
2602,A dark magical hat.,4099,True,6000.0,70.0,15000.0,9000.0,Mystic hat (dark).png,Mystic hat (dark)
2603,A dusky magical hat.,23047,True,6000.0,70.0,15000.0,9000.0,Mystic hat (dusk).png,Mystic hat (dusk)
2604,A bright magical hat.,4109,True,6000.0,70.0,15000.0,9000.0,Mystic hat (light).png,Mystic hat (light)
2605,It's a slightly magical stick.,3054,True,18000.0,8.0,45000.0,27000.0,Mystic lava staff.png,Mystic lava staff
2606,It's a slightly more magical stick.,20733,True,17000.0,8.0,42500.0,25500.0,Mystic mist staff.png,Mystic mist staff
2607,It's a slightly magical stick.,6563,True,18000.0,8.0,45000.0,27000.0,Mystic mud staff.png,Mystic mud staff
2608,The lower half of a magical robe.,4093,True,32000.0,125.0,80000.0,48000.0,Mystic robe bottom.png,Mystic robe bottom
2609,The lower half of a dark magical robe.,4103,True,32000.0,70.0,80000.0,48000.0,Mystic robe bottom (dark).png,Mystic robe bottom (dark)
2610,The lower half of a dusky magical robe.,23053,True,32000.0,70.0,80000.0,48000.0,Mystic robe bottom (dusk).png,Mystic robe bottom (dusk)
2611,The lower half of a bright magical robe.,4113,True,32000.0,70.0,80000.0,48000.0,Mystic robe bottom (light).png,Mystic robe bottom (light)
2612,The upper half of a magical robe.,4091,True,48000.0,125.0,120000.0,72000.0,Mystic robe top.png,Mystic robe top
2613,The upper half of a dark magical robe.,4101,True,48000.0,70.0,120000.0,72000.0,Mystic robe top (dark).png,Mystic robe top (dark)
2614,The upper half of a dusky magical robe.,23050,True,48000.0,70.0,120000.0,72000.0,Mystic robe top (dusk).png,Mystic robe top (dusk)
2615,The upper half of a bright magical robe.,4111,True,48000.0,70.0,120000.0,72000.0,Mystic robe top (light).png,Mystic robe top (light)
2616,"A set containing blue mystic hat, robe top and bottom, gloves and boots.",23113,True,94000.0,70.0,235000.0,141000.0,Mystic set (blue).png,Mystic set (blue)
2617,"A set containing dark mystic hat, robe top and bottom, gloves and boots.",23116,True,94000.0,70.0,235000.0,141000.0,Mystic set (dark).png,Mystic set (dark)
2618,"A set containing dusk mystic hat, robe top and bottom, gloves and boots.",23119,True,94000.0,70.0,235000.0,141000.0,Mystic set (dusk).png,Mystic set (dusk)
2619,"A set containing light mystic hat, robe top and bottom, gloves and boots.",23110,True,94000.0,70.0,235000.0,141000.0,Mystic set (light).png,Mystic set (light)
2620,It gives a 10% accuracy and damage bonus for spells on the standard spellbook.,12000,True,17000.0,8.0,42500.0,25500.0,Mystic smoke staff.png,Mystic smoke staff
2621,It's a slightly magical stick.,11789,True,18000.0,8.0,45000.0,27000.0,Mystic steam staff.png,Mystic steam staff
2622,It's a slightly magical stick.,1403,True,17000.0,18000.0,42500.0,25500.0,Mystic water staff.png,Mystic water staff
2623,The claws from a nail beast.,10937,True,120.0,11000.0,300.0,180.0,Nail beast nails.png,Nail beast nails
2624,Teleports you to Nardah.,12402,True,4.0,10000.0,10.0,6.0,Nardah teleport.png,Nardah teleport
2625,A sharp horn for such a gentle creature.,31954,True,3200.0,,8000.0,4800.0,Narwhal horn.png,Narwhal horn
2626,A nasturtium seed - plant in a flower patch.,5098,True,4.0,200.0,11.0,6.0,Nasturtium seed 5.png,Nasturtium seed
2627,A bunch of nasturtiums.,6012,True,1.0,600.0,4.0,2.0,Nasturtiums.png,Nasturtiums
2628,Nature impling in a jar.,11250,True,20.0,18000.0,50.0,30.0,Nature impling jar.png,Nature impling jar
2629,A sacrifice to nature in the hope of an increase of yield in logs.,28152,True,8.0,,20.0,12.0,Nature offerings.png,Nature offerings
2630,Used for alchemy spells.,561,False,72.0,18000.0,180.0,108.0,Nature rune.png,Nature rune
2631,A mysterious power emanates from the talisman...,1462,True,1.0,11000.0,4.0,2.0,Nature talisman.png,Nature talisman
2632,A tiara infused with the properties of nature.,5541,True,40.0,40.0,100.0,60.0,Nature tiara.png,Nature tiara
2633,All for one and one for all!,12325,True,80.0,4.0,200.0,120.0,Navy cavalier.png,Navy cavalier
2634,Used to make necklaces.,1597,False,2.0,40.0,5.0,3.0,Necklace mould.png,Necklace mould
2635,A deep sense of anguish burns within this powerful necklace.,19547,True,80800.0,8.0,202000.0,121200.0,Necklace of anguish.png,Necklace of anguish
2636,Can grant me prayer in an emergency.,21157,True,570.0,10000.0,1425.0,855.0,Necklace of faith.png,Necklace of faith
2637,This necklace can really take you places.,21146,True,510.0,10000.0,1275.0,765.0,Necklace of passage.png,Necklace of passage(5)
2638,Used with a thread to make clothes.,1733,False,1.0,40.0,1.0,1.0,Needle.png,Needle
2639,A wooden shield with a rope rim.,10826,True,200.0,70.0,500.0,300.0,Neitiznot shield.png,Neitiznot shield
2640,You can plant this in your garden.,8439,True,4000.0,10000.0,10000.0,6000.0,Nice hedge (bagged).png,Nice hedge (bagged)
2641,This needs refining.,31719,True,160.0,,400.0,240.0,Nickel ore.png,Nickel ore
2642,An ancient staff corrupted by darkness.,24422,True,240000.0,8.0,600000.0,360000.0,Nightmare staff.png,Nightmare staff
2643,Dust from a crushed magical shard.,26368,True,200.0,11000.0,500.0,300.0,Nihil dust.png,Nihil dust
2644,The horn of a proud nihil.,26372,True,800000.0,,2000000.0,1200000.0,Nihil horn.png,Nihil horn
2645,An ancient magical shard.,26231,True,2000.0,30000.0,5000.0,3000.0,Nihil shard.png,Nihil shard
2646,"A magical, helpful charm.",30676,True,4000.0,,10000.0,6000.0,Nimbleness charm.png,Nimbleness charm
2647,Ninja impling in a jar.,11254,True,20.0,18000.0,50.0,30.0,Ninja impling jar.png,Ninja impling jar
2648,A noose on a stick.,10150,True,1.0,40.0,4.0,2.0,Noose wand.png,Noose wand
2649,Protects me from any bad smells.,4168,True,80.0,70.0,200.0,120.0,Nose peg.png,Nose peg
2650,Don't eat this.,29098,True,1.0,,1.0,1.0,Not meat.png,Not meat
2651,A venomous halberd created from the parts of an araxyte.,29796,True,200000.0,8.0,500000.0,300000.0,Noxious halberd.png,Noxious halberd
2652,A form of currency on Fossil Island.,21555,True,4.0,30000.0,10.0,6.0,Numulite 5.png,Numulite
2653,"A pair of Nunchaku, smells of pizza.",19918,True,2400.0,8.0,6000.0,3600.0,Nunchaku.png,Nunchaku
2654,How does it all fit in there?,8504,True,4.0,500.0,10.0,6.0,Oak armchair (flatpack).png,Oak armchair (flatpack)
2655,How does it all fit in there?,9859,True,4.0,500.0,10.0,6.0,Oak armour case (flatpack).png,Oak armour case (flatpack)
2656,How does it all fit in there?,8578,True,4.0,500.0,10.0,6.0,Oak bed (flatpack).png,Oak bed (flatpack)
2657,How does it all fit in there?,8564,True,4.0,500.0,10.0,6.0,Oak bench (flatpack).png,Oak bench (flatpack)
2658,Feed and catch the birds by placing this in the right spot.,21515,True,2.0,250.0,5.0,3.0,Oak bird house.png,Oak bird house
2659,A defensive blackjack.,6410,True,160.0,125.0,400.0,240.0,Oak blackjack(d).png,Oak blackjack(d)
2660,An offensive blackjack.,6408,True,160.0,125.0,400.0,240.0,Oak blackjack(o).png,Oak blackjack(o)
2661,How does it all fit in there?,8512,True,4.0,500.0,10.0,6.0,Oak bookcase (flatpack).png,Oak bookcase (flatpack)
2662,How does it all fit in there?,9843,True,4.0,500.0,10.0,6.0,Oak cape rack (flatpack).png,Oak cape rack (flatpack)
2663,How does it all fit in there?,8502,True,4.0,500.0,10.0,6.0,Oak chair (flatpack).png,Oak chair (flatpack)
2664,How does it all fit in there?,8590,True,4.0,500.0,10.0,6.0,Oak clock (flatpack).png,Oak clock (flatpack)
2665,How does it all fit in there?,8550,True,4.0,500.0,10.0,6.0,Oak dining table (flatpack).png,Oak dining table (flatpack)
2666,How does it all fit in there?,8612,True,4.0,500.0,10.0,6.0,Oak drawers (flatpack).png,Oak drawers (flatpack)
2667,How does it all fit in there?,8600,True,4.0,500.0,10.0,6.0,Oak dresser (flatpack).png,Oak dresser (flatpack)
2668,Oak fancy dress box.,9865,True,4.0,500.0,10.0,6.0,Oak fancy dress box (flatpack).png,Oak fancy dress box (flatpack)
2669,Parts for creating an oak hull for a boat.,32044,True,250.0,100.0,625.0,375.0,Oak hull parts.png,Oak hull parts
2670,How does it all fit in there?,8530,True,4.0,500.0,10.0,6.0,Oak kitchen table (flatpack).png,Oak kitchen table (flatpack)
2671,A pile of Oak tree leaves.,6022,True,1.0,,1.0,1.0,Oak leaves.png,Oak leaves
2672,Logs cut from an oak tree.,1521,False,8.0,15000.0,20.0,12.0,Oak logs.png,Oak logs
2673,A nice sturdy bow made out of oak.,845,False,64.0,18000.0,160.0,96.0,Oak longbow.png,Oak longbow
2674,An unstrung oak longbow; I need a bowstring for this.,56,True,32.0,10000.0,80.0,48.0,Oak longbow (u).png,Oak longbow (u)
2675,How does it all fit in there?,9852,True,4.0,500.0,10.0,6.0,Oak magic wardrobe (flatpack).png,Oak magic wardrobe (flatpack)
2676,A plank of sturdy oak.,8778,True,100.0,13000.0,250.0,150.0,Oak plank.png,Oak plank
2677,Oak logs prepared with sacred oil for a funeral pyre.,3440,True,16.0,11000.0,40.0,24.0,Oak pyre logs.png,Oak pyre logs
2678,A boat repair kit made from oak.,31967,True,160.0,13000.0,400.0,240.0,Oak repair kit.png,Oak repair kit
2679,The roots of the Oak tree.,6043,True,1.0,11000.0,1.0,1.0,Oak roots.png,Oak roots
2680,This sapling is ready to be replanted in a tree patch.,5370,True,1.0,200.0,1.0,1.0,Oak sapling.png,Oak sapling
2681,How does it all fit in there?,8598,True,4.0,500.0,10.0,6.0,Oak shaving stand (flatpack).png,Oak shaving stand (flatpack)
2682,A solid oaken shield.,22251,True,32.0,18000.0,80.0,48.0,Oak shield.png,Oak shield
2683,"A shortbow made out of oak, still effective.",843,False,40.0,18000.0,100.0,60.0,Oak shortbow.png,Oak shortbow
2684,An unstrung oak shortbow; I need a bowstring for this.,54,True,20.0,10000.0,50.0,30.0,Oak shortbow (u).png,Oak shortbow (u)
2685,An oak crossbow stock.,9442,True,10.0,10000.0,27.0,16.0,Oak stock.png,Oak stock
2686,How does it all fit in there?,9849,True,4.0,500.0,10.0,6.0,Oak toy box (flatpack).png,Oak toy box (flatpack)
2687,How does it all fit in there?,9862,True,4.0,500.0,10.0,6.0,Oak treasure chest (flatpack).png,Oak treasure chest (flatpack)
2688,How does it all fit in there?,8614,True,4.0,500.0,10.0,6.0,Oak wardrobe (flatpack).png,Oak wardrobe (flatpack)
2689,"A set containing a Oathplate helm, Oathplate chest, and Oathplate legs.",30744,True,58000.0,,145000.0,87000.0,Oathplate armour set.png,Oathplate armour set
2690,A chestplate forged from infernal metal.,30753,True,240000.0,,600000.0,360000.0,Oathplate chest.png,Oathplate chest
2691,A helm forged from infernal metal.,30750,True,80000.0,,200000.0,120000.0,Oathplate helm.png,Oathplate helm
2692,Platelegs forged from infernal metal.,30756,True,160000.0,,400000.0,240000.0,Oathplate legs.png,Oathplate legs
2693,A strange metal from a distant realm. It has long since lost its luster.,30765,True,400.0,,1000.0,600.0,Oathplate shards 5.png,Oathplate shards
2694,"A set containing an Obsidian helmet, platebody and platelegs.",21279,True,50400.0,5.0,126000.0,75600.0,Obsidian armour set.png,Obsidian armour set
2695,A cape of woven obsidian plates.,6568,True,24000.0,70.0,60000.0,36000.0,Obsidian cape.png,Obsidian cape
2696,A cape of woven obsidian plates.,20050,True,24000.0,70.0,60000.0,36000.0,Obsidian cape (r).png,Obsidian cape (r)
2697,Provides excellent protection.,21298,True,22528.0,70.0,56320.0,33792.0,Obsidian helmet.png,Obsidian helmet
2698,Provides excellent protection.,21301,True,33600.0,70.0,84000.0,50400.0,Obsidian platebody.png,Obsidian platebody
2699,Provides excellent protection.,21304,True,26800.0,70.0,67000.0,40200.0,Obsidian platelegs.png,Obsidian platelegs
2700,A smokey evil embodies this amulet.,12002,True,18000.0,8.0,45000.0,27000.0,Occult necklace.png,Occult necklace
2701,Use on an occult necklace to make it look fancier!,20065,True,2000.0,4.0,5000.0,3000.0,Occult ornament kit.png,Occult ornament kit
2702,A muddy yellow snail shell helmet.,3331,True,120.0,150.0,300.0,180.0,Ochre snelm.png,Ochre snelm
2703,A broken shield piece.,11928,True,12400.0,10000.0,31000.0,18600.0,Odium shard 1.png,Odium shard 1
2704,A broken shield piece.,11929,True,12400.0,10000.0,31000.0,18600.0,Odium shard 2.png,Odium shard 2
2705,A broken shield piece.,11930,True,12400.0,10000.0,31000.0,18600.0,Odium shard 3.png,Odium shard 3
2706,"An ancient, evil shield forged by Volcanic heat.",11926,True,18000.0,8.0,45000.0,27000.0,Odium ward.png,Odium ward
2707,A large ogre arrow with a bone tip.,2866,True,10.0,7000.0,25.0,15.0,Ogre arrow 5.png,Ogre arrow
2708,A wooden arrow shaft.,2864,True,1.0,7000.0,1.0,1.0,Ogre arrow shaft 5.png,Ogre arrow shaft
2709,A key which opens coffins! (Opens the locked coffins in the cave at Jiggig).,4850,True,40.0,3000.0,100.0,60.0,Ogre coffin key.png,Ogre coffin key
2710,Not the genie sort.,4522,True,11.0,40.0,28.0,16.0,Oil lamp.png,Oil lamp
2711,An unlit oil lantern.,4537,True,50.0,40.0,125.0,75.0,Oil lantern.png,Oil lantern
2712,Add the glass to complete.,4540,True,36.0,10000.0,90.0,54.0,Oil lantern frame.png,Oil lantern frame
2713,Lost in time.,20029,True,1600.0,4.0,4000.0,2400.0,Old demon mask.png,Old demon mask
2714,This bond can be redeemed for membership.,13190,False,,100.0,2000000.0,,Old school bond.png,Old school bond
2715,1 dose of olive oil.,3428,True,5.0,10000.0,14.0,8.0,Olive oil(1).png,Olive oil(1)
2716,2 doses of olive oil.,3426,True,6.0,10000.0,17.0,10.0,Olive oil(2).png,Olive oil(2)
2717,3 doses of olive oil.,3424,True,8.0,10000.0,20.0,12.0,Olive oil(3).png,Olive oil(3)
2718,4 doses of olive oil.,3422,True,8.0,10000.0,22.0,13.0,Olive oil(4).png,Olive oil(4)
2719,A strong smelling onion.,1957,False,1.0,13000.0,3.0,1.0,Onion.png,Onion
2720,A mixture of chopped onions and tomatoes in a bowl.,1875,True,2.0,11000.0,5.0,3.0,Onion & tomato.png,Onion & tomato
2721,An onion seed - plant in an allotment.,5319,True,1.0,600.0,3.0,1.0,Onion seed 5.png,Onion seed
2722,There are 10 onions in this sack.,5458,True,1.0,600.0,1.0,1.0,Onions(10).png,Onions(10)
2723,This looks valuable.,6573,True,80000.0,11000.0,200000.0,120000.0,Onyx.png,Onyx
2724,I wonder if I can get this enchanted.,6581,True,80400.0,10000.0,201000.0,120600.0,Onyx amulet.png,Onyx amulet
2725,It needs a string so I can wear it.,6579,True,80400.0,10000.0,201000.0,120600.0,Onyx amulet (u).png,Onyx amulet (u)
2726,Onyx bolt tips.,9194,True,400.0,11000.0,1000.0,600.0,Onyx bolt tips 5.png,Onyx bolt tips
2727,Onyx tipped Runite crossbow bolts.,9342,True,5453.0,11000.0,13633.0,8179.0,Onyx bolts 5.png,Onyx bolts
2728,Enchanted Onyx tipped Runite Crossbow Bolts.,9245,True,6000.0,11000.0,15000.0,9000.0,Onyx bolts (e) 5.png,Onyx bolts (e)
2729,"Yep, this is most definitely valuable!",11130,True,80400.0,10000.0,201000.0,120600.0,Onyx bracelet.png,Onyx bracelet
2730,"Dragon crossbow bolts, tipped with onyx.",21973,True,5560.0,11000.0,13900.0,8340.0,Onyx dragon bolts 5.png,Onyx dragon bolts
2731,"Enchanted Dragon crossbow bolts, tipped with onyx.",21950,True,6320.0,11000.0,15800.0,9480.0,Onyx dragon bolts (e) 5.png,Onyx dragon bolts (e)
2732,I wonder if this is valuable.,6577,True,80400.0,10000.0,201000.0,120600.0,Onyx necklace.png,Onyx necklace
2733,A valuable ring.,6575,True,80400.0,10000.0,201000.0,120600.0,Onyx ring.png,Onyx ring
2734,A semi precious stone.,1609,True,40.0,13000.0,100.0,60.0,Opal.png,Opal
2735,I wonder if I can get this enchanted.,21108,True,360.0,10000.0,900.0,540.0,Opal amulet.png,Opal amulet
2736,It needs a string so I can wear it.,21099,True,360.0,10000.0,900.0,540.0,Opal amulet (u).png,Opal amulet (u)
2737,Opal bolt tips.,45,True,2.0,11000.0,7.0,4.0,Opal bolt tips 5.png,Opal bolt tips
2738,Opal tipped Bronze crossbow bolts.,879,True,2.0,11000.0,7.0,4.0,Opal bolts 5.png,Opal bolts
2739,Enchanted Opal tipped Bronze Crossbow Bolts.,9236,True,2.0,11000.0,7.0,4.0,Opal bolts (e) 5.png,Opal bolts (e)
2740,I wonder if this is valuable.,21117,True,460.0,10000.0,1150.0,690.0,Opal bracelet.png,Opal bracelet
2741,"Dragon crossbow bolts, tipped with opal.",21955,True,220.0,11000.0,550.0,330.0,Opal dragon bolts 5.png,Opal dragon bolts
2742,"Enchanted Dragon crossbow bolts, tipped with opal.",21932,True,232.0,11000.0,580.0,348.0,Opal dragon bolts (e) 5.png,Opal dragon bolts (e)
2743,A jungle specific slashing device.,6313,True,200.0,15.0,500.0,300.0,Opal machete.png,Opal machete
2744,I wonder if this is valuable.,21090,True,420.0,10000.0,1050.0,630.0,Opal necklace.png,Opal necklace
2745,A valuable ring.,21081,True,420.0,10000.0,1050.0,630.0,Opal ring.png,Opal ring
2746,How does it all fit in there?,8560,True,4.0,500.0,10.0,6.0,Opulent table (flatpack).png,Opulent table (flatpack)
2747,A fresh orange.,2108,True,1.0,13000.0,2.0,1.0,Orange.png,Orange
2748,Stylish!,7321,True,90.0,4.0,225.0,135.0,Orange boater.png,Orange boater
2749,A thick orange cape.,1031,False,12.0,150.0,32.0,19.0,Orange cape.png,Orange cape
2750,Fresh chunks of orange.,2110,True,1.0,13000.0,2.0,1.0,Orange chunks.png,Orange chunks
2751,A little bottle of orange dye.,1769,False,2.0,150.0,5.0,3.0,Orange dye.png,Orange dye
2752,A fairly plain feather.,10091,True,6.0,8000.0,15.0,9.0,Orange feather.png,Orange feather
2753,A posy of flowers.,2470,True,40.0,150.0,100.0,60.0,Orange flowers.png,Orange flowers
2754,Slightly slimy but kind of cute.,10146,True,40.0,125.0,100.0,60.0,Orange salamander.png,Orange salamander
2755,This sapling is ready to be replanted in a fruit tree patch.,5498,True,1.0,200.0,1.0,1.0,Orange sapling.png,Orange sapling
2756,Fresh orange slices.,2112,True,1.0,13000.0,2.0,1.0,Orange slices.png,Orange slices
2757,Plant in a plantpot of soil to grow a sapling.,5285,True,12.0,200.0,31.0,18.0,Orange tree seed 5.png,Orange tree seed
2758,A fruit basket filled with oranges.,5396,True,1.0,600.0,1.0,1.0,Oranges(5).png,Oranges(5)
2759,This handle can be applied to the granite maul.,24229,True,2000.0,50.0,5000.0,3000.0,Ornate maul handle.png,Ornate maul handle
2760,Osman's trade report for Ali Morrisane.,26602,False,1.0,0.0,1.0,1.0,Osman's report.png,Osman's report
2761,A deadly sword created long ago.,26219,True,400000.0,8.0,1000000.0,600000.0,Osmumten's fang.png,Osmumten's fang
2762,A teleport to the Ourania cave.,24951,True,1.0,10000.0,1.0,1.0,Ourania teleport (tablet).png,Ourania teleport (tablet)
2763,Ancient ogre bones from the ogre burial tomb.,4834,True,1.0,7500.0,1.0,1.0,Ourg bones.png,Ourg bones
2764,Maybe there are pearls inside?,407,True,80.0,11000.0,200.0,120.0,Oyster.png,Oyster
2765,I could work wonders with a chisel on this pearl.,411,True,44.0,11000.0,112.0,67.0,Oyster pearl.png,Oyster pearl
2766,I could work wonders with a chisel on these pearls.,413,True,560.0,11000.0,1400.0,840.0,Oyster pearls.png,Oyster pearls
2767,A teleport to Paddewwa.,12781,True,1.0,10000.0,1.0,1.0,Paddewwa teleport (tablet).png,Paddewwa teleport (tablet)
2768,This sapling is ready to be replanted in a fruit tree patch.,5502,True,1.0,200.0,1.0,1.0,Palm sapling.png,Palm sapling
2769,Plant in a plantpot of soil to grow a sapling.,5289,True,101.0,200.0,254.0,152.0,Palm tree seed 5.png,Palm tree seed
2770,"Alas, someone has slashed my pantaloons.",10396,True,800.0,4.0,2000.0,1200.0,Pantaloons.png,Pantaloons
2771,Looks delicious.,5972,True,25.0,11000.0,64.0,38.0,Papaya fruit.png,Papaya fruit
2772,This sapling is ready to be replanted in a fruit tree patch.,5501,True,1.0,200.0,1.0,1.0,Papaya sapling.png,Papaya sapling
2773,Plant in a plantpot of soil to grow a sapling.,5288,True,46.0,200.0,115.0,69.0,Papaya tree seed 5.png,Papaya tree seed
2774,Used for making notes.,970,True,4.0,13000.0,10.0,6.0,Papyrus.png,Papyrus
2775,I have the sudden urge to rob the bank...,12399,True,720.0,4.0,1800.0,1080.0,Partyhat & specs.png,Partyhat & specs
2776,"A set containing red, yellow, blue, purple, green and white partyhats.",13173,False,4.0,5.0,10.0,6.0,Partyhat set.png,Partyhat set
2777,Potentially pastry.,1953,False,1.0,13000.0,1.0,1.0,Pastry dough.png,Pastry dough
2778,A pat of freshly churned butter.,6697,True,1.0,11000.0,4.0,2.0,Pat of butter.png,Pat of butter
2779,"Life and death, old and new, day and night. Balance is the key to all.",20226,True,32.0,5.0,80.0,48.0,Peaceful blessing.png,Peaceful blessing
2780,Pearl bolt tips.,46,True,4.0,11000.0,12.0,7.0,Pearl bolt tips 5.png,Pearl bolt tips
2781,Pearl tipped Iron crossbow bolts.,880,True,5.0,11000.0,13.0,7.0,Pearl bolts 5.png,Pearl bolts
2782,Enchanted Pearl tipped Iron Crossbow Bolts.,9238,True,6.0,11000.0,15.0,9.0,Pearl bolts (e) 5.png,Pearl bolts (e)
2783,"Dragon crossbow bolts, tipped with pearl.",21959,True,260.0,11000.0,650.0,390.0,Pearl dragon bolts 5.png,Pearl dragon bolts
2784,"Enchanted Dragon crossbow bolts, tipped with pearl.",21936,True,272.0,11000.0,680.0,408.0,Pearl dragon bolts (e) 5.png,Pearl dragon bolts (e)
2785,A pair of upgraded ranger boots.,13237,True,30000.0,15.0,75000.0,45000.0,Pegasian boots.png,Pegasian boots
2786,A powerful crystal of flight.,13229,True,18000.0,15.0,45000.0,27000.0,Pegasian crystal.png,Pegasian crystal
2787,Thankfully this doesn't reset every week.,12428,True,480.0,4.0,1200.0,720.0,Penguin mask.png,Penguin mask
2788,A perfected blueprint for a quetzal whistle.,29256,True,3000.0,50.0,7500.0,4500.0,Perfected quetzal whistle blueprint.png,Perfected quetzal whistle blueprint
2789,Teleports you to Pest control.,12407,True,4.0,10000.0,10.0,6.0,Pest control teleport.png,Pest control teleport
2790,I can grind things for potions in this.,233,True,1.0,40.0,4.0,2.0,Pestle and mortar.png,Pestle and mortar
2791,This sceptre has no remaining charges.,26945,True,33333.0,,83334.0,50000.0,Pharaoh's sceptre (uncharged).png,Pharaoh's sceptre (uncharged)
2792,"In case of emergency, wear necklace.",11090,True,1620.0,10000.0,4050.0,2430.0,Phoenix necklace.png,Phoenix necklace
2793,The remains of a deadly shade.,3398,True,1.0,7500.0,1.0,1.0,Phrin remains.png,Phrin remains
2794,Deceptively pie shaped.,2313,False,1.0,500.0,3.0,1.0,Pie dish.png,Pie dish
2795,Lots of pie recipes for me to try.,7162,True,2.0,15.0,5.0,3.0,Pie recipe book.png,Pie recipe book
2796,I need to find a filling for this pie.,2315,False,1.0,13000.0,4.0,2.0,Pie shell.png,Pie shell
2797,Some nicely cooked pike.,351,False,8.0,6000.0,20.0,12.0,Pike.png,Pike
2798,A little heap of salt.,4689,True,8.0,15.0,20.0,12.0,Pile of salt.png,Pile of salt
2799,A real community of the pillar.,31484,True,41.0,,104.0,62.0,Pillar coral.png,Pillar coral
2800,This can be propagated in a coral nursery.,31513,True,20.0,600.0,52.0,31.0,Pillar frag.png,Pillar frag
2801,I need another ingredient to finish this Pillar potion.,31665,True,10.0,,25.0,15.0,Pillar potion (unf).png,Pillar potion (unf)
2802,It can be cut up into something more manageable with a knife.,2114,True,1.0,13000.0,2.0,1.0,Pineapple.png,Pineapple
2803,Fresh chunks of pineapple.,2116,True,1.0,13000.0,1.0,1.0,Pineapple chunks.png,Pineapple chunks
2804,A tropicana pizza.,2301,True,40.0,10000.0,100.0,60.0,Pineapple pizza.png,Pineapple pizza
2805,A fresh healthy fruit mix.,2048,True,12.0,2000.0,30.0,18.0,Pineapple punch.png,Pineapple punch
2806,Exotic fruit.,2118,True,1.0,13000.0,1.0,1.0,Pineapple ring.png,Pineapple ring
2807,This sapling is ready to be replanted in a fruit tree patch.,5500,True,1.0,200.0,1.0,1.0,Pineapple sapling.png,Pineapple sapling
2808,Plant in a plantpot of soil to grow a sapling.,5287,True,29.0,200.0,74.0,44.0,Pineapple seed 5.png,Pineapple seed
2809,Stylish!,12309,True,90.0,4.0,225.0,135.0,Pink boater.png,Pink boater
2810,"They're soft, silky and pink.",626,True,80.0,150.0,200.0,120.0,Pink boots.png,Pink boots
2811,It's a bit pink.,6959,True,1.0,150.0,1.0,1.0,Pink cape.png,Pink cape
2812,A well made elegant ladies' pink blouse.,12339,True,800.0,4.0,2000.0,1200.0,Pink elegant blouse.png,Pink elegant blouse
2813,A rather elegant pair of men's pink pantaloons.,12317,True,800.0,4.0,2000.0,1200.0,Pink elegant legs.png,Pink elegant legs
2814,A well made elegant men's pink shirt.,12315,True,800.0,4.0,2000.0,1200.0,Pink elegant shirt.png,Pink elegant shirt
2815,A rather elegant pink skirt.,12341,True,800.0,4.0,2000.0,1200.0,Pink elegant skirt.png,Pink elegant skirt
2816,A silly pink pointed hat.,656,True,64.0,150.0,160.0,96.0,Pink hat.png,Pink hat
2817,A minimalist's hat.,12305,True,16.0,4.0,40.0,24.0,Pink headband.png,Pink headband
2818,Made by Tree Gnomes with a thing for pink.,646,True,72.0,150.0,180.0,108.0,Pink robe bottoms.png,Pink robe bottoms
2819,"The ultimate in gnome design, now in pink!",636,True,72.0,150.0,180.0,108.0,Pink robe top.png,Pink robe top
2820,A ladies skirt.,1013,False,1.0,150.0,2.0,1.0,Pink skirt.png,Pink skirt
2821,Essential pirate wear.,7130,True,40.0,150.0,100.0,60.0,Pirate bandana (blue).png,Pirate bandana (blue)
2822,Essential pirate wear.,7136,True,40.0,150.0,100.0,60.0,Pirate bandana (brown).png,Pirate bandana (brown)
2823,Essential pirate wear.,7124,True,40.0,150.0,100.0,60.0,Pirate bandana (red).png,Pirate bandana (red)
2824,Essential pirate wear.,7112,True,40.0,150.0,100.0,60.0,Pirate bandana (white).png,Pirate bandana (white)
2825,Not for land lubbers.,7114,True,140.0,150.0,350.0,210.0,Pirate boots.png,Pirate boots
2826,All I need now is a parrot.,12412,True,1200.0,150.0,3000.0,1800.0,Pirate hat & patch.png,Pirate hat & patch
2827,A sea worthy pair of trousers.,7116,True,140.0,150.0,350.0,210.0,Pirate leggings (beige).png,Pirate leggings (beige)
2828,A sea worthy pair of trousers.,7132,True,140.0,150.0,350.0,210.0,Pirate leggings (blue).png,Pirate leggings (blue)
2829,A sea worthy pair of trousers.,7138,True,140.0,150.0,350.0,210.0,Pirate leggings (brown).png,Pirate leggings (brown)
2830,A sea worthy pair of trousers.,7126,True,140.0,150.0,350.0,210.0,Pirate leggings (red).png,Pirate leggings (red)
2831,Shiver me timbers!,2651,True,72.0,4.0,180.0,108.0,Pirate's hat.png,Pirate's hat
2832,You should see the shark...,2997,True,35.0,4.0,89.0,53.0,Pirate's hook.png,Pirate's hook
2833,A stained glass banner displaying the sigil of house Piscarilius.,20260,True,28.0,4.0,70.0,42.0,Piscarilius banner.png,Piscarilius banner
2834,A rare hood from Piscarilius.,20122,True,1.0,4.0,1.0,1.0,Piscarilius hood.png,Piscarilius hood
2835,A blue scarf adorned with a sea shell.,19952,True,4000.0,4.0,10000.0,6000.0,Piscarilius scarf.png,Piscarilius scarf
2836,Teleports you to Piscatoris.,12408,True,4.0,10000.0,10.0,6.0,Piscatoris teleport.png,Piscatoris teleport
2837,Official explorer headgear!,12516,True,344.0,4.0,860.0,516.0,Pith helmet.png,Pith helmet
2838,Nicely baked pitta bread. Needs more ingredients to make a kebab.,1865,True,4.0,11000.0,10.0,6.0,Pitta bread.png,Pitta bread
2839,I need to add some tomato next.,2283,False,1.0,11000.0,4.0,2.0,Pizza base.png,Pizza base
2840,A cheese and tomato pizza.,2289,False,16.0,10000.0,40.0,24.0,Plain pizza.png,Plain pizza
2841,A plank of wood!,960,False,1.0,13000.0,1.0,1.0,Plank.png,Plank
2842,Use this on plants to cure disease.,6036,True,16.0,2000.0,40.0,24.0,Plant cure.png,Plant cure
2843,A red and black pointed snail shell helmet.,3339,True,120.0,150.0,300.0,180.0,Pointed blood'n'tar snelm.png,Pointed blood'n'tar snelm
2844,A moody blue pointed snail shell helmet.,3343,True,120.0,150.0,300.0,180.0,Pointed bruise blue snelm.png,Pointed bruise blue snelm
2845,A swamp coloured pointed snail shell helmet.,3337,True,120.0,150.0,300.0,180.0,Pointed myre snelm.png,Pointed myre snelm
2846,A muddy yellow coloured pointed snail shell helmet.,3341,True,120.0,150.0,300.0,180.0,Pointed ochre snelm.png,Pointed ochre snelm
2847,This stuff looks nasty.,273,False,1.0,15.0,1.0,1.0,Poison (item).png,Poison (item)
2848,A cup of a strange brew...,197,True,8.0,2000.0,20.0,12.0,Poison chalice.png,Poison chalice
2849,"They look sweet and juicy, but only a fool would eat them.",6018,True,26.0,11000.0,65.0,39.0,Poison ivy berries.png,Poison ivy berries
2850,A poison ivy bush seed - plant in a bush patch.,5106,True,66.0,200.0,166.0,99.0,Poison ivy seed 5.png,Poison ivy seed
2851,These should make me harder to spot in polar areas.,10067,True,8.0,,20.0,12.0,Polar camo legs.png,Polar camo legs
2852,These should make me harder to spot in polar areas.,28860,True,8.0,,20.0,12.0,Polar camo legs.png,Polar camo legs (equipped)
2853,This should make me harder to spot in polar areas.,10065,True,8.0,,20.0,12.0,Polar camo top.png,Polar camo top
2854,This should make me harder to spot in polar areas.,28857,True,8.0,,20.0,12.0,Polar camo top.png,Polar camo top (equipped)
2855,A thick fur for a cold climate.,10117,True,4.0,100.0,10.0,6.0,Polar kebbit fur.png,Polar kebbit fur
2856,Shiny!,10496,True,1.0,15.0,1.0,1.0,Polished buttons.png,Polished buttons
2857,This pot is empty.,1931,False,1.0,13000.0,1.0,1.0,Pot.png,Pot
2858,This should fit on a normal-sized pot.,4440,True,6.0,15.0,15.0,9.0,Pot lid.png,Pot lid
2859,It's cornflour in a pot.,7468,True,4.0,15.0,10.0,6.0,Pot of cornflour.png,Pot of cornflour
2860,Fresh cream.,2130,True,1.0,13000.0,2.0,1.0,Pot of cream.png,Pot of cream
2861,There is flour in this pot.,1933,False,4.0,13000.0,10.0,6.0,Pot of flour.png,Pot of flour
2862,This could be used to make a good stew.,1942,False,1.0,13000.0,1.0,1.0,Potato.png,Potato
2863,How am I supposed to eat that?!,3138,True,1.0,11000.0,1.0,1.0,Potato cactus.png,Potato cactus
2864,A Potato cactus seed - plant in a cactus patch.,22873,True,56.0,200.0,140.0,84.0,Potato cactus seed 5.png,Potato cactus seed
2865,A potato seed - plant in an allotment.,5318,True,1.0,600.0,2.0,1.0,Potato seed 5.png,Potato seed
2866,A baked potato with butter.,6703,True,3.0,13000.0,8.0,4.0,Potato with butter.png,Potato with butter
2867,A baked potato with butter and cheese.,6705,True,3.0,13000.0,8.0,4.0,Potato with cheese.png,Potato with cheese
2868,There are 10 potatoes in this sack.,5438,True,1.0,600.0,1.0,1.0,Potatoes(10).png,Potatoes(10)
2869,Little ornament in the shape of a scarab.,9032,True,4.0,13000.0,10.0,6.0,Pottery scarab.png,Pottery scarab
2870,A small statuette.,9036,True,4.0,13000.0,10.0,6.0,Pottery statuette.png,Pottery statuette
2871,One dose of fishy Prayer potion.,11467,True,30.0,2000.0,76.0,45.0,Prayer mix(1).png,Prayer mix(1)
2872,Two doses of fishy Prayer potion.,11465,True,45.0,2000.0,114.0,68.0,Prayer mix(2).png,Prayer mix(2)
2873,1 dose of Prayer restore potion.,143,True,30.0,2000.0,76.0,45.0,Prayer potion(1).png,Prayer potion(1)
2874,2 doses of Prayer restore potion.,141,True,45.0,2000.0,114.0,68.0,Prayer potion(2).png,Prayer potion(2)
2875,3 doses of Prayer restore potion.,139,True,60.0,2000.0,152.0,91.0,Prayer potion(3).png,Prayer potion(3)
2876,4 doses of Prayer restore potion.,2434,True,76.0,2000.0,190.0,114.0,Prayer potion(4).png,Prayer potion(4)
2877,1 dose of Prayer Regeneration potion.,30134,True,60.0,2000.0,150.0,90.0,Prayer regeneration potion(1).png,Prayer regeneration potion(1)
2878,2 doses of Prayer Regeneration potion.,30131,True,80.0,2000.0,200.0,120.0,Prayer regeneration potion(2).png,Prayer regeneration potion(2)
2879,3 doses of Prayer Regeneration potion.,30128,True,100.0,2000.0,250.0,150.0,Prayer regeneration potion(3).png,Prayer regeneration potion(3)
2880,4 doses of Prayer Regeneration potion.,30125,True,120.0,2000.0,300.0,180.0,Prayer regeneration potion(4).png,Prayer regeneration potion(4)
2881,A premade Blurberry Special,2028,True,12.0,2000.0,30.0,18.0,Premade blurb' sp..png,Premade blurb' sp.
2882,A Premade Cheese and Tomato Batta.,2223,True,48.0,6000.0,120.0,72.0,Premade c+t batta.png,Premade c+t batta
2883,Some Premade chocchip crunchies.,2239,True,34.0,6000.0,85.0,51.0,Premade ch' crunch.png,Premade ch' crunch
2884,A premade Chocolate Bomb.,2229,True,64.0,6000.0,160.0,96.0,Premade choc bomb.png,Premade choc bomb
2885,A premade Chocolate Saturday.,2030,True,12.0,2000.0,30.0,18.0,Premade choc s'dy.png,Premade choc s'dy
2886,A premade Drunk Dragon.,2032,True,12.0,2000.0,30.0,18.0,Premade dr' dragon.png,Premade dr' dragon
2887,A premade Fruit Blast.,2034,True,12.0,2000.0,30.0,18.0,Premade fr' blast.png,Premade fr' blast
2888,A premade Fruit Batta.,2225,True,48.0,6000.0,120.0,72.0,Premade fr't batta.png,Premade fr't batta
2889,A premade Pineapple punch.,2036,True,12.0,2000.0,30.0,18.0,Premade p' punch.png,Premade p' punch
2890,Some premade Spicy Crunchies.,2241,True,34.0,6000.0,85.0,51.0,Premade s'y crunch.png,Premade s'y crunch
2891,A premade Short Green Guy.,2038,True,12.0,2000.0,30.0,18.0,Premade sgg.png,Premade sgg
2892,A Premade Toad Batta.,2221,True,48.0,6000.0,120.0,72.0,Premade t'd batta.png,Premade t'd batta
2893,Some premade Toad Crunchies.,2243,True,34.0,6000.0,85.0,51.0,Premade t'd crunch.png,Premade t'd crunch
2894,A premade Tangled Toads Legs.,2231,True,64.0,6000.0,160.0,96.0,Premade ttl.png,Premade ttl
2895,A premade Vegetable Ball.,2235,True,60.0,6000.0,150.0,90.0,Premade veg ball.png,Premade veg ball
2896,A Premade Vegetable Batta.,2227,True,48.0,6000.0,120.0,72.0,Premade veg batta.png,Premade veg batta
2897,A premade Worm Batta.,2219,True,48.0,6000.0,120.0,72.0,Premade w'm batta.png,Premade w'm batta
2898,Some Premade Worm Crunchies.,2237,True,34.0,6000.0,85.0,51.0,Premade w'm crun'.png,Premade w'm crun'
2899,A Premade Wizard Blizzard.,2040,True,12.0,2000.0,30.0,18.0,Premade wiz blz'd.png,Premade wiz blz'd
2900,A premade Worm Hole.,2233,True,60.0,6000.0,150.0,90.0,Premade worm hole.png,Premade worm hole
2901,Bottom half of a priest suit.,428,False,2.0,150.0,5.0,3.0,Priest gown (bottom).png,Priest gown (bottom)
2902,Top half of a priest suit.,426,False,2.0,150.0,5.0,3.0,Priest gown (top).png,Priest gown (top)
2903,A pair of upgraded dragon boots.,13239,True,30000.0,15.0,75000.0,45000.0,Primordial boots.png,Primordial boots
2904,A powerful crystal of strength.,13231,True,18000.0,15.0,45000.0,27000.0,Primordial crystal.png,Primordial crystal
2905,"A giant mosquito's proboscis, aerodynamic and sharp!",6319,True,2.0,100.0,5.0,3.0,Proboscis 1000.png,Proboscis
2906,A Proselyte Temple Knight's leg armour.,9676,True,4000.0,70.0,10000.0,6000.0,Proselyte cuisse.png,Proselyte cuisse
2907,Proselyte level armour pack.,9670,True,10000.0,70.0,25000.0,15000.0,Proselyte harness f.png,Proselyte harness f
2908,Proselyte level armour pack.,9666,True,10000.0,70.0,25000.0,15000.0,Proselyte harness m.png,Proselyte harness m
2909,A Proselyte Temple Knight's armour.,9674,True,4800.0,70.0,12000.0,7200.0,Proselyte hauberk.png,Proselyte hauberk
2910,A Proselyte Temple Knight's helm.,9672,True,3200.0,70.0,8000.0,4800.0,Proselyte sallet.png,Proselyte sallet
2911,A Proselyte Temple Knight's leg armour.,9678,True,4000.0,70.0,10000.0,6000.0,Proselyte tasset.png,Proselyte tasset
2912,Happy Halloween.,1959,False,12.0,50.0,30.0,18.0,Pumpkin.png,Pumpkin
2913,An unimbued rune of extra capability.,7936,False,1.0,30000.0,4.0,2.0,Pure essence.png,Pure essence
2914,Stylish!,12311,True,90.0,4.0,225.0,135.0,Purple boater.png,Purple boater
2915,Very stylish!,2934,False,200.0,150.0,500.0,300.0,Purple boots.png,Purple boots
2916,A thick purple cape.,1029,False,12.0,150.0,32.0,19.0,Purple cape.png,Purple cape
2917,A little bottle of purple dye.,1773,False,2.0,150.0,5.0,3.0,Purple dye.png,Purple dye
2918,A well made elegant ladies' purple blouse.,10436,True,800.0,4.0,2000.0,1200.0,Purple elegant blouse.png,Purple elegant blouse
2919,A rather elegant pair of men's purple pantaloons.,10418,True,800.0,4.0,2000.0,1200.0,Purple elegant legs.png,Purple elegant legs
2920,A well made elegant men's purple shirt.,10416,True,800.0,4.0,2000.0,1200.0,Purple elegant shirt.png,Purple elegant shirt
2921,A rather elegant purple skirt.,10438,True,800.0,4.0,2000.0,1200.0,Purple elegant skirt.png,Purple elegant skirt
2922,Makes firelighting a lot easier.,10326,True,6.0,250.0,15.0,9.0,Purple firelighter.png,Purple firelighter
2923,A posy of flowers.,2468,True,40.0,150.0,100.0,60.0,Purple flowers.png,Purple flowers
2924,These will keep my hands warm!,2942,False,200.0,150.0,500.0,300.0,Purple gloves.png,Purple gloves
2925,A silly pointed hat.,2940,True,200.0,150.0,500.0,300.0,Purple hat.png,Purple hat
2926,A nice hat from a cracker.,1046,False,1.0,5.0,1.0,1.0,Purple partyhat.png,Purple partyhat
2927,Made by werewolves for werewolves.,2938,True,200.0,150.0,500.0,300.0,Purple robe bottoms.png,Purple robe bottoms
2928,Some fine werewolf clothing.,2936,True,200.0,150.0,500.0,300.0,Purple robe top.png,Purple robe top
2929,Remember to brush after eating!,10476,True,6.0,10000.0,15.0,9.0,Purple sweets 5.png,Purple sweets
2930,Logs prepared with sacred oil for a funeral pyre.,3438,True,3.0,11000.0,8.0,4.0,Pyre logs.png,Pyre logs
2931,A phosphate rich mineral dust.,21545,True,12.0,13000.0,30.0,18.0,Pyrophosphite.png,Pyrophosphite
2932,A sack of quetzal feed.,29307,True,20.0,100.0,50.0,30.0,Quetzal feed.png,Quetzal feed
2933,This could be put on a string and worn for luck.,10134,True,12.0,100.0,30.0,18.0,Rabbit foot.png,Rabbit foot
2934,The snare will tighten around animals passing through.,10031,True,6.0,250.0,15.0,9.0,Rabbit snare.png,Rabbit snare
2935,A banner showcasing the colours of Leagues V: Raging Echoes.,30430,True,400.0,,1000.0,600.0,Raging echoes banner.png,Raging echoes banner
2936,The boots of a Raging Echoes relic hunter.,30410,True,,,100000.0,,Raging echoes boots (t1).png,Raging echoes boots (t1)
2937,The boots of a Raging Echoes relic hunter.,30418,True,40000.0,,100000.0,60000.0,Raging echoes boots (t2).png,Raging echoes boots (t2)
2938,The boots of a raging echo relic hunter.,30426,True,40000.0,,100000.0,60000.0,Raging echoes boots (t3).png,Raging echoes boots (t3)
2939,The cane of a Raging Echoes relic hunter.,30428,True,400.0,,1000.0,600.0,Raging echoes cane.png,Raging echoes cane
2940,Opulent curtains dyed with the colours of the Raging Echoes league.,30557,True,200.0,,500.0,300.0,Raging echoes curtains.png,Raging echoes curtains
2941,A scroll which unlocks the Raging Echoes death and respawn animation.,30455,True,10000.0,,25000.0,15000.0,Raging echoes death scroll.png,Raging echoes death scroll
2942,The headgear of a Raging Echoes relic hunter.,30404,True,,,100000.0,,Raging echoes hat (t1).png,Raging echoes hat (t1)
2943,The headgear of a Raging Echoes relic hunter.,30412,True,40000.0,,100000.0,60000.0,Raging echoes hat (t2).png,Raging echoes hat (t2)
2944,The headgear of a Raging Echoes relic hunter.,30420,True,40000.0,,100000.0,60000.0,Raging echoes hat (t3).png,Raging echoes hat (t3)
2945,Used on a Nexus inside your Player Owned House to decorate it in the style of Leagues V: Raging Echoes.,30459,True,10000.0,,25000.0,15000.0,Raging echoes nexus scroll.png,Raging echoes nexus scroll
2946,A scroll which unlocks the Raging Echoes NPC contact.,30457,True,10000.0,,25000.0,15000.0,Raging echoes npc contact scroll.png,Raging echoes npc contact scroll
2947,Used on a portal inside your Player Owned House to decorate it in the style of Leagues V: Raging Echoes.,30461,True,10000.0,,25000.0,15000.0,Raging echoes portal scroll.png,Raging echoes portal scroll
2948,"A set containing Raging Echoes boots (t1), Raging Echoes trousers (t1), Raging Echoes top (t1) and Raging Echoes hood (t1).",30331,True,20000.0,,50000.0,30000.0,Raging echoes relic hunter (t1) armour set.png,Raging echoes relic hunter (t1) armour set
2949,"A set containing Raging Echoes boots (t2), Raging Echoes trousers (t2), Raging Echoes top (t2) and Raging Echoes hood (t2).",30334,True,20000.0,,50000.0,30000.0,Raging echoes relic hunter (t2) armour set.png,Raging echoes relic hunter (t2) armour set
2950,"A set containing Raging Echoes boots (t3), Raging Echoes trousers (t3), Raging Echoes top (t3) and Raging Echoes hood (t3).",30337,True,20000.0,,50000.0,30000.0,Raging echoes relic hunter (t3) armour set.png,Raging echoes relic hunter (t3) armour set
2951,The robes of a Raging Echoes relic hunter.,30408,True,,,100000.0,,Raging echoes robeskirt (t1).png,Raging echoes robeskirt (t1)
2952,The robes of a Raging Echoes relic hunter.,30416,True,40000.0,,100000.0,60000.0,Raging echoes robeskirt (t2).png,Raging echoes robeskirt (t2)
2953,The robes of a Raging Echoes relic hunter.,30424,True,40000.0,,100000.0,60000.0,Raging echoes robeskirt (t3).png,Raging echoes robeskirt (t3)
2954,An opulent rug dyed with the colours of the Raging Echoes league.,30554,True,200.0,,500.0,300.0,Raging echoes rug.png,Raging echoes rug
2955,Used on a Scrying Pool inside your Player Owned House to decorate it in the style of Leagues V: Raging Echoes.,30560,True,10000.0,,25000.0,15000.0,Raging echoes scrying pool scroll.png,Raging echoes scrying pool scroll
2956,Used on a Spirit Tree inside your Player Owned House to decorate it in the style of Leagues V: Raging Echoes.,30563,True,10000.0,,25000.0,15000.0,Raging echoes spirit tree scroll.png,Raging echoes spirit tree scroll
2957,The coat of a Raging Echoes relic hunter.,30406,True,,,100000.0,,Raging echoes top (t1).png,Raging echoes top (t1)
2958,The coat of a Raging Echoes relic hunter.,30414,True,40000.0,,100000.0,60000.0,Raging echoes top (t2).png,Raging echoes top (t2)
2959,The coat of a Raging Echoes relic hunter.,30422,True,40000.0,,100000.0,60000.0,Raging echoes top (t3).png,Raging echoes top (t3)
2960,Short but effective and very colourful.,23357,True,200.0,18000.0,500.0,300.0,Rain bow.png,Rain bow
2961,You'll need something to break through that shell.,31677,True,120.0,,300.0,180.0,Rainbow crab (1).png,Rainbow crab (1)
2962,You'll need something to break through that shell.,31680,True,120.0,,300.0,180.0,Rainbow crab (2).png,Rainbow crab (2)
2963,You'll need something to break through that shell.,31683,True,120.0,,300.0,180.0,Rainbow crab (3).png,Rainbow crab (3)
2964,This looks tricky to eat.,31703,True,120.0,,300.0,180.0,Rainbow crab meat.png,Rainbow crab meat
2965,A paste made by crushing a crab.,31710,True,120.0,13000.0,300.0,180.0,Rainbow crab paste.png,Rainbow crab paste
2966,"Well, this would certainly add some colour to a meal.",10136,True,48.0,6000.0,120.0,72.0,Rainbow fish.png,Rainbow fish
2967,Use this to clear weeds.,5341,True,2.0,40.0,6.0,3.0,Rake.png,Rake
2968,I need another ingredient to finish this Ranarr potion.,99,True,10.0,10000.0,25.0,15.0,Ranarr potion (unf).png,Ranarr potion (unf)
2969,A ranarr seed - plant in a herb patch.,5295,True,20.0,200.0,50.0,30.0,Ranarr seed 5.png,Ranarr seed
2970,A useful herb.,257,True,10.0,11000.0,25.0,15.0,Ranarr weed.png,Ranarr weed
2971,Lightweight boots ideal for rangers.,2577,True,80.0,8.0,200.0,120.0,Ranger boots.png,Ranger boots
2972,Lightweight gloves ideal for rangers.,19994,True,1360.0,8.0,3400.0,2040.0,Ranger gloves.png,Ranger gloves
2973,Lightweight legwear ideal for rangers.,23249,True,8000.0,8.0,20000.0,12000.0,Rangers' tights.png,Rangers' tights
2974,Lightweight body armour ideal for rangers.,12596,True,4800.0,4.0,12000.0,7200.0,Rangers' tunic.png,Rangers' tunic
2975,One dose of fishy ranging potion.,11511,True,57.0,2000.0,144.0,86.0,Ranging mix(1).png,Ranging mix(1)
2976,Two doses of fishy ranging potion.,11509,True,86.0,2000.0,216.0,129.0,Ranging mix(2).png,Ranging mix(2)
2977,1 dose of ranging potion.,173,True,57.0,2000.0,144.0,86.0,Ranging potion(1).png,Ranging potion(1)
2978,2 doses of ranging potion.,171,True,86.0,2000.0,216.0,129.0,Ranging potion(2).png,Ranging potion(2)
2979,3 doses of ranging potion.,169,True,115.0,2000.0,288.0,172.0,Ranging potion(3).png,Ranging potion(3)
2980,4 doses of ranging potion.,2444,True,144.0,2000.0,360.0,216.0,Ranging potion(4).png,Ranging potion(4)
2981,Ancient ogre bones from the ogre burial tomb.,4832,True,1.0,7500.0,1.0,1.0,Raurg bones.png,Raurg bones
2982,This would taste a lot better cooked.,7196,True,62.0,13000.0,155.0,93.0,Raw admiral pie.png,Raw admiral pie
2983,I should try cooking this.,321,False,6.0,13000.0,15.0,9.0,Raw anchovies.png,Raw anchovies
2984,I should try cooking this.,13439,True,180.0,15000.0,450.0,270.0,Raw anglerfish.png,Raw anglerfish
2985,Ouch!,29101,True,1.0,13000.0,1.0,1.0,Raw barb-tailed kebbit.png,Raw barb-tailed kebbit
2986,I should try cooking this.,363,True,16.0,15000.0,40.0,24.0,Raw bass.png,Raw bass
2987,I need to cook this first.,2136,False,1.0,13000.0,1.0,1.0,Raw bear meat.png,Raw bear meat
2988,A slab of raw beast meat.,9986,True,10.0,11000.0,25.0,15.0,Raw beast meat.png,Raw beast meat
2989,I need to cook this first.,2132,False,1.0,13000.0,1.0,1.0,Raw beef.png,Raw beef
2990,This certainly needs cooking!,9978,True,6.0,11000.0,17.0,10.0,Raw bird meat.png,Raw bird meat
2991,I should try cooking this.,31692,True,60.0,,150.0,90.0,Raw blue crab meat.png,Raw blue crab meat
2992,I should try cooking this.,32341,True,68.0,,170.0,102.0,Raw bluefin.png,Raw bluefin
2993,I need to cook this first.,25833,False,1.0,,1.0,1.0,Raw boar meat.png,Raw boar meat
2994,It's incredibly slimy.,5001,True,6.0,13000.0,15.0,9.0,Raw cave eel.png,Raw cave eel
2995,I need to cook this first.,2138,False,1.0,13000.0,1.0,1.0,Raw chicken.png,Raw chicken
2996,I need to cook this first.,2876,True,34.0,13000.0,85.0,51.0,Raw chompy.png,Raw chompy
2997,I should try cooking this.,341,True,4.0,15000.0,10.0,6.0,Raw cod.png,Raw cod
2998,I should try cooking this.,11934,True,130.0,15000.0,325.0,195.0,Raw dark crab.png,Raw dark crab
2999,I should probably cook this first.,29107,True,1.0,13000.0,1.0,1.0,Raw dashing kebbit.png,Raw dashing kebbit
3000,"Raw fish is risky, better cook it.",7186,True,20.0,13000.0,50.0,30.0,Raw fish pie.png,Raw fish pie
3001,Needs cooking before I eat it.,7176,True,4.0,13000.0,12.0,7.0,Raw garden pie.png,Raw garden pie
3002,I should try cooking this.,32309,True,68.0,,170.0,102.0,Raw giant krill.png,Raw giant krill
3003,I should probably cook this first.,29119,True,1.0,13000.0,1.0,1.0,Raw graahk.png,Raw graahk
3004,I should try cooking this.,32317,True,68.0,,170.0,102.0,Raw haddock.png,Raw haddock
3005,I should try cooking this.,32333,True,68.0,,170.0,102.0,Raw halibut.png,Raw halibut
3006,I should try cooking this.,345,False,4.0,15000.0,10.0,6.0,Raw herring.png,Raw herring
3007,The uncooked meat of a Jubbly bird.,7566,True,40.0,11000.0,100.0,60.0,Raw jubbly.png,Raw jubbly
3008,I should try cooking this.,31561,True,64.0,,160.0,96.0,Raw jumbo squid.png,Raw jumbo squid
3009,A raw green octopus.,3142,True,80.0,13000.0,200.0,120.0,Raw karambwan.png,Raw karambwan
3010,I should probably cook this first.,29125,True,1.0,13000.0,1.0,1.0,Raw kyatt.png,Raw kyatt
3011,I should probably cook this first.,29122,True,1.0,13000.0,1.0,1.0,Raw larupia.png,Raw larupia
3012,I should try cooking this.,377,False,28.0,15000.0,70.0,42.0,Raw lobster.png,Raw lobster
3013,I should try cooking this.,353,True,6.0,15000.0,15.0,9.0,Raw mackerel.png,Raw mackerel
3014,A rare catch.,389,True,80.0,15000.0,200.0,120.0,Raw manta ray.png,Raw manta ray
3015,I should try cooking this.,32349,True,68.0,,170.0,102.0,Raw marlin.png,Raw marlin
3016,I should try cooking this.,7944,True,92.0,13000.0,230.0,138.0,Raw monkfish.png,Raw monkfish
3017,I should probably cook this first.,29113,True,1.0,13000.0,1.0,1.0,Raw moonlight antelope.png,Raw moonlight antelope
3018,Needs to be baked before I can use it.,7168,True,10.0,13000.0,27.0,16.0,Raw mud pie.png,Raw mud pie
3019,"I need to cook this, though I don't know if I want to.",24782,True,1.0,,1.0,1.0,Raw mystery meat.png,Raw mystery meat
3020,Raw meat from the oomlie bird.,2337,True,4.0,15.0,10.0,6.0,Raw oomlie.png,Raw oomlie
3021,I should try cooking this.,349,False,8.0,15000.0,20.0,12.0,Raw pike.png,Raw pike
3022,I should probably cook this first.,29110,True,1.0,13000.0,1.0,1.0,Raw pyre fox.png,Raw pyre fox
3023,Might taste better cooked.,3226,True,8.0,13000.0,20.0,12.0,Raw rabbit.png,Raw rabbit
3024,I should try cooking this.,31700,True,120.0,,300.0,180.0,Raw rainbow crab meat.png,Raw rainbow crab meat
3025,"A colourful fish, attracted to colourful flies.",10138,True,48.0,13000.0,120.0,72.0,Raw rainbow fish.png,Raw rainbow fish
3026,I need to cook this first.,2134,False,1.0,13000.0,1.0,1.0,Raw rat meat.png,Raw rat meat
3027,I should try cooking this.,31686,True,40.0,,100.0,60.0,Raw red crab meat.png,Raw red crab meat
3028,I should try cooking this.,331,False,12.0,15000.0,30.0,18.0,Raw salmon.png,Raw salmon
3029,I should try cooking this.,327,False,4.0,15000.0,10.0,6.0,Raw sardine.png,Raw sardine
3030,A rare catch.,395,True,80.0,15000.0,200.0,120.0,Raw sea turtle.png,Raw sea turtle
3031,I should try cooking this.,383,True,68.0,15000.0,170.0,102.0,Raw shark.png,Raw shark
3032,I should try cooking this.,317,False,2.0,15000.0,5.0,3.0,Raw shrimps.png,Raw shrimps
3033,A slime covered eel - yuck!,3379,True,1.0,13000.0,1.0,1.0,Raw slimy eel.png,Raw slimy eel
3034,"Fresh fruit may be good for you, but I should really cook this.",7216,True,28.0,13000.0,70.0,42.0,Raw summer pie.png,Raw summer pie
3035,I should probably cook this first.,29116,True,1.0,13000.0,1.0,1.0,Raw sunlight antelope.png,Raw sunlight antelope
3036,I should try cooking this.,371,False,32.0,15000.0,80.0,48.0,Raw swordfish.png,Raw swordfish
3037,I should try cooking this.,31553,True,40.0,,100.0,60.0,Raw swordtip squid.png,Raw swordtip squid
3038,I should try cooking this.,335,False,4.0,15000.0,10.0,6.0,Raw trout.png,Raw trout
3039,I should try cooking this.,359,False,16.0,15000.0,40.0,24.0,Raw tuna.png,Raw tuna
3040,I need to cook this first.,1859,True,1.0,11000.0,2.0,1.0,Raw ugthanki meat.png,Raw ugthanki meat
3041,Better cook this carefully.,29104,True,1.0,13000.0,1.0,1.0,Raw wild kebbit.png,Raw wild kebbit
3042,"Good as it looks, I'd better cook it.",7206,True,36.0,13000.0,91.0,54.0,Raw wild pie.png,Raw wild pie
3043,I need to cook this.,10816,True,1.0,11000.0,2.0,1.0,Raw yak meat.png,Raw yak meat
3044,I should try cooking this.,32325,True,68.0,15000.0,170.0,102.0,Raw yellowfin.png,Raw yellowfin
3045,The barbed tip of a ray's tail.,31959,True,3200.0,15.0,8000.0,4800.0,Ray barbs.png,Ray barbs
3046,A small round red bead.,1470,False,1.0,11000.0,4.0,2.0,Red bead.png,Red bead
3047,Parlez-vous francais?,12247,True,32.0,4.0,80.0,48.0,Red beret.png,Red beret
3048,Stylish!,7319,True,90.0,4.0,225.0,135.0,Red boater.png,Red boater
3049,Very stylish!,2904,False,200.0,150.0,500.0,300.0,Red boots.png,Red boots
3050,A bright red cape.,1007,False,1.0,150.0,2.0,1.0,Red cape.png,Red cape
3051,All for one and one for all!,12323,True,80.0,4.0,200.0,120.0,Red cavalier.png,Red cavalier
3052,Even more volatile than its vegetarian counterpart.,10034,True,64.0,7000.0,160.0,96.0,Red chinchompa.png,Red chinchompa
3053,You'll need something to break through that shell.,31671,True,40.0,,100.0,60.0,Red crab.png,Red crab
3054,This looks tricky to eat.,31689,True,40.0,,100.0,60.0,Red crab meat.png,Red crab meat
3055,Made from 100% real dragonhide.,2501,True,4492.0,70.0,11230.0,6738.0,Red d'hide body.png,Red d'hide body
3056,Made from 100% real dragonhide. With colourful trim!,12327,True,4492.0,8.0,11230.0,6738.0,Red d'hide body (g).png,Red d'hide body (g)
3057,Made from 100% real dragonhide. With colourful trim!,12331,True,4492.0,8.0,11230.0,6738.0,Red d'hide body (t).png,Red d'hide body (t)
3058,Made from 100% real dragonhide.,2495,True,2072.0,70.0,5180.0,3108.0,Red d'hide chaps.png,Red d'hide chaps
3059,Made from 100% real dragonhide. With colourful trim!,12329,True,2072.0,8.0,5180.0,3108.0,Red d'hide chaps (g).png,Red d'hide chaps (g)
3060,Made from 100% real dragonhide. With colourful trim!,12333,True,2072.0,8.0,5180.0,3108.0,Red d'hide chaps (t).png,Red d'hide chaps (t)
3061,A solid magic wood shield covered in red dragon leather.,22281,True,4400.0,125.0,11000.0,6600.0,Red d'hide shield.png,Red d'hide shield
3062,Vambraces made from 100% real dragonhide.,2489,True,1440.0,70.0,3600.0,2160.0,Red d'hide vambraces.png,Red d'hide vambraces
3063,It's a piece of prepared red dragonhide.,2507,True,36.0,11000.0,90.0,54.0,Red dragon leather.png,Red dragon leather
3064,Do I look scary?,12522,True,4000.0,4.0,10000.0,6000.0,Red dragon mask.png,Red dragon mask
3065,The scaly rough hide from a Red Dragon.,1749,True,58.0,11000.0,145.0,87.0,Red dragonhide.png,Red dragonhide
3066,"A set containing a red dragonhide body, chaps and vambraces.",12869,True,2000.0,70.0,5000.0,3000.0,Red dragonhide set.png,Red dragonhide set
3067,A little bottle of red dye.,1763,False,2.0,150.0,5.0,3.0,Red dye.png,Red dye
3068,A well made elegant ladies' red blouse.,10424,True,800.0,4.0,2000.0,1200.0,Red elegant blouse.png,Red elegant blouse
3069,A rather elegant pair of men's red pantaloons.,10406,True,800.0,4.0,2000.0,1200.0,Red elegant legs.png,Red elegant legs
3070,A well made elegant men's red shirt.,10404,True,800.0,4.0,2000.0,1200.0,Red elegant shirt.png,Red elegant shirt
3071,A rather elegant red skirt.,10426,True,800.0,4.0,2000.0,1200.0,Red elegant skirt.png,Red elegant skirt
3072,A vivid red feather.,10088,True,4.0,8000.0,10.0,6.0,Red feather.png,Red feather
3073,Makes firelighting a lot easier.,7329,True,6.0,250.0,15.0,9.0,Red firelighter.png,Red firelighter
3074,A posy of flowers.,2462,True,40.0,150.0,100.0,60.0,Red flowers.png,Red flowers
3075,These will keep my hands warm!,2912,False,200.0,150.0,500.0,300.0,Red gloves.png,Red gloves
3076,Aaaarrrghhh ... I'm a monster.,1057,False,6.0,5.0,15.0,9.0,Red halloween mask.png,Red halloween mask
3077,A silly pointed hat.,2910,True,200.0,150.0,500.0,300.0,Red hat.png,Red hat
3078,A minimalist's hat.,2645,True,16.0,4.0,40.0,24.0,Red headband.png,Red headband
3079,A nice hat from a cracker.,1038,False,1.0,5.0,1.0,1.0,Red partyhat.png,Red partyhat
3080,Made by werewolves for werewolves.,2908,True,200.0,150.0,500.0,300.0,Red robe bottoms.png,Red robe bottoms
3081,Some fine werewolf clothing.,2906,True,200.0,150.0,500.0,300.0,Red robe top.png,Red robe top
3082,Slightly slimy but certainly striking.,10147,True,60.0,125.0,150.0,90.0,Red salamander.png,Red salamander
3083,Ewww!,223,False,2.0,13000.0,7.0,4.0,Red spiders' eggs.png,Red spiders' eggs
3084,Vambraces made from 100% real dragonhide. Now with added spikiness.,10083,True,1440.0,125.0,3600.0,2160.0,Red spiky vambraces.png,Red spiky vambraces
3085,A semi precious stone.,1613,True,80.0,11000.0,200.0,120.0,Red topaz.png,Red topaz
3086,A jungle specific slashing device.,6317,True,800.0,15.0,2000.0,1200.0,Red topaz machete.png,Red topaz machete
3087,Very bright red berries.,1951,False,1.0,13000.0,3.0,1.0,Redberries.png,Redberries
3088,Looks tasty.,2325,False,4.0,15.0,12.0,7.0,Redberry pie.png,Redberry pie
3089,A redberry bush seed - plant in a bush patch.,5101,True,1.0,600.0,4.0,2.0,Redberry seed 5.png,Redberry seed
3090,Feed and catch the birds by placing this in the right spot.,22204,True,2.0,250.0,5.0,3.0,Redwood bird house.png,Redwood bird house
3091,A decorative staff that provides support when hiking.,31049,True,160.0,,400.0,240.0,Redwood hiking staff.png,Redwood hiking staff
3092,Logs cut from a redwood tree.,19669,True,180.0,12000.0,450.0,270.0,Redwood logs.png,Redwood logs
3093,Redwood logs prepared with sacred oil for a funeral pyre.,19672,True,358.0,11000.0,895.0,537.0,Redwood pyre logs.png,Redwood pyre logs
3094,This sapling is ready to be replanted in a Redwood patch.,22859,True,1.0,100.0,1.0,1.0,Redwood sapling.png,Redwood sapling
3095,A solid redwood shield.,22266,True,512.0,18000.0,1280.0,768.0,Redwood shield.png,Redwood shield
3096,Plant this in a plantpot of soil to grow a sapling.,22871,True,260.0,200.0,650.0,390.0,Redwood tree seed 5.png,Redwood tree seed
3097,Helps to restore Hitpoints.,11133,True,80800.0,70.0,202000.0,121200.0,Regen bracelet.png,Regen bracelet
3098,"1 dose of Relicym's balm, which helps cure disease.",4848,True,30.0,2000.0,75.0,45.0,Relicym's balm(1).png,Relicym's balm(1)
3099,"2 doses of Relicym's balm, which helps cure disease.",4846,True,60.0,2000.0,150.0,90.0,Relicym's balm(2).png,Relicym's balm(2)
3100,"3 doses of Relicym's balm, which helps cure disease.",4844,True,80.0,2000.0,200.0,120.0,Relicym's balm(3).png,Relicym's balm(3)
3101,"4 doses of Relicym's balm, which helps cure disease.",4842,True,90.0,2000.0,225.0,135.0,Relicym's balm(4).png,Relicym's balm(4)
3102,One dose of fishy Relicym's balm.,11439,True,30.0,2000.0,75.0,45.0,Relicym's mix(1).png,Relicym's mix(1)
3103,Two doses of fishy Relicym's balm.,11437,True,60.0,2000.0,150.0,90.0,Relicym's mix(2).png,Relicym's mix(2)
3104,A simple wooden boat repair kit.,31964,True,60.0,13000.0,150.0,90.0,Repair kit.png,Repair kit
3105,One dose of fishy restore potion.,11451,True,17.0,2000.0,44.0,26.0,Restore mix(1).png,Restore mix(1)
3106,Two doses of fishy restore potion.,11449,True,26.0,2000.0,66.0,39.0,Restore mix(2).png,Restore mix(2)
3107,1 dose of restore potion.,131,True,17.0,2000.0,44.0,26.0,Restore potion(1).png,Restore potion(1)
3108,2 doses of restore potion.,129,True,26.0,2000.0,66.0,39.0,Restore potion(2).png,Restore potion(2)
3109,3 doses of restore potion.,127,True,35.0,2000.0,88.0,52.0,Restore potion(3).png,Restore potion(3)
3110,4 doses of restore potion.,2430,True,44.0,2000.0,110.0,66.0,Restore potion(4).png,Restore potion(4)
3111,Teleports you to the Revenant cave in the Wilderness.,21802,True,4.0,15000.0,10.0,6.0,Revenant cave teleport.png,Revenant cave teleport
3112,Ethereal essence of the revenants.,21820,True,100.0,30000.0,250.0,150.0,Revenant ether 5.png,Revenant ether
3113,A slightly damaged ribcage.,6165,True,24.0,11000.0,60.0,36.0,Ribcage piece.png,Ribcage piece
3114,A black piece of cloth on a string.,1025,True,1.0,150.0,2.0,1.0,Right eye patch.png,Right eye patch
3115,Used to make rings.,1592,False,2.0,40.0,5.0,3.0,Ring mould.png,Ring mould
3116,"Makes you look like something really old, for those moments when you want that.",23185,False,4800.0,4.0,12000.0,7200.0,Ring of 3rd age.png,Ring of 3rd age
3117,A valuable ring.,20017,False,3200.0,4.0,8000.0,4800.0,Ring of coins.png,Ring of coins
3118,An enchanted ring.,2552,True,510.0,15000.0,1275.0,765.0,Ring of dueling(8).png,Ring of dueling(8)
3119,I wonder if this ring helps with...,24844,True,25600.0,5.0,64000.0,38400.0,Ring of endurance (uncharged).png,Ring of endurance (uncharged)
3120,An enchanted ring.,2568,False,810.0,10000.0,2025.0,1215.0,Ring of forging.png,Ring of forging
3121,An enchanted ring.,2570,True,1410.0,10000.0,3525.0,2115.0,Ring of life.png,Ring of life
3122,A ring shaped like the nature rune symbol.,20005,False,3200.0,4.0,8000.0,4800.0,Ring of nature.png,Ring of nature
3123,This ring can reveal a hunter creature's track.,21126,True,420.0,100.0,1050.0,630.0,Ring of pursuit.png,Ring of pursuit
3124,An enchanted ring.,2550,True,360.0,15000.0,900.0,540.0,Ring of recoil.png,Ring of recoil
3125,This ring returns you to your spawn point.,21129,True,510.0,10000.0,1275.0,765.0,Ring of returning.png,Ring of returning(5)
3126,An enchanted ring.,6583,True,80800.0,70.0,202000.0,121200.0,Ring of stone.png,Ring of stone
3127,A deep sense of suffering burns within this powerful ring.,19550,True,80400.0,8.0,201000.0,120600.0,Ring of suffering.png,Ring of suffering
3128,A mystical ring.,26815,True,800.0,,2000.0,1200.0,Ring of the elements.png,Ring of the elements
3129,An ancient ring said to bring you closer to the Gods.,12601,True,20000.0,8.0,50000.0,30000.0,Ring of the gods.png,Ring of the gods
3130,It can be charged at the Fountain of Rune.,2572,True,7050.0,10000.0,17625.0,10575.0,Ring of wealth.png,Ring of wealth
3131,An enchanted ring with five teleport charges.,11980,True,7050.0,10000.0,17625.0,10575.0,Ring of wealth (5).png,Ring of wealth (5)
3132,Use on a Ring of Wealth to imbue the ring.,12783,True,2000.0,10000.0,5000.0,3000.0,Ring of wealth scroll.png,Ring of wealth scroll
3133,I can use items with this for nature offerings.,28154,True,40.0,,100.0,60.0,Ritual mulch.png,Ritual mulch
3134,The remains of a deadly shade.,3400,True,1.0,7500.0,1.0,1.0,Riyl remains.png,Riyl remains
3135,A delicious looking slab of roast beast.,9988,True,10.0,6000.0,25.0,15.0,Roast beast meat.png,Roast beast meat
3136,A nicely roasted bird.,9980,True,6.0,6000.0,17.0,10.0,Roast bird meat.png,Roast bird meat
3137,A delicious looking piece of roast rabbit.,7223,True,8.0,6000.0,20.0,12.0,Roast rabbit.png,Roast rabbit
3138,A dark power is woven into this robe bottom.,20137,True,32000.0,70.0,80000.0,48000.0,Robe bottom of darkness.png,Robe bottom of darkness
3139,A dark power is woven into this robe top.,20131,True,48000.0,70.0,120000.0,72000.0,Robe top of darkness.png,Robe top of darkness
3140,Endorsed by Robin Hood.,2581,True,180.0,8.0,450.0,270.0,Robin hood hat.png,Robin hood hat
3141,I can even smash stone with this.,4162,True,200.0,40.0,500.0,300.0,Rock hammer.png,Rock hammer
3142,Smash gargoyles from a distance.,21754,True,80.0,11000.0,200.0,120.0,Rock thrownhammer.png,Rock thrownhammer
3143,These boots were made for trolling.,2203,True,1.0,0.0,1.0,1.0,Rock-climbing boots.png,Rock-climbing boots
3144,"A set containing a Rock-shell helm, Rock-shell plate, Rock-shell legs, Rock-shell boots and Rock-shell gloves.",31151,True,58000.0,,145000.0,87000.0,Rock-shell armour set.png,Rock-shell armour set
3145,"Some Fremennik boots, made from the shards of a rock crab's shell.",6145,True,260.0,125.0,650.0,390.0,Rock-shell boots.png,Rock-shell boots
3146,A spherical chunk of rock-shell.,6157,True,24.0,11000.0,60.0,36.0,Rock-shell chunk.png,Rock-shell chunk
3147,Fremennik gloves stitched together from rock crab shell shards.,6151,True,260.0,125.0,650.0,390.0,Rock-shell gloves.png,Rock-shell gloves
3148,Protective headwear made from crabs. Better than that sounds.,6128,True,14080.0,70.0,35200.0,21120.0,Rock-shell helm.png,Rock-shell helm
3149,Some tough leggings made from rock crab parts.,6130,True,25600.0,70.0,64000.0,38400.0,Rock-shell legs.png,Rock-shell legs
3150,A sturdy body armour made from rock crab pieces.,6129,True,26000.0,70.0,65000.0,39000.0,Rock-shell plate.png,Rock-shell plate
3151,A curved piece of rock-shell.,6159,True,24.0,11000.0,60.0,36.0,Rock-shell shard.png,Rock-shell shard
3152,A slim piece of rock-shell.,6161,True,24.0,11000.0,60.0,36.0,Rock-shell splinter.png,Rock-shell splinter
3153,How does it all fit in there?,8500,True,4.0,500.0,10.0,6.0,Rocking chair (flatpack).png,Rocking chair (flatpack)
3154,"Roe, or cheap fishy eggs.",11324,True,8.0,13000.0,20.0,12.0,Roe.png,Roe
3155,That's how I roll!,7445,True,5760.0,50.0,14400.0,8640.0,Rolling pin.png,Rolling pin
3156,A coil of rope.,954,False,7.0,250.0,18.0,10.0,Rope.png,Rope
3157,Some rosemary.,6014,True,1.0,600.0,2.0,1.0,Rosemary.png,Rosemary
3158,A rosemary seed - plant in a flower patch.,5097,True,1.0,600.0,4.0,2.0,Rosemary seed 5.png,Rosemary seed
3159,Breath powered dart delivering system with a hint of rosewood.,31585,True,1920.0,,4800.0,2880.0,Rosewood blowpipe (empty).png,Rosewood blowpipe (empty)
3160,Parts for creating a rosewood hull for a boat.,32059,True,7500.0,100.0,18750.0,11250.0,Rosewood hull parts.png,Rosewood hull parts
3161,Logs cut from a rosewood tree.,32910,True,192.0,,480.0,288.0,Rosewood logs.png,Rosewood logs
3162,A plank of exotic rosewood.,31438,True,600.0,,1500.0,900.0,Rosewood plank.png,Rosewood plank
3163,Rosewood logs prepared with sacred oil for a funeral pyre.,31389,True,384.0,,960.0,576.0,Rosewood pyre logs.png,Rosewood pyre logs
3164,An excellent boat repair kit made from rosewood.,31982,True,2000.0,13000.0,5000.0,3000.0,Rosewood repair kit.png,Rosewood repair kit
3165,This sapling is ready to be replanted in a tree patch.,31508,True,1.0,,1.0,1.0,Rosewood sapling.png,Rosewood sapling
3166,Plant this in a plantpot of soil to grow a sapling.,31551,True,32.0,200.0,80.0,48.0,Rosewood seed 5.png,Rosewood seed
3167,Who said I'd never be royal?,12397,True,2400.0,4.0,6000.0,3600.0,Royal crown.png,Royal crown
3168,Feeling distinctly ornate.,12395,True,2000.0,4.0,5000.0,3000.0,Royal gown bottom.png,Royal gown bottom
3169,Feeling distinctly ornate.,12393,True,2000.0,4.0,5000.0,3000.0,Royal gown top.png,Royal gown top
3170,I dub thee...,12439,True,2000.0,4.0,5000.0,3000.0,Royal sceptre.png,Royal sceptre
3171,This looks valuable.,1603,False,400.0,13000.0,1000.0,600.0,Ruby.png,Ruby
3172,I wonder if I can get this enchanted.,1698,False,810.0,10000.0,2025.0,1215.0,Ruby amulet.png,Ruby amulet
3173,It needs a string so I can wear it.,1679,False,810.0,10000.0,2025.0,1215.0,Ruby amulet (u).png,Ruby amulet (u)
3174,Ruby bolt tips.,9191,True,26.0,11000.0,67.0,40.0,Ruby bolt tips 5.png,Ruby bolt tips
3175,Ruby tipped Adamantite crossbow bolts.,9339,True,50.0,11000.0,125.0,75.0,Ruby bolts 5.png,Ruby bolts
3176,Enchanted Ruby tipped Adamantite Crossbow Bolts.,9242,True,55.0,11000.0,138.0,82.0,Ruby bolts (e) 5.png,Ruby bolts (e)
3177,I wonder if this is valuable.,11085,True,930.0,10000.0,2325.0,1395.0,Ruby bracelet.png,Ruby bracelet
3178,"Dragon crossbow bolts, tipped with ruby.",21967,True,320.0,11000.0,800.0,480.0,Ruby dragon bolts 5.png,Ruby dragon bolts
3179,"Enchanted Dragon crossbow bolts, tipped with ruby.",21944,True,332.0,11000.0,830.0,498.0,Ruby dragon bolts (e) 5.png,Ruby dragon bolts (e)
3180,There's a ruby harvest butterfly in here.,10020,True,7.0,125.0,18.0,10.0,Ruby harvest (item).png,Ruby harvest (item)
3181,There's a ruby harvest butterfly in here.,29204,True,7.0,,18.0,10.0,Ruby harvest mix (1).png,Ruby harvest mix (1)
3182,There's a ruby harvest butterfly in here.,29186,True,7.0,,18.0,10.0,Ruby harvest mix (2).png,Ruby harvest mix (2)
3183,I wonder if this is valuable.,1660,False,870.0,18000.0,2175.0,1305.0,Ruby necklace.png,Ruby necklace
3184,A valuable ring.,1641,False,810.0,10000.0,2025.0,1215.0,Ruby ring.png,Ruby ring
3185,A strong spirit with a bold flavour.,28896,True,2.0,,5.0,3.0,Rum.png,Rum
3186,Alcohol in the loosest sense of the word.,8941,True,80.0,,200.0,120.0,Rum (blue).png,Rum (blue)
3187,Alcohol in the loosest sense of the word.,8940,True,80.0,,200.0,120.0,Rum (red).png,Rum (red)
3188,A two handed sword.,1319,False,25600.0,70.0,64000.0,38400.0,Rune 2h sword.png,Rune 2h sword
3189,"A set containing a full helm, platebody, legs and kiteshield.",13024,False,30000.0,8.0,75000.0,45000.0,Rune armour set (lg).png,Rune armour set (lg)
3190,"A set containing a full helm, platebody, skirt and kiteshield.",13026,False,30000.0,8.0,75000.0,45000.0,Rune armour set (sk).png,Rune armour set (sk)
3191,Arrows with rune heads.,892,True,160.0,11000.0,400.0,240.0,Rune arrow 5.png,Rune arrow
3192,Venomous-looking arrows.,893,True,160.0,11000.0,400.0,240.0,Rune arrow(p) 5.png,Rune arrow(p)
3193,Venomous-looking arrows.,5621,True,160.0,11000.0,400.0,240.0,Rune arrow(p+) 5.png,Rune arrow(p+)
3194,Venomous-looking arrows.,5627,True,160.0,11000.0,400.0,240.0,Rune arrow(p++) 5.png,Rune arrow(p++)
3195,I can make some arrows with these.,44,True,80.0,10000.0,200.0,120.0,Rune arrowtips.png,Rune arrowtips
3196,A powerful axe.,1359,False,5120.0,40.0,12800.0,7680.0,Rune axe.png,Rune axe
3197,A vicious looking axe.,1373,False,16640.0,70.0,41600.0,24960.0,Rune battleaxe.png,Rune battleaxe
3198,These will protect my feet.,4131,True,5000.0,70.0,12500.0,7500.0,Rune boots.png,Rune boots
3199,Blunt rune arrow... ouch.,4803,True,180.0,11000.0,450.0,270.0,Rune brutal 5.png,Rune brutal
3200,A dragonstone topped cane.,12379,True,5760.0,4.0,14400.0,8640.0,Rune cane.png,Rune cane
3201,Ammo suited for a boat's cannon.,31914,True,560.0,11000.0,1400.0,840.0,Rune cannonball.png,Rune cannonball
3202,A series of connected metal rings.,1113,False,20000.0,70.0,50000.0,30000.0,Rune chainbody.png,Rune chainbody
3203,A set of fighting claws.,3101,True,4800.0,70.0,12000.0,7200.0,Rune claws.png,Rune claws
3204,A runite crossbow.,9185,True,6480.0,70.0,16200.0,9720.0,Rune crossbow.png,Rune crossbow
3205,A powerful dagger.,1213,False,3200.0,70.0,8000.0,4800.0,Rune dagger.png,Rune dagger
3206,The blade is covered with a nasty poison.,1229,True,3200.0,70.0,8000.0,4800.0,Rune dagger(p).png,Rune dagger(p)
3207,The blade is covered with a nasty poison.,5678,True,3200.0,70.0,8000.0,4800.0,Rune dagger(p+).png,Rune dagger(p+)
3208,The blade is covered with a nasty poison.,5696,True,3200.0,70.0,8000.0,4800.0,Rune dagger(p++).png,Rune dagger(p++)
3209,A deadly throwing dart with a rune tip.,811,True,140.0,11000.0,350.0,210.0,Rune dart.png,Rune dart
3210,A deadly-looking dart tip made of runite - needs feathers for flight.,824,True,70.0,11000.0,175.0,105.0,Rune dart tip.png,Rune dart tip
3211,A deadly poisoned dart with a rune tip.,817,True,140.0,11000.0,350.0,210.0,Rune dart(p).png,Rune dart(p)
3212,A deadly poisoned dart with a rune tip.,5634,True,140.0,11000.0,350.0,210.0,Rune dart(p+).png,Rune dart(p+)
3213,A deadly poisoned dart with a rune tip.,5641,True,140.0,11000.0,350.0,210.0,Rune dart(p++).png,Rune dart(p++)
3214,Use on the rune defender to trim it with gold.,23227,True,2000.0,4.0,5000.0,3000.0,Rune defender ornament kit.png,Rune defender ornament kit
3215,Do I look scary?,23273,True,4000.0,4.0,10000.0,6000.0,Rune dragon mask.png,Rune dragon mask
3216,An unimbued rune.,1436,False,1.0,20000.0,4.0,2.0,Rune essence.png,Rune essence
3217,A woodcutter's axe.,28214,True,5120.0,,12800.0,7680.0,Rune felling axe.png,Rune felling axe
3218,A full face helmet.,1163,False,14080.0,70.0,35200.0,21120.0,Rune full helm.png,Rune full helm
3219,Rune full helmet with gold trim.,2619,False,14080.0,8.0,35200.0,21120.0,Rune full helm (g).png,Rune full helm (g)
3220,Rune full helmet with trim.,2627,False,14080.0,8.0,35200.0,21120.0,Rune full helm (t).png,Rune full helm (t)
3221,"A set containing a full helm, platebody, legs and kiteshield.",13032,False,32000.0,8.0,80000.0,48000.0,Rune gold-trimmed set (lg).png,Rune gold-trimmed set (lg)
3222,"A set containing a full helm, platebody, skirt and kiteshield.",13034,False,32000.0,8.0,80000.0,48000.0,Rune gold-trimmed set (sk).png,Rune gold-trimmed set (sk)
3223,A rune halberd.,3202,True,25600.0,70.0,64000.0,38400.0,Rune halberd.png,Rune halberd
3224,"A rune-tipped, one-handed hasta.",11377,True,8320.0,70.0,20800.0,12480.0,Rune hasta.png,Rune hasta
3225,"A poison-tipped, one-handed rune hasta.",11414,True,8320.0,70.0,20800.0,12480.0,Rune hasta(p).png,Rune hasta(p)
3226,"A poison-tipped, one-handed rune hasta.",11417,True,8320.0,70.0,20800.0,12480.0,Rune hasta(p+).png,Rune hasta(p+)
3227,"A poison-tipped, one-handed rune hasta.",11419,True,8320.0,70.0,20800.0,12480.0,Rune hasta(p++).png,Rune hasta(p++)
3228,A rune helmet with a heraldic design.,10286,False,14080.0,70.0,35200.0,21120.0,Rune helm (h1).png,Rune helm (h1)
3229,A rune helmet with a heraldic design.,10288,False,14080.0,70.0,35200.0,21120.0,Rune helm (h2).png,Rune helm (h2)
3230,A rune helmet with a heraldic design.,10290,False,14080.0,70.0,35200.0,21120.0,Rune helm (h3).png,Rune helm (h3)
3231,A rune helmet with a heraldic design.,10292,False,14080.0,70.0,35200.0,21120.0,Rune helm (h4).png,Rune helm (h4)
3232,A rune helmet with a heraldic design.,10294,False,14080.0,70.0,35200.0,21120.0,Rune helm (h5).png,Rune helm (h5)
3233,A rune tipped javelin.,830,True,160.0,11000.0,400.0,240.0,Rune javelin.png,Rune javelin
3234,Needs a shaft.,19580,True,540.0,10000.0,1350.0,810.0,Rune javelin tips 5.png,Rune javelin tips
3235,A rune tipped javelin.,836,True,160.0,7000.0,400.0,240.0,Rune javelin(p).png,Rune javelin(p)
3236,A rune tipped javelin.,5647,True,160.0,11000.0,400.0,240.0,Rune javelin(p+).png,Rune javelin(p+)
3237,A rune tipped javelin.,5653,True,160.0,11000.0,400.0,240.0,Rune javelin(p++).png,Rune javelin(p++)
3238,Parts for creating a runite keel for a boat.,32014,True,8000.0,100.0,20000.0,12000.0,Rune keel parts.png,Rune keel parts
3239,A large metal shield.,1201,False,21760.0,70.0,54400.0,32640.0,Rune kiteshield.png,Rune kiteshield
3240,Rune kiteshield with gold trim.,2621,False,21760.0,8.0,54400.0,32640.0,Rune kiteshield (g).png,Rune kiteshield (g)
3241,Rune kiteshield with trim.,2629,False,21760.0,8.0,54400.0,32640.0,Rune kiteshield (t).png,Rune kiteshield (t)
3242,A finely balanced throwing knife.,868,True,66.0,11000.0,167.0,100.0,Rune knife.png,Rune knife
3243,A finely balanced throwing knife.,876,True,66.0,7000.0,166.0,99.0,Rune knife(p).png,Rune knife(p)
3244,A finely balanced throwing knife.,5660,True,66.0,7000.0,166.0,99.0,Rune knife(p+).png,Rune knife(p+)
3245,A finely balanced throwing knife.,5667,True,66.0,7000.0,166.0,99.0,Rune knife(p++).png,Rune knife(p++)
3246,A razor sharp longsword.,1303,False,12800.0,70.0,32000.0,19200.0,Rune longsword.png,Rune longsword
3247,A spiky mace.,1432,False,5760.0,70.0,14400.0,8640.0,Rune mace.png,Rune mace
3248,A medium sized helmet.,1147,False,7680.0,70.0,19200.0,11520.0,Rune med helm.png,Rune med helm
3249,Keeps things in place fairly permanently.,4824,True,88.0,13000.0,220.0,132.0,Rune nails.png,Rune nails
3250,Used for mining.,1275,False,12800.0,40.0,32000.0,19200.0,Rune pickaxe.png,Rune pickaxe
3251,Provides excellent protection.,1127,False,26000.0,70.0,65000.0,39000.0,Rune platebody.png,Rune platebody
3252,Rune platebody with gold trim.,2615,False,26000.0,8.0,65000.0,39000.0,Rune platebody (g).png,Rune platebody (g)
3253,Provides excellent protection with a heraldic design.,23209,False,26000.0,8.0,65000.0,39000.0,Rune platebody (h1).png,Rune platebody (h1)
3254,Provides excellent protection with a heraldic design.,23212,False,26000.0,8.0,65000.0,39000.0,Rune platebody (h2).png,Rune platebody (h2)
3255,Provides excellent protection with a heraldic design.,23215,False,26000.0,8.0,65000.0,39000.0,Rune platebody (h3).png,Rune platebody (h3)
3256,Provides excellent protection with a heraldic design.,23218,False,26000.0,8.0,65000.0,39000.0,Rune platebody (h4).png,Rune platebody (h4)
3257,Provides excellent protection with a heraldic design.,23221,False,26000.0,8.0,65000.0,39000.0,Rune platebody (h5).png,Rune platebody (h5)
3258,Rune platebody with trim.,2623,False,26000.0,8.0,65000.0,39000.0,Rune platebody (t).png,Rune platebody (t)
3259,These look pretty heavy.,1079,False,25600.0,70.0,64000.0,38400.0,Rune platelegs.png,Rune platelegs
3260,Rune platelegs with gold trim.,2617,False,25600.0,8.0,64000.0,38400.0,Rune platelegs (g).png,Rune platelegs (g)
3261,Rune platelegs with trim.,2625,False,25600.0,8.0,64000.0,38400.0,Rune platelegs (t).png,Rune platelegs (t)
3262,Designer leg protection.,1093,False,25600.0,70.0,64000.0,38400.0,Rune plateskirt.png,Rune plateskirt
3263,Rune plateskirt with gold trim.,3476,False,25600.0,8.0,64000.0,38400.0,Rune plateskirt (g).png,Rune plateskirt (g)
3264,Rune plateskirt with trim.,3477,False,25600.0,8.0,64000.0,38400.0,Rune plateskirt (t).png,Rune plateskirt (t)
3265,A note that may be exchanged at a bank for a Rune Pouch.,24587,True,84.0,40.0,210.0,126.0,Rune pouch note.png,Rune pouch note
3266,"A vicious, curved sword.",1333,False,10240.0,70.0,25600.0,15360.0,Rune scimitar.png,Rune scimitar
3267,Use on a rune scimitar to make it look fancier!,23321,False,2000.0,4.0,5000.0,3000.0,Rune scimitar ornament kit (guthix).png,Rune scimitar ornament kit (guthix)
3268,Use on a rune scimitar to make it look fancier!,23324,False,2000.0,4.0,5000.0,3000.0,Rune scimitar ornament kit (saradomin).png,Rune scimitar ornament kit (saradomin)
3269,Use on a rune scimitar to make it look fancier!,23327,False,2000.0,4.0,5000.0,3000.0,Rune scimitar ornament kit (zamorak).png,Rune scimitar ornament kit (zamorak)
3270,A shield with a heraldic design,7336,False,21760.0,70.0,54400.0,32640.0,Rune shield (h1).png,Rune shield (h1)
3271,A shield with a heraldic design,7342,False,21760.0,70.0,54400.0,32640.0,Rune shield (h2).png,Rune shield (h2)
3272,A shield with a heraldic design,7348,False,21760.0,70.0,54400.0,32640.0,Rune shield (h3).png,Rune shield (h3)
3273,A shield with a heraldic design,7354,False,21760.0,70.0,54400.0,32640.0,Rune shield (h4).png,Rune shield (h4)
3274,A shield with a heraldic design,7360,False,21760.0,70.0,54400.0,32640.0,Rune shield (h5).png,Rune shield (h5)
3275,A rune tipped spear.,1247,True,8320.0,70.0,20800.0,12480.0,Rune spear.png,Rune spear
3276,A poisoned rune tipped spear.,1261,True,8320.0,70.0,20800.0,12480.0,Rune spear(p).png,Rune spear(p)
3277,A poisoned rune tipped spear.,5714,True,8320.0,70.0,20800.0,12480.0,Rune spear(p+).png,Rune spear(p+)
3278,A poisoned rune tipped spear.,5728,True,8320.0,70.0,20800.0,12480.0,Rune spear(p++).png,Rune spear(p++)
3279,A medium square shield.,1185,False,15360.0,70.0,38400.0,23040.0,Rune sq shield.png,Rune sq shield
3280,A razor sharp sword.,1289,False,8320.0,70.0,20800.0,12480.0,Rune sword.png,Rune sword
3281,A finely balanced throwing axe.,805,True,176.0,11000.0,440.0,264.0,Rune thrownaxe.png,Rune thrownaxe
3282,"A set containing a full helm, platebody, legs and kiteshield.",13028,False,32000.0,8.0,80000.0,48000.0,Rune trimmed set (lg).png,Rune trimmed set (lg)
3283,"A set containing a full helm, platebody, skirt and kiteshield.",13030,False,32000.0,8.0,80000.0,48000.0,Rune trimmed set (sk).png,Rune trimmed set (sk)
3284,I don't think it's intended for joinery.,1347,False,16600.0,70.0,41500.0,24900.0,Rune warhammer.png,Rune warhammer
3285,"A rough scroll with faint writing, on a malevolent dark red parchment.",25481,True,240.0,50.0,600.0,360.0,Runescroll of bloodbark.png,Runescroll of bloodbark
3286,"A rough scroll with faint writing, on a deep green parchment.",25478,True,160.0,50.0,400.0,240.0,Runescroll of swampbark.png,Runescroll of swampbark
3287,It's a bar of runite.,2363,False,2000.0,10000.0,5000.0,3000.0,Runite bar.png,Runite bar
3288,Runite crossbow bolts.,9144,True,120.0,11000.0,300.0,180.0,Runite bolts 5.png,Runite bolts
3289,Some poisoned runite bolts.,9291,True,120.0,11000.0,300.0,180.0,Runite bolts (p) 5.png,Runite bolts (p)
3290,Some poisoned runite bolts.,9298,True,120.0,11000.0,300.0,180.0,Runite bolts (p+) 5.png,Runite bolts (p+)
3291,Super poisoned runite bolts.,9305,True,120.0,11000.0,300.0,180.0,Runite bolts (p++) 5.png,Runite bolts (p++)
3292,Unfeathered runite crossbow bolts.,9381,True,1.0,13000.0,1.0,1.0,Runite bolts (unf) 5.png,Runite bolts (unf)
3293,An unstrung runite crossbow.,9465,True,6466.0,10000.0,16167.0,9700.0,Runite crossbow (u).png,Runite crossbow (u)
3294,A pair of runite crossbow limbs.,9431,True,6400.0,10000.0,16000.0,9600.0,Runite limbs.png,Runite limbs
3295,This needs refining.,451,False,1280.0,4500.0,3200.0,1920.0,Runite ore.png,Runite ore
3296,1 dose of sacred Oil.,3436,True,24.0,2000.0,60.0,36.0,Sacred oil(1).png,Sacred oil(1)
3297,2 doses of sacred Oil.,3434,True,30.0,2000.0,75.0,45.0,Sacred oil(2).png,Sacred oil(2)
3298,3 doses of sacred Oil.,3432,True,36.0,2000.0,90.0,54.0,Sacred oil(3).png,Sacred oil(3)
3299,4 doses of sacred Oil.,3430,True,40.0,2000.0,100.0,60.0,Sacred oil(4).png,Sacred oil(4)
3300,Do they make me look... old?,12337,True,560.0,4.0,1400.0,840.0,Sagacious spectacles.png,Sagacious spectacles
3301,"Vodka, apple, lime and... cactus spines?",31261,True,8.0,,20.0,12.0,Sailor's mirage.png,Sailor's mirage
3302,Some nicely cooked salmon.,329,False,12.0,6000.0,30.0,18.0,Salmon.png,Salmon
3303,A power that can be added to compost to make fertiliser.,13421,True,2.0,13000.0,5.0,3.0,Saltpetre.png,Saltpetre
3304,A teleport to the Salve graveyard.,19619,True,1.0,10000.0,1.0,1.0,Salve graveyard teleport (tablet).png,Salve graveyard teleport (tablet)
3305,An aquamarine paint. This might look good on a boat.,32099,True,1.0,,1.0,1.0,Salvor's paint.png,Salvor's paint
3306,Armoured boots of the Samurai.,20047,True,1800.0,70.0,4500.0,2700.0,Samurai boots.png,Samurai boots
3307,Armoured gloves of the Samurai.,20041,True,1280.0,70.0,3200.0,1920.0,Samurai gloves.png,Samurai gloves
3308,Armoured greaves of the Samurai.,20044,True,1280.0,70.0,3200.0,1920.0,Samurai greaves.png,Samurai greaves
3309,A conical hat.,20035,True,1600.0,70.0,4000.0,2400.0,Samurai kasa.png,Samurai kasa
3310,A type of shirt worn by the Samurai.,20038,True,2800.0,70.0,7000.0,4200.0,Samurai shirt.png,Samurai shirt
3311,A large chunk of sandstone.,6977,True,1.0,100.0,1.0,1.0,Sandstone (10kg).png,Sandstone (10kg)
3312,A tiny chunk of sandstone.,6971,True,1.0,100.0,1.0,1.0,Sandstone (1kg).png,Sandstone (1kg)
3313,A small chunk of sandstone.,6973,True,1.0,100.0,1.0,1.0,Sandstone (2kg).png,Sandstone (2kg)
3314,A medium-sized chunk of sandstone.,6975,True,1.0,100.0,1.0,1.0,Sandstone (5kg).png,Sandstone (5kg)
3315,Bottoms worn by a sandwich lady.,23318,False,120.0,4.0,300.0,180.0,Sandwich lady bottom.png,Sandwich lady bottom
3316,A hat worn by a sandwich lady.,23312,False,80.0,4.0,200.0,120.0,Sandwich lady hat.png,Sandwich lady hat
3317,A top worn by a sandwich lady.,23315,False,200.0,4.0,500.0,300.0,Sandwich lady top.png,Sandwich lady top
3318,Can be used as bait for catching anglerfish.,13431,True,36.0,8000.0,90.0,54.0,Sandworms.png,Sandworms
3319,A 1 dose Sanfew Serum.,10931,True,48.0,2000.0,120.0,72.0,Sanfew serum(1).png,Sanfew serum(1)
3320,A 2 dose Sanfew Serum.,10929,True,72.0,2000.0,180.0,108.0,Sanfew serum(2).png,Sanfew serum(2)
3321,A 3 dose Sanfew Serum.,10927,True,96.0,2000.0,240.0,144.0,Sanfew serum(3).png,Sanfew serum(3)
3322,A 4 dose Sanfew Serum.,10925,True,120.0,2000.0,300.0,180.0,Sanfew serum(4).png,Sanfew serum(4)
3323,A sacred staff imbued with the power of blood. It is currently uncharged.,22481,True,2000000.0,8.0,5000000.0,3000000.0,Sanguinesti staff (uncharged).png,Sanguinesti staff (uncharged)
3324,It's a Santa hat.,1050,False,64.0,5.0,160.0,96.0,Santa hat.png,Santa hat
3325,This looks valuable.,1607,False,100.0,13000.0,250.0,150.0,Sapphire.png,Sapphire
3326,I wonder if I can get this enchanted.,1694,False,360.0,10000.0,900.0,540.0,Sapphire amulet.png,Sapphire amulet
3327,It needs a string so I can wear it.,1675,False,360.0,10000.0,900.0,540.0,Sapphire amulet (u).png,Sapphire amulet (u)
3328,Sapphire bolt tips.,9189,True,6.0,11000.0,17.0,10.0,Sapphire bolt tips 5.png,Sapphire bolt tips
3329,Sapphire tipped Mithril crossbow bolts.,9337,True,14.0,11000.0,37.0,22.0,Sapphire bolts 5.png,Sapphire bolts
3330,Enchanted Sapphire tipped Mithril Crossbow Bolts.,9240,True,16.0,11000.0,40.0,24.0,Sapphire bolts (e) 5.png,Sapphire bolts (e)
3331,I wonder if this is valuable.,11072,True,460.0,10000.0,1150.0,690.0,Sapphire bracelet.png,Sapphire bracelet
3332,"Dragon crossbow bolts, tipped with sapphire.",21963,True,300.0,11000.0,750.0,450.0,Sapphire dragon bolts 5.png,Sapphire dragon bolts
3333,"Enchanted Dragon crossbow bolts, tipped with sapphire.",21940,True,312.0,11000.0,780.0,468.0,Sapphire dragon bolts (e) 5.png,Sapphire dragon bolts (e)
3334,There's a sapphire glacialis butterfly in here.,10018,True,12.0,125.0,30.0,18.0,Sapphire glacialis (item).png,Sapphire glacialis (item)
3335,There's a sapphire glacialis butterfly in here.,29198,True,12.0,,30.0,18.0,Sapphire glacialis mix (1).png,Sapphire glacialis mix (1)
3336,There's a sapphire glacialis butterfly in here.,29180,True,12.0,,30.0,18.0,Sapphire glacialis mix (2).png,Sapphire glacialis mix (2)
3337,I wonder if this is valuable.,1656,False,420.0,18000.0,1050.0,630.0,Sapphire necklace.png,Sapphire necklace
3338,A valuable ring.,1637,False,360.0,10000.0,900.0,540.0,Sapphire ring.png,Sapphire ring
3339,Not to be confused with a Sarachnis cuddle.,23528,True,48000.0,70.0,120001.0,72000.0,Sarachnis cudgel.png,Sarachnis cudgel
3340,"A set containing a full helm, platebody, legs and kiteshield.",13040,False,32000.0,8.0,80000.0,48000.0,Saradomin armour set (lg).png,Saradomin armour set (lg)
3341,"A set containing a full helm, platebody, skirt and kiteshield.",13042,False,32000.0,8.0,80000.0,48000.0,Saradomin armour set (sk).png,Saradomin armour set (sk)
3342,Saradomin blessed dragonhide vambraces.,10384,True,1600.0,8.0,4000.0,2400.0,Saradomin bracers.png,Saradomin bracers
3343,1 dose of Saradomin brew.,6691,True,50.0,2000.0,125.0,75.0,Saradomin brew(1).png,Saradomin brew(1)
3344,2 doses of Saradomin brew.,6689,True,60.0,2000.0,150.0,90.0,Saradomin brew(2).png,Saradomin brew(2)
3345,3 doses of Saradomin brew.,6687,True,70.0,2000.0,175.0,105.0,Saradomin brew(3).png,Saradomin brew(3)
3346,4 doses of Saradomin brew.,6685,True,80.0,2000.0,200.0,120.0,Saradomin brew(4).png,Saradomin brew(4)
3347,Saradomin blessed dragonhide chaps.,10388,True,2400.0,8.0,6000.0,3600.0,Saradomin chaps.png,Saradomin chaps
3348,A Saradomin cloak.,10446,True,800.0,8.0,2000.0,1200.0,Saradomin cloak.png,Saradomin cloak
3349,Saradomin blessed dragonhide coif.,10390,True,800.0,8.0,2000.0,1200.0,Saradomin coif.png,Saradomin coif
3350,A Saradomin crozier.,10440,True,2000.0,8.0,5000.0,3000.0,Saradomin crozier.png,Saradomin crozier
3351,Saradomin blessed dragonhide body armour.,10386,True,5200.0,8.0,13000.0,7800.0,Saradomin d'hide body.png,Saradomin d'hide body
3352,Saradomin blessed dragonhide boots.,19933,True,3720.0,8.0,9300.0,5580.0,Saradomin d'hide boots.png,Saradomin d'hide boots
3353,Saradomin blessed wooden shield covered in dragon leather.,23191,True,11333.0,8.0,28334.0,17000.0,Saradomin d'hide shield.png,Saradomin d'hide shield
3354,"A set containing a Saradomin dragonhide coif, body, chaps and vambraces.",13163,True,3600.0,8.0,9000.0,5400.0,Saradomin dragonhide set.png,Saradomin dragonhide set
3355,Rune full helmet in the colours of Saradomin.,2665,False,14080.0,8.0,35200.0,21120.0,Saradomin full helm.png,Saradomin full helm
3356,"A gracious, heavy sword.",11806,True,500000.0,8.0,1250000.0,750000.0,Saradomin godsword.png,Saradomin godsword
3357,Use on a Saradomin godsword to make it look fancier!,20074,True,2000.0,4.0,5000.0,3000.0,Saradomin godsword ornament kit.png,Saradomin godsword ornament kit
3358,Brimming with potential.,11814,True,200000.0,10000.0,500000.0,300000.0,Saradomin hilt.png,Saradomin hilt
3359,Rune kiteshield in the colours of Saradomin.,2667,False,21760.0,8.0,54400.0,32640.0,Saradomin kiteshield.png,Saradomin kiteshield
3360,A Saradomin mitre.,10452,True,2000.0,8.0,5000.0,3000.0,Saradomin mitre.png,Saradomin mitre
3361,A Saradomin Mjolnir.,6762,True,250.0,8.0,625.0,375.0,Saradomin mjolnir.png,Saradomin mjolnir
3362,This seems to have been torn from a book...,3827,True,80.0,5.0,200.0,120.0,Saradomin page 1.png,Saradomin page 1
3363,This seems to have been torn from a book...,3828,True,80.0,5.0,200.0,120.0,Saradomin page 2.png,Saradomin page 2
3364,This seems to have been torn from a book...,3829,True,80.0,5.0,200.0,120.0,Saradomin page 3.png,Saradomin page 3
3365,This seems to have been torn from a book...,3830,True,80.0,5.0,200.0,120.0,Saradomin page 4.png,Saradomin page 4
3366,Rune platebody in the colours of Saradomin.,2661,False,26000.0,8.0,65000.0,39000.0,Saradomin platebody.png,Saradomin platebody
3367,Rune platelegs in the colours of Saradomin.,2663,False,25600.0,8.0,64000.0,38400.0,Saradomin platelegs.png,Saradomin platelegs
3368,Rune plateskirt in the colours of Saradomin.,3479,False,25600.0,8.0,64000.0,38400.0,Saradomin plateskirt.png,Saradomin plateskirt
3369,Leggings from the Saradomin Vestments.,10464,True,2800.0,8.0,7000.0,4200.0,Saradomin robe legs.png,Saradomin robe legs
3370,Saradomin Vestments.,10458,True,2800.0,8.0,7000.0,4200.0,Saradomin robe top.png,Saradomin robe top
3371,A Saradomin stole.,10470,True,1000.0,8.0,2500.0,1500.0,Saradomin stole.png,Saradomin stole
3372,The incredible blade of an Icyene.,11838,True,52000.0,8.0,130000.0,78000.0,Saradomin sword.png,Saradomin sword
3373,The starlight enlightens your mind to dispel the darkness of Zamorakian evil.,13256,True,13840.0,5.0,34600.0,20760.0,Saradomin's light.png,Saradomin's light
3374,"After a terrible battle, Saradomin wept over the wounds of his faithful Zilyana.",12804,True,16000.0,50.0,40000.0,24000.0,Saradomin's tear.png,Saradomin's tear
3375,Some nicely cooked sardines.,325,False,4.0,6000.0,10.0,6.0,Sardine.png,Sardine
3376,This heart holds an ancient magical power within.,27641,True,240000.0,8.0,600000.0,360000.0,Saturated heart.png,Saturated heart
3377,Good for cutting wood.,8794,True,4.0,40.0,10.0,6.0,Saw.png,Saw
3378,Used to provide additional planks at the sawmill.,28628,True,40.0,10000.0,100.0,60.0,Sawmill voucher.png,Sawmill voucher
3379,A scaled blue dragonhide.,27897,True,40.0,,100.0,60.0,Scaly blue dragonhide.png,Scaly blue dragonhide
3380,A bowl of scrambled egg.,7078,True,3.0,13000.0,8.0,4.0,Scrambled egg.png,Scrambled egg
3381,A powerful scythe. It is currently uncharged.,22486,True,1600000.0,8.0,4000000.0,2400000.0,Scythe of vitur (uncharged).png,Scythe of vitur (uncharged)
3382,Tasty!,397,True,80.0,10000.0,200.0,120.0,Sea turtle.png,Sea turtle
3383,It's still warm to the touch.,28931,True,80.0,,200.0,120.0,Searing page.png,Searing page
3384,Sardine flavoured with doogle leaves.,1552,True,4.0,15.0,10.0,6.0,Seasoned sardine.png,Seasoned sardine
3385,Slightly damp seaweed.,401,True,1.0,13000.0,2.0,1.0,Seaweed.png,Seaweed
3386,A seaweed spore - plant in a seaweed patch.,21490,True,8.0,600.0,20.0,12.0,Seaweed spore 5.png,Seaweed spore
3387,Good for pruning away diseased leaves.,5329,True,2.0,40.0,5.0,3.0,Secateurs.png,Secateurs
3388,Collects leaves when chopping trees.,28161,True,40.0,10000.0,100.0,60.0,Secateurs attachment.png,Secateurs attachment
3389,An ingredient for the secateurs attachment.,28159,True,400.0,,1000.0,600.0,Secateurs blade.png,Secateurs blade
3390,WARNING: Contains information which could make your account secure!,9003,False,1.0,15.0,2.0,1.0,Security book.png,Security book
3391,Use this to plant seeds with.,5343,True,2.0,40.0,6.0,3.0,Seed dibber.png,Seed dibber
3392,An ancient Fremennik bow that was once used to battle the Moon Clan.,6724,True,3200.0,8.0,8000.0,4800.0,Seercull.png,Seercull
3393,The icon of an archer.,28304,True,3200.0,,8000.0,4800.0,Seers icon.png,Seers icon
3394,A mysterious ring that can fill the wearer with magical power...,6731,True,4000.0,8.0,10000.0,6000.0,Seers ring.png,Seers ring
3395,A teleport to Senntisten.,12782,True,1.0,10000.0,1.0,1.0,Senntisten teleport (tablet).png,Senntisten teleport (tablet)
3396,Needs to be charged with Zulrah's scales.,12929,True,44000.0,8.0,110000.0,66000.0,Serpentine helm (uncharged).png,Serpentine helm (uncharged)
3397,Maybe you could use a chisel to craft this into a helmet.,12927,True,42000.0,5.0,105000.0,63000.0,Serpentine visage.png,Serpentine visage
3398,1 dose serum 207 as described in Herbi Flax's diary.,3414,True,4.0,2000.0,11.0,6.0,Serum 207 (1).png,Serum 207 (1)
3399,2 doses serum 207 as described in Herbi Flax's diary.,3412,True,5.0,2000.0,13.0,7.0,Serum 207 (2).png,Serum 207 (2)
3400,3 doses serum 207 as described in Herbi Flax's diary.,3410,True,5.0,2000.0,13.0,7.0,Serum 207 (3).png,Serum 207 (3)
3401,4 doses serum 207 as described in Herbi Flax's diary.,3408,True,5.0,2000.0,14.0,8.0,Serum 207 (4).png,Serum 207 (4)
3402,"If a shade had knees, this would keep them nice and warm.",548,False,12.0,125.0,30.0,18.0,Shade robe.png,Shade robe
3403,I feel closer to the gods when I am wearing this.,546,False,16.0,125.0,40.0,24.0,Shade robe top.png,Shade robe top
3404,Large glistening bones which glow with a pale yellow aura.,3123,True,1.0,7500.0,1.0,1.0,Shaikahan bones.png,Shaikahan bones
3405,The mask worn by ogre shamans.,21838,False,3200.0,125.0,8000.0,4800.0,Shaman mask.png,Shaman mask
3406,Allows you to pass through the Shantay pass into the Kharid Desert.,1854,True,2.0,18000.0,5.0,3.0,Shantay pass (item).png,Shantay pass (item)
3407,I'd better be careful eating this.,385,True,68.0,10000.0,170.0,102.0,Shark.png,Shark
3408,Sharks just can't get enough of these,30900,True,4.0,10000.0,10.0,6.0,Shark lure.png,Shark lure
3409,A grey paint. This might look good on a boat.,32090,True,1.0,,1.0,1.0,Shark paint.png,Shark paint
3410,A banner showcasing the colours of Leagues III - Shattered Relics.,26424,True,400.0,,1000.0,600.0,Shattered banner.png,Shattered banner
3411,The boots of a Shattered Relic Hunter.,26436,True,6000.0,,15000.0,9000.0,Shattered boots (t1).png,Shattered boots (t1)
3412,The boots of a Shattered Relic Hunter.,26448,True,6000.0,,15000.0,9000.0,Shattered boots (t2).png,Shattered boots (t2)
3413,The boots of a Shattered Relic Hunter.,26460,True,6000.0,,15000.0,9000.0,Shattered boots (t3).png,Shattered boots (t3)
3414,The cane of a Shattered relic hunter.,26517,True,400.0,,1000.0,600.0,Shattered cane.png,Shattered cane
3415,An ornamental kit for the Dwarf multicannon in the style of Leagues III - Shattered Relics.,26528,True,10000.0,5.0,25000.0,15000.0,Shattered cannon ornament kit.png,Shattered cannon ornament kit
3416,The headgear of a Shattered Relic Hunter.,26427,True,6000.0,,15000.0,9000.0,Shattered hood (t1).png,Shattered hood (t1)
3417,The headgear of a Shattered Relic Hunter.,26439,True,6000.0,,15000.0,9000.0,Shattered hood (t2).png,Shattered hood (t2)
3418,The headgear of a Shattered Relic Hunter.,26451,True,6000.0,,15000.0,9000.0,Shattered hood (t3).png,Shattered hood (t3)
3419,"A set containing Shattered boots (t1), Shattered trousers (t1), Shattered top (t1) and Shattered hood (t1).",26554,True,20000.0,,50000.0,30000.0,Shattered relic hunter (t1) armour set.png,Shattered relic hunter (t1) armour set
3420,"A set containing Shattered boots (t2), Shattered trousers (t2), Shattered top (t2) and Shattered hood (t2).",26557,True,20000.0,,50000.0,30000.0,Shattered relic hunter (t2) armour set.png,Shattered relic hunter (t2) armour set
3421,"A set containing Shattered boots (t3), Shattered trousers (t3), Shattered top (t3) and Shattered hood (t3).",26560,True,20000.0,,50000.0,30000.0,Shattered relic hunter (t3) armour set.png,Shattered relic hunter (t3) armour set
3422,A kit that can be used to apply a Leagues III - Shattered Relics theme to a blue Mystic robe piece.,26541,True,10000.0,5.0,25000.0,15000.0,Shattered relics mystic ornament kit.png,Shattered relics mystic ornament kit
3423,"A kit that can be used to apply a Leagues III - Shattered Relics theme to an Abyssal whip or Tentacle, Rune crossbow or God book piece.",26421,True,10000.0,5.0,25000.0,15000.0,Shattered relics variety ornament kit.png,Shattered relics variety ornament kit
3424,A kit that can be used on void armour to theme it to Leagues III - Shattered Relics.,26479,True,10000.0,5.0,25000.0,15000.0,Shattered relics void ornament kit.png,Shattered relics void ornament kit
3425,A scroll which unlocks the Shattered Relics home teleport animation.,26500,True,10000.0,,25000.0,15000.0,Shattered teleport scroll.png,Shattered teleport scroll
3426,The shirt of a Shattered Relic Hunter.,26430,True,6000.0,,15000.0,9000.0,Shattered top (t1).png,Shattered top (t1)
3427,The shirt of a Shattered Relic Hunter.,26442,True,6000.0,,15000.0,9000.0,Shattered top (t2).png,Shattered top (t2)
3428,The shirt of a Shattered Relic Hunter.,26454,True,6000.0,,15000.0,9000.0,Shattered top (t3).png,Shattered top (t3)
3429,The trousers of a Shattered Relic Hunter.,26433,True,6000.0,,15000.0,9000.0,Shattered trousers (t1).png,Shattered trousers (t1)
3430,The trousers of a Shattered Relic Hunter.,26445,True,6000.0,,15000.0,9000.0,Shattered trousers (t2).png,Shattered trousers (t2)
3431,The trousers of a Shattered Relic Hunter.,26457,True,6000.0,,15000.0,9000.0,Shattered trousers (t3).png,Shattered trousers (t3)
3432,How does it all fit in there?,8596,True,4.0,500.0,10.0,6.0,Shaving stand (flatpack).png,Shaving stand (flatpack)
3433,A war torn banner baring the sigil of house Shayzien.,20263,True,28.0,4.0,70.0,42.0,Shayzien banner.png,Shayzien banner
3434,A rare hood from Shayzien.,20125,True,1.0,4.0,1.0,1.0,Shayzien hood.png,Shayzien hood
3435,A red scarf adorned with a skull.,19955,True,4000.0,4.0,10000.0,6000.0,Shayzien scarf.png,Shayzien scarf
3436,For shearing sheep.,1735,False,1.0,40.0,1.0,1.0,Shears.png,Shears
3437,The left half of a dragon square shield.,2366,True,44000.0,50.0,110000.0,66000.0,Shield left half.png,Shield left half
3438,The right half of a dragon square shield.,2368,True,200000.0,50.0,500000.0,300000.0,Shield right half.png,Shield right half
3439,Allows you passage on the 'Lady of the waves' ship.,621,True,2.0,18000.0,5.0,3.0,Ship ticket.png,Ship ticket
3440,Tiny!,5030,True,180.0,150.0,450.0,270.0,Shirt (brown).png,Shirt (brown)
3441,Tiny!,5034,True,250.0,150.0,625.0,375.0,Shirt (lilac).png,Shirt (lilac)
3442,Tiny!,5032,True,240.0,150.0,600.0,360.0,Shirt (yellow).png,Shirt (yellow)
3443,How does it all fit in there?,8610,True,4.0,500.0,10.0,6.0,Shoe box (flatpack).png,Shoe box (flatpack)
3444,A Short Green Guy... looks good.,2080,True,12.0,2000.0,30.0,18.0,Short green guy.png,Short green guy
3445,Short but effective.,841,False,20.0,18000.0,50.0,30.0,Shortbow.png,Shortbow
3446,I need to find a string for this.,50,True,9.0,10000.0,23.0,13.0,Shortbow (u).png,Shortbow (u)
3447,"Blue shorts, these would look great on dwarves!",5046,True,156.0,150.0,390.0,234.0,Shorts (blue).png,Shorts (blue)
3448,"These look great, on dwarves!",5042,True,112.0,150.0,280.0,168.0,Shorts (brown).png,Shorts (brown)
3449,Yellow shorts. Far too small for you.,5044,True,144.0,150.0,360.0,216.0,Shorts (yellow).png,Shorts (yellow)
3450,Polly want a cracker?,23300,False,400.0,4.0,1000.0,600.0,Shoulder parrot.png,Shoulder parrot
3451,Some nicely cooked shrimp.,315,False,2.0,6000.0,5.0,3.0,Shrimps.png,Shrimps
3452,A shrunk ogleroot! How odd...,11205,True,1.0,15.0,2.0,1.0,Shrunk ogleroot 5.png,Shrunk ogleroot
3453,Used to make sickles.,2976,True,4.0,40.0,10.0,6.0,Sickle mould.png,Sickle mould
3454,A power enhancing sigil not yet attuned to you.,26132,True,12000.0,4.0,30000.0,18000.0,Sigil of aggression.png,Sigil of aggression
3455,A power enhancing sigil not yet attuned to you.,28493,True,,,10000.0,,Sigil of agile fortune.png,Sigil of agile fortune
3456,A power enhancing sigil not yet attuned to you.,29679,True,4000.0,,10000.0,6000.0,Sigil of arcane swiftness.png,Sigil of arcane swiftness
3457,A power enhancing sigil not yet attuned to you.,26009,True,4000.0,10.0,10000.0,6000.0,Sigil of barrows.png,Sigil of barrows
3458,A power enhancing sigil not yet attuned to you.,26066,True,8000.0,8.0,20000.0,12000.0,Sigil of binding.png,Sigil of binding
3459,A power enhancing sigil not yet attuned to you.,25994,True,4000.0,10.0,10000.0,6000.0,Sigil of consistency.png,Sigil of consistency
3460,A power enhancing sigil not yet attuned to you.,29658,True,4000.0,,10000.0,6000.0,Sigil of deception.png,Sigil of deception
3461,A power enhancing sigil not yet attuned to you.,26012,True,4000.0,10.0,10000.0,6000.0,Sigil of deft strikes.png,Sigil of deft strikes
3462,A power enhancing sigil not yet attuned to you.,26099,True,8000.0,8.0,20000.0,12000.0,Sigil of devotion.png,Sigil of devotion
3463,A power enhancing sigil not yet attuned to you.,26018,True,4000.0,10.0,10000.0,6000.0,Sigil of enhanced harvest.png,Sigil of enhanced harvest
3464,A power enhancing sigil not yet attuned to you.,26069,True,8000.0,8.0,20000.0,12000.0,Sigil of escaping.png,Sigil of escaping
3465,A power enhancing sigil not yet attuned to you.,26057,True,4000.0,10.0,10000.0,6000.0,Sigil of exaggeration.png,Sigil of exaggeration
3466,A power enhancing sigil not yet attuned to you.,28520,True,,,10000.0,,Sigil of faith.png,Sigil of faith
3467,A power enhancing sigil not yet attuned to you.,26126,True,12000.0,4.0,30000.0,18000.0,Sigil of finality.png,Sigil of finality
3468,A power enhancing sigil not yet attuned to you.,26006,True,4000.0,10.0,10000.0,6000.0,Sigil of fortification.png,Sigil of fortification
3469,A power enhancing sigil not yet attuned to you.,26015,True,4000.0,10.0,10000.0,6000.0,Sigil of freedom.png,Sigil of freedom
3470,A power enhancing sigil not yet attuned to you.,26105,True,8000.0,8.0,20000.0,12000.0,Sigil of garments.png,Sigil of garments
3471,A power enhancing sigil not yet attuned to you.,28481,True,,,10000.0,,Sigil of hoarding.png,Sigil of hoarding
3472,A power enhancing sigil not yet attuned to you.,26144,True,12000.0,4.0,30000.0,18000.0,Sigil of last recall.png,Sigil of last recall
3473,A power enhancing sigil not yet attuned to you.,29661,True,4000.0,,10000.0,6000.0,Sigil of lithe.png,Sigil of litheness
3474,A power enhancing sigil not yet attuned to you.,29649,True,12000.0,,30000.0,18000.0,Sigil of meticulousness.png,Sigil of meticulousness
3475,A power enhancing sigil not yet attuned to you.,26054,True,4000.0,10.0,10000.0,6000.0,Sigil of mobility.png,Sigil of mobility
3476,A power enhancing sigil not yet attuned to you.,26096,True,8000.0,8.0,20000.0,12000.0,Sigil of nature.png,Sigil of nature
3477,A power enhancing sigil not yet attuned to you.,29667,True,4000.0,,10000.0,6000.0,Sigil of onslaught.png,Sigil of onslaught
3478,A power enhancing sigil not yet attuned to you.,26129,True,12000.0,4.0,30000.0,18000.0,Sigil of pious protection.png,Sigil of pious protection
3479,A power enhancing sigil not yet attuned to you.,28514,True,,,10000.0,,Sigil of precision.png,Sigil of precision
3480,A power enhancing sigil not yet attuned to you.,26123,True,8000.0,8.0,20000.0,12000.0,Sigil of preservation.png,Sigil of preservation
3481,A power enhancing sigil not yet attuned to you.,26081,True,8000.0,8.0,20000.0,12000.0,Sigil of prosperity.png,Sigil of prosperity
3482,A power enhancing sigil not yet attuned to you.,26135,True,12000.0,4.0,30000.0,18000.0,Sigil of rampage.png,Sigil of rampage
3483,A power enhancing sigil not yet attuned to you.,26141,True,12000.0,4.0,30000.0,18000.0,Sigil of remote storage.png,Sigil of remote storage
3484,A power enhancing sigil not yet attuned to you.,25991,True,4000.0,10.0,10000.0,6000.0,Sigil of resilience.png,Sigil of resilience
3485,A power enhancing sigil not yet attuned to you.,28490,True,,,10000.0,,Sigil of resistance.png,Sigil of resistance
3486,A power enhancing sigil not yet attuned to you.,29670,True,4000.0,,10000.0,6000.0,Sigil of restoration.png,Sigil of restoration
3487,A power enhancing sigil not yet attuned to you.,29652,True,12000.0,,30000.0,18000.0,Sigil of revoked limitation.png,Sigil of revoked limitation
3488,A power enhancing sigil not yet attuned to you.,26108,True,8000.0,8.0,20000.0,12000.0,Sigil of slaughter.png,Sigil of slaughter
3489,A power enhancing sigil not yet attuned to you.,26060,True,8000.0,8.0,20000.0,12000.0,Sigil of specialised strikes.png,Sigil of specialised strikes
3490,A power enhancing sigil not yet attuned to you.,26042,True,4000.0,10.0,10000.0,6000.0,Sigil of stamina.png,Sigil of stamina
3491,A power enhancing sigil not yet attuned to you.,26021,True,4000.0,10.0,10000.0,6000.0,Sigil of storage.png,Sigil of storage
3492,A power enhancing sigil not yet attuned to you.,26120,True,8000.0,8.0,20000.0,12000.0,Sigil of supreme stamina.png,Sigil of supreme stamina
3493,A power enhancing sigil not yet attuned to you.,28478,True,,,10000.0,,Sigil of sustenance.png,Sigil of sustenance
3494,A power enhancing sigil not yet attuned to you.,26039,True,4000.0,10.0,10000.0,6000.0,Sigil of the abyss.png,Sigil of the abyss
3495,A power enhancing sigil not yet attuned to you.,29664,True,4000.0,,10000.0,6000.0,Sigil of adroit.png,Sigil of the adroit
3496,A power enhancing sigil not yet attuned to you.,28484,True,,,10000.0,,Sigil of the alchemaniac.png,Sigil of the alchemaniac
3497,A power enhancing sigil not yet attuned to you.,26027,True,4000.0,10.0,10000.0,6000.0,Sigil of the alchemist.png,Sigil of the alchemist
3498,A power enhancing sigil not yet attuned to you.,28517,True,,,10000.0,,Sigil of the augmented thrall.png,Sigil of the augmented thrall
3499,A power enhancing sigil not yet attuned to you.,26090,True,8000.0,8.0,20000.0,12000.0,Sigil of the barbarians.png,Sigil of the barbarians
3500,A power enhancing sigil not yet attuned to you.,28511,True,,,10000.0,,Sigil of the bloodhound.png,Sigil of the bloodhound
3501,A power enhancing sigil not yet attuned to you.,26033,True,4000.0,10.0,10000.0,6000.0,Sigil of the chef.png,Sigil of the chef
3502,A power enhancing sigil not yet attuned to you.,26036,True,4000.0,10.0,10000.0,6000.0,Sigil of the craftsman.png,Sigil of the craftsman
3503,A power enhancing sigil not yet attuned to you.,26084,True,8000.0,8.0,20000.0,12000.0,Sigil of the dwarves.png,Sigil of the dwarves
3504,A power enhancing sigil not yet attuned to you.,26087,True,8000.0,8.0,20000.0,12000.0,Sigil of the elves.png,Sigil of the elves
3505,A power enhancing sigil not yet attuned to you.,26048,True,4000.0,10.0,10000.0,6000.0,Sigil of the eternal jeweller.png,Sigil of the eternal jeweller
3506,A power enhancing sigil not yet attuned to you.,26075,True,8000.0,8.0,20000.0,12000.0,Sigil of the feral fighter.png,Sigil of the feral fighter
3507,A power enhancing sigil not yet attuned to you.,26030,True,4000.0,10.0,10000.0,6000.0,Sigil of the fletcher.png,Sigil of the fletcher
3508,A power enhancing sigil not yet attuned to you.,28496,True,,,30000.0,,Sigil of the food master.png,Sigil of the food master
3509,A power enhancing sigil not yet attuned to you.,26102,True,8000.0,8.0,20000.0,12000.0,Sigil of the forager.png,Sigil of the forager
3510,A power enhancing sigil not yet attuned to you.,25997,True,4000.0,10.0,10000.0,6000.0,Sigil of the formidable fighter.png,Sigil of the formidable fighter
3511,A power enhancing sigil not yet attuned to you.,26111,True,8000.0,8.0,20000.0,12000.0,Sigil of the fortune farmer.png,Sigil of the fortune farmer
3512,A power enhancing sigil not yet attuned to you.,26093,True,8000.0,8.0,20000.0,12000.0,Sigil of the gnomes.png,Sigil of the gnomes
3513,A power enhancing sigil not yet attuned to you.,26147,True,12000.0,4.0,30000.0,18000.0,Sigil of the guardian angel.png,Sigil of the guardian angel
3514,A power enhancing sigil not yet attuned to you.,29676,True,4000.0,,10000.0,6000.0,Sigil of gunslinger.png,Sigil of the gunslinger
3515,A power enhancing sigil not yet attuned to you.,28487,True,,,20000.0,,Sigil of the hunter.png,Sigil of the hunter
3516,A power enhancing sigil not yet attuned to you.,28502,True,,,10000.0,,Sigil of the infernal chef.png,Sigil of the infernal chef
3517,A power enhancing sigil not yet attuned to you.,28505,True,,,10000.0,,Sigil of the infernal smith.png,Sigil of the infernal smith
3518,A sigil attuned to you with great power.,28508,True,,,10000.0,,Sigil of the lightbearer.png,Sigil of the lightbearer
3519,A power enhancing sigil not yet attuned to you.,26078,True,8000.0,8.0,20000.0,12000.0,Sigil of the menacing mage.png,Sigil of the menacing mage
3520,A power enhancing sigil not yet attuned to you.,26003,True,4000.0,10.0,10000.0,6000.0,Sigil of the meticulous mage.png,Sigil of the meticulous mage
3521,A power enhancing sigil not yet attuned to you.,28526,True,,,10000.0,,Sigil of the ninja.png,Sigil of the ninja
3522,A power enhancing sigil not yet attuned to you.,26063,True,8000.0,8.0,20000.0,12000.0,Sigil of the porcupine.png,Sigil of the porcupine
3523,A power enhancing sigil not yet attuned to you.,26045,True,4000.0,10.0,10000.0,6000.0,Sigil of the potion master.png,Sigil of the potion master
3524,A power enhancing sigil not yet attuned to you.,29655,True,4000.0,,10000.0,6000.0,Sigil of rampart.png,Sigil of the rampart
3525,A power enhancing sigil not yet attuned to you.,26000,True,4000.0,10.0,10000.0,6000.0,Sigil of the rigorous ranger.png,Sigil of the rigorous ranger
3526,A power enhancing sigil not yet attuned to you.,26072,True,8000.0,8.0,20000.0,12000.0,Sigil of the ruthless ranger.png,Sigil of the ruthless ranger
3527,A power enhancing sigil not yet attuned to you.,26117,True,8000.0,8.0,20000.0,12000.0,Sigil of the serpent.png,Sigil of the serpent
3528,A power enhancing sigil not yet attuned to you.,26138,True,12000.0,4.0,30000.0,18000.0,Sigil of the skiller.png,Sigil of the skiller
3529,A power enhancing sigil not yet attuned to you.,26024,True,4000.0,10.0,10000.0,6000.0,Sigil of the smith.png,Sigil of the smith
3530,A power enhancing sigil not yet attuned to you.,29673,True,4000.0,,10000.0,6000.0,Sigil of swashbuckler.png,Sigil of the swashbuckler
3531,A power enhancing sigil not yet attuned to you.,26051,True,4000.0,10.0,10000.0,6000.0,Sigil of the treasure hunter.png,Sigil of the treasure hunter
3532,A power enhancing sigil not yet attuned to you.,28499,True,,,10000.0,,Sigil of the well-fed.png,Sigil of the well fed
3533,A power enhancing sigil not yet attuned to you.,28523,True,,,10000.0,,Sigil of titanium.png,Sigil of titanium
3534,A power enhancing sigil not yet attuned to you.,26114,True,8000.0,8.0,20000.0,12000.0,Sigil of versatility.png,Sigil of versatility
3535,A power enhancing sigil not yet attuned to you.,28529,True,,,10000.0,,Sigil of woodcraft.png,Sigil of woodcraft
3536,It's a sheet of silk.,950,False,12.0,18000.0,30.0,18.0,Silk.png,Silk
3537,It's a bar of silver.,2355,False,60.0,10000.0,150.0,90.0,Silver bar.png,Silver bar
3538,Silver crossbow bolts.,9145,True,2.0,11000.0,5.0,3.0,Silver bolts 5.png,Silver bolts
3539,Some poisoned silver bolts.,9292,True,2.0,11000.0,5.0,3.0,Silver bolts (p) 5.png,Silver bolts (p)
3540,Some poisoned silver bolts.,9299,True,2.0,11000.0,5.0,3.0,Silver bolts (p+) 5.png,Silver bolts (p+)
3541,Some poisoned silver bolts.,9306,True,2.0,11000.0,5.0,3.0,Silver bolts (p++) 5.png,Silver bolts (p++)
3542,Unfeathered silver crossbow bolts.,9382,True,1.0,13000.0,1.0,1.0,Silver bolts (unf) 5.png,Silver bolts (unf)
3543,It's ground up silver.,7650,True,80.0,13000.0,200.0,120.0,Silver dust.png,Silver dust
3544,Perhaps someone can do something with this.,25451,True,7680.0,8.0,19200.0,11520.0,Silver locks.png,Silver locks
3545,This needs refining.,442,False,30.0,13000.0,75.0,45.0,Silver ore.png,Silver ore
3546,It's a silver sickle.,2961,True,70.0,15.0,175.0,105.0,Silver sickle.png,Silver sickle
3547,I can use this to make a crossbow string.,9436,True,1.0,13000.0,2.0,1.0,Sinew.png,Sinew
3548,You get a sense of dread from this key.,993,True,32.0,11000.0,80.0,48.0,Sinister key.png,Sinister key
3549,"A set containing a Skeletal helm, Skeletal top, Skeletal bottoms, Skeletal boots and Skeletal gloves.",31154,True,58000.0,,145000.0,87000.0,Skeletal armour set.png,Skeletal armour set
3550,"Some finely crafted Fremennik boots, made from the bones of a wallasalki.",6147,True,260.0,125.0,650.0,390.0,Skeletal boots.png,Skeletal boots
3551,A superior set of strengthened slacks for any self respecting seer.,6141,True,16000.0,70.0,40000.0,24000.0,Skeletal bottoms.png,Skeletal bottoms
3552,Fremennik gloves stitched together from wallasalki bones fragments.,6153,True,260.0,125.0,650.0,390.0,Skeletal gloves.png,Skeletal gloves
3553,Make your foes cower by wearing a skull as a helmet!,6137,True,4000.0,70.0,10000.0,6000.0,Skeletal helm.png,Skeletal helm
3554,The bones in this armour seem to vibrate with a magical quality...,6139,True,18000.0,70.0,45000.0,27000.0,Skeletal top.png,Skeletal top
3555,It looks like this could be attached to a shield somehow.,22006,True,600000.0,5.0,1500000.0,900000.0,Skeletal visage.png,Skeletal visage
3556,Generally used for impaling fresh meat.,7443,True,1280.0,50.0,3200.0,1920.0,Skewer.png,Skewer
3557,"A sharp pointed stick, quite resistant to fire.",6305,True,4.0,13000.0,10.0,6.0,Skewer stick.png,Skewer stick
3558,You will need to recharge the necklace at the Legends Guild.,11113,True,8080.0,10000.0,20200.0,12120.0,Skills necklace.png,Skills necklace
3559,This will help me travel.,11105,True,8080.0,10000.0,20200.0,12120.0,Skills necklace(4).png,Skills necklace(4)
3560,This will help me travel.,11968,True,8080.0,10000.0,20200.0,12120.0,Skills necklace(6).png,Skills necklace(6)
3561,A blue skirt.,5052,True,250.0,150.0,625.0,375.0,Skirt (blue).png,Skirt (blue)
3562,A brown skirt. Size small!,5048,True,140.0,150.0,350.0,210.0,Skirt (brown).png,Skirt (brown)
3563,Lilac skirt.,5050,True,220.0,150.0,550.0,330.0,Skirt (lilac).png,Skirt (lilac)
3564,"The skull of an oathbound warrior. Severed from its body, it still maintains some power.",27673,True,32000.0,8.0,80000.0,48000.0,Skull of vet'ion.png,Skull of vet'ion
3565,A fearsome looking skull.,6163,True,24.0,11000.0,60.0,36.0,Skull piece.png,Skull piece
3566,Don't make anyone jump when you ring this!,10952,True,60.0,40.0,150.0,90.0,Slayer bell.png,Slayer bell
3567,The parchment contains a spell invented by Slayer Masters in ancient times.,21257,True,480.0,500.0,1200.0,720.0,Slayer's enchantment.png,Slayer's enchantment
3568,Ale with bite.,5759,True,1.0,2000.0,2.0,1.0,Slayer's respite.png,Slayer's respite
3569,This keg contains 4 pints of Slayer's Respite.,5841,True,1.0,2000.0,1.0,1.0,Slayer's respite(4).png,Slayer's respite(4)
3570,This looks a good deal stronger than normal Slayer's Respite.,5761,True,1.0,2000.0,2.0,1.0,Slayer's respite(m).png,Slayer's respite(m)
3571,This keg contains 4 pints of mature Slayer's Respite.,5921,True,1.0,2000.0,1.0,1.0,Slayer's respite(m4).png,Slayer's respite(m4)
3572,An old and magical staff.,4170,True,8400.0,70.0,21000.0,12600.0,Slayer's staff.png,Slayer's staff
3573,A cap for wearing whilzzzzzzzzzz.,10398,True,800.0,4.0,2000.0,1200.0,Sleeping cap.png,Sleeping cap
3574,You swear you had more than three slices before.,3162,False,1.0,15.0,2.0,1.0,Sliced banana.png,Sliced banana
3575,A bowl of sliced Bittercap mushrooms.,7080,True,16.0,13000.0,42.0,25.0,Sliced mushrooms.png,Sliced mushrooms
3576,You can plant this in your garden.,8441,True,6000.0,10000.0,15000.0,9000.0,Small box hedge (bagged).png,Small box hedge (bagged)
3577,Useful for catching small fish.,303,False,2.0,40.0,5.0,3.0,Small fishing net.png,Small fishing net
3578,It gives a 10% accuracy and damage bonus for spells on the standard spellbook.,11998,True,6200.0,8.0,15500.0,9300.0,Smoke battlestaff.png,Smoke battlestaff
3579,A combined Air and Fire Rune.,4697,True,8.0,18000.0,20.0,12.0,Smoke rune.png,Smoke rune
3580,A smouldering stone from the depths of Hell.,13233,True,18000.0,5.0,45000.0,27000.0,Smouldering stone.png,Smouldering stone
3581,Scaly but not slimy! It could be a useful material if it were tanned.,6287,True,14.0,13000.0,35.0,21.0,Snake hide.png,Snake hide
3582,Scaly but not slimy!,7801,True,14.0,11000.0,35.0,21.0,Snake hide (swamp).png,Snake hide (swamp)
3583,Nicely tanned skin from a snake.,6289,True,20.0,13000.0,50.0,30.0,Snakeskin.png,Snakeskin
3584,Lightweight head protection.,6326,True,120.0,125.0,300.0,180.0,Snakeskin bandana.png,Snakeskin bandana
3585,Made from 100% real snakeskin.,6322,True,500.0,125.0,1250.0,750.0,Snakeskin body.png,Snakeskin body
3586,Made from snakes.,6328,True,100.0,125.0,250.0,150.0,Snakeskin boots.png,Snakeskin boots
3587,Made from 100% real snake.,6324,True,470.0,125.0,1175.0,705.0,Snakeskin chaps.png,Snakeskin chaps
3588,A solid willow shield covered in snakeskin leather.,22272,True,368.0,125.0,920.0,552.0,Snakeskin shield.png,Snakeskin shield
3589,Made from 100% real snake.,6330,True,173.0,125.0,434.0,260.0,Snakeskin vambraces.png,Snakeskin vambraces
3590,A powerful herb.,3000,True,23.0,11000.0,59.0,35.0,Snapdragon.png,Snapdragon
3591,I need another ingredient to finish this Snapdragon potion.,3004,True,23.0,10000.0,59.0,35.0,Snapdragon potion (unf).png,Snapdragon potion (unf)
3592,A snapdragon seed - plant in a herb patch.,5300,True,24.0,200.0,60.0,36.0,Snapdragon seed 5.png,Snapdragon seed
3593,Strange spiky grass.,231,True,4.0,13000.0,10.0,6.0,Snape grass.png,Snape grass
3594,A snape grass seed - plant in an allotment.,22879,True,37.0,200.0,94.0,56.0,Snape grass seed 5.png,Snape grass seed
3595,There's a snowy knight butterfly in here.,10016,True,20.0,125.0,50.0,30.0,Snowy knight (item).png,Snowy knight (item)
3596,There's a snowy knight butterfly in here.,29201,True,20.0,,50.0,30.0,Snowy knight mix (1).png,Snowy knight mix (1)
3597,There's a snowy knight butterfly in here.,29183,True,20.0,,50.0,30.0,Snowy knight mix (2).png,Snowy knight mix (2)
3598,"It feels clammy, like second-hand toilet paper.",25578,True,68.0,11000.0,170.0,102.0,Soaked page.png,Soaked page
3599,One of the ingredients for making glass.,1781,True,1.0,13000.0,2.0,1.0,Soda ash.png,Soda ash
3600,Clay soft enough to mould.,1761,False,1.0,13000.0,2.0,1.0,Soft clay.png,Soft clay
3601,It's a bit dirty.,30068,True,80.0,11000.0,200.0,120.0,Soiled page.png,Soiled page
3602,Used for high level curse spells.,566,True,120.0,25000.0,300.0,180.0,Soul rune.png,Soul rune
3603,A horn sculpted in the depths of the earth. Its violent reverbrations fan the flames of the soul.,30759,True,88000.0,5.0,220000.0,132000.0,Soulflame horn.png,Soulflame horn
3604,An axe that manipulates the very lifeforce of those who touch it.,28338,True,96000.0,,240000.0,144000.0,Soulreaper axe.png,Soulreaper axe
3605,A slightly muddy spade.,952,False,1.0,40.0,3.0,1.0,Spade.png,Spade
3606,A large spatula... of doom!,7439,True,768.0,50.0,1920.0,1152.0,Spatula.png,Spatula
3607,A sigil in the shape of a spectral symbol.,12823,True,300000.0,5.0,750000.0,450000.0,Spectral sigil.png,Spectral sigil
3608,An ethereal shield with a spectral sigil attached to it.,12821,True,800000.0,8.0,2000000.0,1200000.0,Spectral spirit shield.png,Spectral spirit shield
3609,This could liven up an otherwise bland stew.,2007,True,92.0,11000.0,230.0,138.0,Spice.png,Spice
3610,Yum... smells spicy.,2213,True,1.0,6000.0,2.0,1.0,Spicy crunchies.png,Spicy crunchies
3611,A bowl of fiery minced meat.,9996,True,3.0,8000.0,8.0,4.0,Spicy minced meat.png,Spicy minced meat
3612,A bowl of spicy sauce.,7072,True,3.0,13000.0,9.0,5.0,Spicy sauce.png,Spicy sauce
3613,A bowl of chopped tomatoes with an extra kick.,9994,True,1.0,8000.0,3.0,1.0,Spicy tomato.png,Spicy tomato
3614,Its creeping days are over!,6291,True,6.0,13000.0,15.0,9.0,Spider carcass.png,Spider carcass
3615,Teleports you to Morytania Spider Cave.,29782,True,4.0,,10.0,6.0,Spider cave teleport.png,Spider cave teleport
3616,A nicely roasted spider threaded onto an arrow shaft.,6299,True,16.0,6000.0,40.0,24.0,Spider on shaft.png,Spider on shaft
3617,A nicely roasted spider threaded onto a skewer stick.,6297,True,20.0,6000.0,50.0,30.0,Spider on stick.png,Spider on stick
3618,Climbing boots with spikes.,3107,True,12.0,15.0,30.0,18.0,Spiked boots.png,Spiked boots
3619,"Some very spikey metal bands, better make sure I don't cut myself while walking.",23389,True,1000.0,8.0,2500.0,1500.0,Spiked manacles.png,Spiked manacles
3620,Attack at your own risk.,10077,True,64.0,125.0,160.0,96.0,Spiky vambraces.png,Spiky vambraces
3621,A home made spinach thing.,1969,False,1.0,50.0,1.0,1.0,Spinach roll.png,Spinach roll
3622,"A set containing a Spined helm, Spined body, Spined chaps, Spined boots and Spined gloves.",31157,True,58000.0,,145000.0,87000.0,Spined armour set.png,Spined armour set
3623,A constant reminder that I'm above a Dagannoth in the food chain.,6133,True,3120.0,70.0,7800.0,4680.0,Spined body.png,Spined body
3624,"Some finely crafted Fremennik boots, made from spined dagannoth hide.",6143,True,260.0,125.0,650.0,390.0,Spined boots.png,Spined boots
3625,Stylish leg armour for rangers with a lingering smell of raw fish...,6135,True,1560.0,70.0,3900.0,2340.0,Spined chaps.png,Spined chaps
3626,Fremennik gloves stitched together from spined dagannoth hide.,6149,True,260.0,125.0,650.0,390.0,Spined gloves.png,Spined gloves
3627,A helm fit for any Fremennik ranger.,6131,True,24000.0,70.0,60000.0,36000.0,Spined helm.png,Spined helm
3628,You don't want to wear it inside-out.,4551,True,260.0,125.0,650.0,390.0,Spiny helmet.png,Spiny helmet
3629,An ethereal shield.,12829,True,28000.0,8.0,70000.0,42000.0,Spirit shield.png,Spirit shield
3630,Used to repair bridges.,10812,True,36.0,11000.0,90.0,54.0,Split log.png,Split log
3631,Provides good protection.,3387,True,18000.0,70.0,45000.0,27000.0,Splitbark body.png,Splitbark body
3632,Wooden foot protection.,3393,True,2000.0,70.0,5000.0,3000.0,Splitbark boots.png,Splitbark boots
3633,These should keep my hands safe.,3391,True,2000.0,70.0,5000.0,3000.0,Splitbark gauntlets.png,Splitbark gauntlets
3634,A wooden helmet.,3385,True,4000.0,70.0,10000.0,6000.0,Splitbark helm.png,Splitbark helm
3635,These should protect my legs.,3389,True,16000.0,70.0,40000.0,24000.0,Splitbark legs.png,Splitbark legs
3636,Use the spork.,7437,True,130.0,50.0,325.0,195.0,Spork.png,Spork
3637,A surprisingly aerodynamic cape.,10069,True,160.0,125.0,400.0,240.0,Spotted cape.png,Spotted cape
3638,Maybe this is why people think furry dice make you go faster.,10125,True,60.0,10000.0,150.0,90.0,Spotted kebbit fur.png,Spotted kebbit fur
3639,A really surprisingly aerodynamic cape.,10071,True,320.0,125.0,800.0,480.0,Spottier cape.png,Spottier cape
3640,The beak of a squid.,31572,True,2000.0,,5000.0,3000.0,Squid beak.png,Squid beak
3641,A paste made by crushing squid.,31569,True,40.0,,100.0,60.0,Squid paste.png,Squid paste
3642,It's a slightly magical stick.,1379,False,6.0,125.0,15.0,9.0,Staff.png,Staff
3643,A Magical staff.,1381,False,600.0,125.0,1500.0,900.0,Staff of air.png,Staff of air
3644,A ghastly weapon with evil origins combined with an icon of balance.,24144,True,400001.0,,1000004.0,600002.0,Staff of balance.png,Staff of balance
3645,A staff styled after the elusive cat.,23363,True,600.0,8.0,1500.0,900.0,Staff of bob the cat.png,Staff of bob the cat
3646,A Magical staff.,1385,False,600.0,125.0,1500.0,900.0,Staff of earth.png,Staff of earth
3647,A Magical staff.,1387,False,600.0,125.0,1500.0,900.0,Staff of fire.png,Staff of fire
3648,A ghastly weapon with evil origins combined with a holy light.,22296,True,400002.0,8.0,1000005.0,600003.0,Staff of light.png,Staff of light
3649,A ghastly weapon with evil origins.,11791,True,400002.0,8.0,1000005.0,600003.0,Staff of the dead.png,Staff of the dead
3650,A Magical staff.,1383,False,600.0,125.0,1500.0,900.0,Staff of water.png,Staff of water
3651,Baguette ready for pain.,20590,False,90.0,5.0,225.0,135.0,Stale baguette.png,Stale baguette
3652,One dose of fishy stamina potion.,12635,True,36.0,2000.0,90.0,54.0,Stamina mix(1).png,Stamina mix(1)
3653,Two doses of fishy stamina potion.,12633,True,64.0,2000.0,160.0,96.0,Stamina mix(2).png,Stamina mix(2)
3654,1 dose of stamina potion.,12631,True,40.0,2000.0,100.0,60.0,Stamina potion(1).png,Stamina potion(1)
3655,2 doses of stamina potion.,12629,True,80.0,2000.0,200.0,120.0,Stamina potion(2).png,Stamina potion(2)
3656,3 doses of stamina potion.,12627,True,120.0,2000.0,300.0,180.0,Stamina potion(3).png,Stamina potion(3)
3657,4 doses of stamina potion.,12625,True,160.0,2000.0,400.0,240.0,Stamina potion(4).png,Stamina potion(4)
3658,A powerful helmet.,22625,True,100000.0,10.0,250000.0,150000.0,Statius's full helm.png,Statius's full helm
3659,A powerful platebody.,22628,True,200000.0,10.0,500000.0,300000.0,Statius's platebody.png,Statius's platebody
3660,A powerful pair of platelegs.,22631,True,200000.0,10.0,500000.0,300000.0,Statius's platelegs.png,Statius's platelegs
3661,A powerful warhammer.,22622,True,120000.0,10.0,300000.0,180000.0,Statius's warhammer.png,Statius's warhammer
3662,It's a slightly magical stick.,11787,True,6800.0,8.0,17000.0,10200.0,Steam battlestaff.png,Steam battlestaff
3663,A combined Water and Fire Rune.,4694,True,8.0,18000.0,20.0,12.0,Steam rune.png,Steam rune
3664,Makes a steam battlestaff or mystic steam staff more beautiful.,12798,True,600.0,50.0,1500.0,900.0,Steam staff upgrade kit.png,Steam staff upgrade kit
3665,A dwarven delight from Cam Torum.,29412,True,3.0,,8.0,4.0,Steamforge brew.png,Steamforge brew
3666,A two handed sword.,1311,False,400.0,125.0,1000.0,600.0,Steel 2h sword.png,Steel 2h sword
3667,Arrows with steel heads.,886,False,4.0,7000.0,12.0,7.0,Steel arrow 5.png,Steel arrow
3668,Venomous-looking arrows.,887,True,4.0,7000.0,12.0,7.0,Steel arrow(p) 5.png,Steel arrow(p)
3669,Venomous-looking arrows.,5618,True,4.0,7000.0,12.0,7.0,Steel arrow(p+) 5.png,Steel arrow(p+)
3670,Venomous-looking arrows.,5624,True,4.0,7000.0,12.0,7.0,Steel arrow(p++) 5.png,Steel arrow(p++)
3671,I can make some arrows with these.,41,True,2.0,10000.0,6.0,3.0,Steel arrowtips.png,Steel arrowtips
3672,A woodcutter's axe.,1353,False,80.0,40.0,200.0,120.0,Steel axe.png,Steel axe
3673,It's a bar of steel.,2353,False,40.0,10000.0,100.0,60.0,Steel bar.png,Steel bar
3674,A vicious looking axe.,1365,False,260.0,125.0,650.0,390.0,Steel battleaxe.png,Steel battleaxe
3675,Steel crossbow bolts.,9141,True,3.0,7000.0,8.0,4.0,Steel bolts 5.png,Steel bolts
3676,Some poisoned steel bolts.,9288,True,3.0,11000.0,8.0,4.0,Steel bolts (p) 5.png,Steel bolts (p)
3677,Some poisoned steel bolts.,9295,True,3.0,11000.0,8.0,4.0,Steel bolts (p+) 5.png,Steel bolts (p+)
3678,Super poisoned steel bolts.,9302,True,3.0,11000.0,8.0,4.0,Steel bolts (p++) 5.png,Steel bolts (p++)
3679,Unfeathered steel crossbow bolts.,9378,True,1.0,13000.0,1.0,1.0,Steel bolts (unf) 5.png,Steel bolts (unf)
3680,These will protect my feet.,4123,True,120.0,125.0,300.0,180.0,Steel boots.png,Steel boots
3681,Blunt steel arrow... ouch.,4783,True,8.0,11000.0,20.0,12.0,Steel brutal 5.png,Steel brutal
3682,Ammo suited for a boat's cannon or for a dwarf multicannon.,2,True,2.0,11000.0,5.0,3.0,Steel cannonball.png,Steel cannonball
3683,A series of connected metal rings.,1105,False,300.0,125.0,750.0,450.0,Steel chainbody.png,Steel chainbody
3684,A set of fighting claws.,3097,True,70.0,125.0,175.0,105.0,Steel claws.png,Steel claws
3685,A steel crossbow.,9179,True,144.0,125.0,360.0,216.0,Steel crossbow.png,Steel crossbow
3686,An unstrung steel crossbow.,9459,True,130.0,10000.0,327.0,196.0,Steel crossbow (u).png,Steel crossbow (u)
3687,Short but pointy.,1207,False,50.0,125.0,125.0,75.0,Steel dagger.png,Steel dagger
3688,The blade has been poisoned.,1223,True,50.0,125.0,125.0,75.0,Steel dagger(p).png,Steel dagger(p)
3689,The blade has been poisoned.,5672,True,50.0,125.0,125.0,75.0,Steel dagger(p+).png,Steel dagger(p+)
3690,The blade has been poisoned.,5690,True,50.0,125.0,125.0,75.0,Steel dagger(p++).png,Steel dagger(p++)
3691,A deadly throwing dart with a steel tip.,808,True,4.0,7000.0,10.0,6.0,Steel dart.png,Steel dart
3692,A deadly-looking dart tip made of steel - needs feathers for flight.,821,True,2.0,13000.0,5.0,3.0,Steel dart tip.png,Steel dart tip
3693,A deadly poisoned dart with a steel tip.,814,True,4.0,7000.0,10.0,6.0,Steel dart(p).png,Steel dart(p)
3694,A deadly poisoned dart with a steel tip.,5630,True,4.0,7000.0,10.0,6.0,Steel dart(p+).png,Steel dart(p+)
3695,A deadly poisoned dart with a steel tip.,5637,True,4.0,7000.0,10.0,6.0,Steel dart(p++).png,Steel dart(p++)
3696,Do I look scary?,12367,True,4000.0,4.0,10000.0,6000.0,Steel dragon mask.png,Steel dragon mask
3697,A woodcutter's axe.,28202,True,80.0,,200.0,120.0,Steel felling axe.png,Steel felling axe
3698,A full face helmet.,1157,False,220.0,125.0,550.0,330.0,Steel full helm.png,Steel full helm
3699,A steel full helmet with gold trim.,20178,False,220.0,125.0,550.0,330.0,Steel full helm (g).png,Steel full helm (g)
3700,A steel full helmet with trim.,20193,False,220.0,125.0,550.0,330.0,Steel full helm (t).png,Steel full helm (t)
3701,"A set containing a full helm, platebody, legs and kiteshield.",20382,False,360.0,8.0,900.0,540.0,Steel gold-trimmed set (lg).png,Steel gold-trimmed set (lg)
3702,"A set containing a full helm, platebody, legs and kiteshield.",20385,False,360.0,8.0,900.0,540.0,Steel gold-trimmed set (sk).png,Steel gold-trimmed set (sk)
3703,A steel halberd.,3194,True,400.0,125.0,1000.0,600.0,Steel halberd.png,Steel halberd
3704,"A steel-tipped, one-handed hasta.",11371,True,130.0,125.0,325.0,195.0,Steel hasta.png,Steel hasta
3705,"A poison-tipped, one-handed steel hasta.",11393,True,130.0,125.0,325.0,195.0,Steel hasta(p).png,Steel hasta(p)
3706,"A poison-tipped, one-handed steel hasta.",11396,True,130.0,125.0,325.0,195.0,Steel hasta(p+).png,Steel hasta(p+)
3707,"A poison-tipped, one-handed steel hasta.",11398,True,130.0,125.0,325.0,195.0,Steel hasta(p++).png,Steel hasta(p++)
3708,A steel tipped javelin.,827,True,9.0,7000.0,24.0,14.0,Steel javelin.png,Steel javelin
3709,Needs a shaft.,19574,True,36.0,10000.0,90.0,54.0,Steel javelin tips 5.png,Steel javelin tips
3710,A steel tipped javelin.,833,True,9.0,7000.0,24.0,14.0,Steel javelin(p).png,Steel javelin(p)
3711,A steel tipped javelin.,5644,True,9.0,7000.0,24.0,14.0,Steel javelin(p+).png,Steel javelin(p+)
3712,A steel tipped javelin.,5650,True,9.0,7000.0,24.0,14.0,Steel javelin(p++).png,Steel javelin(p++)
3713,Parts for creating a steel keel for a boat.,32005,True,200.0,100.0,500.0,300.0,Steel keel parts.png,Steel keel parts
3714,A large metal shield.,1193,False,340.0,125.0,850.0,510.0,Steel kiteshield.png,Steel kiteshield
3715,Steel kiteshield with gold trim.,20181,False,340.0,125.0,850.0,510.0,Steel kiteshield (g).png,Steel kiteshield (g)
3716,Steel kiteshield with trim.,20196,False,340.0,125.0,850.0,510.0,Steel kiteshield (t).png,Steel kiteshield (t)
3717,A finely balanced throwing knife.,865,True,4.0,7000.0,11.0,6.0,Steel knife.png,Steel knife
3718,A finely balanced throwing knife.,872,True,4.0,7000.0,10.0,6.0,Steel knife(p).png,Steel knife(p)
3719,A finely balanced throwing knife.,5656,True,4.0,7000.0,10.0,6.0,Steel knife(p+).png,Steel knife(p+)
3720,A finely balanced throwing knife.,5663,True,4.0,7000.0,10.0,6.0,Steel knife(p++).png,Steel knife(p++)
3721,A pair of steel crossbow limbs.,9425,True,100.0,10000.0,250.0,150.0,Steel limbs.png,Steel limbs
3722,Perhaps someone can do something with this.,25445,True,640.0,8.0,1600.0,960.0,Steel locks.png,Steel locks
3723,A razor sharp longsword.,1295,False,200.0,125.0,500.0,300.0,Steel longsword.png,Steel longsword
3724,A spiky mace.,1424,False,90.0,125.0,225.0,135.0,Steel mace.png,Steel mace
3725,A medium sized helmet.,1141,False,120.0,125.0,300.0,180.0,Steel med helm.png,Steel med helm
3726,Keeps things in place fairly permanently.,1539,False,1.0,13000.0,3.0,1.0,Steel nails.png,Steel nails
3727,Used for mining.,1269,False,200.0,40.0,500.0,300.0,Steel pickaxe.png,Steel pickaxe
3728,Provides excellent protection.,1119,False,800.0,125.0,2000.0,1200.0,Steel platebody.png,Steel platebody
3729,Steel platebody with a gold trim.,20169,False,800.0,125.0,2000.0,1200.0,Steel platebody (g).png,Steel platebody (g)
3730,Steel platebody with a trim.,20184,False,800.0,125.0,2000.0,1200.0,Steel platebody (t).png,Steel platebody (t)
3731,These look pretty heavy.,1069,False,400.0,125.0,1000.0,600.0,Steel platelegs.png,Steel platelegs
3732,Steel platelegs with a gold trim.,20172,False,400.0,125.0,1000.0,600.0,Steel platelegs (g).png,Steel platelegs (g)
3733,Steel platelegs with a trim.,20187,False,400.0,125.0,1000.0,600.0,Steel platelegs (t).png,Steel platelegs (t)
3734,Designer leg protection.,1083,False,400.0,125.0,1000.0,600.0,Steel plateskirt.png,Steel plateskirt
3735,Steel plateskirt with a gold trim.,20175,False,400.0,125.0,1000.0,600.0,Steel plateskirt (g).png,Steel plateskirt (g)
3736,Steel plateskirt with a trim.,20190,False,400.0,125.0,1000.0,600.0,Steel plateskirt (t).png,Steel plateskirt (t)
3737,A very old enchanted ring.,30895,True,6000.0,,15000.0,9000.0,Steel ring.png,Steel ring
3738,"A vicious, curved sword.",1325,False,160.0,125.0,400.0,240.0,Steel scimitar.png,Steel scimitar
3739,"A set containing a full helm, platebody, legs and kiteshield.",12984,False,560.0,8.0,1400.0,840.0,Steel set (lg).png,Steel set (lg)
3740,"A set containing a full helm, platebody, skirt and kiteshield.",12986,False,560.0,8.0,1400.0,840.0,Steel set (sk).png,Steel set (sk)
3741,A steel tipped spear.,1241,True,130.0,125.0,325.0,195.0,Steel spear.png,Steel spear
3742,A poisoned steel tipped spear.,1255,True,130.0,125.0,325.0,195.0,Steel spear(p).png,Steel spear(p)
3743,A poisoned steel tipped spear.,5708,True,130.0,125.0,325.0,195.0,Steel spear(p+).png,Steel spear(p+)
3744,A poisoned steel tipped spear.,5722,True,130.0,125.0,325.0,195.0,Steel spear(p++).png,Steel spear(p++)
3745,A medium square shield.,1177,False,240.0,125.0,600.0,360.0,Steel sq shield.png,Steel sq shield
3746,A set of studs for leather armour.,2370,True,60.0,13000.0,150.0,90.0,Steel studs.png,Steel studs
3747,A razor sharp sword.,1281,False,130.0,125.0,325.0,195.0,Steel sword.png,Steel sword
3748,A finely balanced throwing axe.,802,True,10.0,7000.0,26.0,15.0,Steel thrownaxe.png,Steel thrownaxe
3749,"A set containing a full helm, platebody, legs and kiteshield.",20376,False,360.0,8.0,900.0,540.0,Steel trimmed set (lg).png,Steel trimmed set (lg)
3750,"A set containing a full helm, platebody, skirt and kiteshield.",20379,False,360.0,8.0,900.0,540.0,Steel trimmed set (sk).png,Steel trimmed set (sk)
3751,I don't think it's intended for joinery.,1339,False,256.0,125.0,640.0,384.0,Steel warhammer.png,Steel warhammer
3752,It's a meat and potato stew.,2003,False,8.0,10000.0,20.0,12.0,Stew.png,Stew
3753,"A magical, helpful charm.",30679,True,4000.0,,10000.0,6000.0,Stockpiling charm.png,Stockpiling charm
3754,Little ornament in the shape of a scarab.,9030,True,8.0,13000.0,20.0,12.0,Stone scarab.png,Stone scarab
3755,A seal. Made out of stone obviously.,9042,True,8.0,13000.0,20.0,12.0,Stone seal.png,Stone seal
3756,A small statuette.,9038,True,8.0,13000.0,20.0,12.0,Stone statuette.png,Stone statuette
3757,The crushed rock seems to glow and is warm to the touch.,22601,True,36.0,10000.0,90.0,54.0,Stony basalt.png,Stony basalt
3758,I wonder what this tastes like?,464,True,1.0,2000.0,1.0,1.0,Strange fruit.png,Strange fruit
3759,A pristine set of lockpicks engraved with six names.,24740,True,12800.0,50.0,32000.0,19200.0,Strange old lockpick (full).png,Strange old lockpick (full)
3760,A fruit basket filled with strawberries.,5406,True,1.0,200.0,1.0,1.0,Strawberries(5).png,Strawberries(5)
3761,A freshly picked strawberry.,5504,True,6.0,11000.0,17.0,10.0,Strawberry.png,Strawberry
3762,A strawberry seed - plant in an allotment.,5323,True,7.0,600.0,18.0,10.0,Strawberry seed 5.png,Strawberry seed
3763,An enchanted ruby amulet.,10364,False,810.0,5.0,2025.0,1215.0,Strength amulet (t).png,Strength amulet (t)
3764,One dose of fishy strength potion.,11441,True,4.0,2000.0,11.0,6.0,Strength mix(1).png,Strength mix(1)
3765,Two doses of fishy strength potion.,11443,True,5.0,2000.0,13.0,7.0,Strength mix(2).png,Strength mix(2)
3766,1 dose of Strength potion.,119,False,4.0,2000.0,11.0,6.0,Strength potion(1).png,Strength potion(1)
3767,2 doses of Strength potion.,117,False,5.0,2000.0,13.0,7.0,Strength potion(2).png,Strength potion(2)
3768,3 doses of Strength potion.,115,False,5.0,2000.0,13.0,7.0,Strength potion(3).png,Strength potion(3)
3769,4 doses of Strength potion.,113,False,5.0,2000.0,14.0,8.0,Strength potion(4).png,Strength potion(4)
3770,A weathered chunk of dagannoth hide.,6173,True,24.0,11000.0,60.0,36.0,Stretched hide.png,Stretched hide
3771,Attractive to other birds and hunters alike.,10087,True,8.0,8000.0,20.0,12.0,Stripy feather.png,Stripy feather
3772,A sea worthy shirt.,7110,True,120.0,150.0,300.0,180.0,Stripy pirate shirt (beige).png,Stripy pirate shirt (beige)
3773,A sea worthy shirt.,7128,True,120.0,150.0,300.0,180.0,Stripy pirate shirt (blue).png,Stripy pirate shirt (blue)
3774,A sea worthy shirt.,7134,True,120.0,150.0,300.0,180.0,Stripy pirate shirt (brown).png,Stripy pirate shirt (brown)
3775,A sea worthy shirt.,7122,True,120.0,150.0,300.0,180.0,Stripy pirate shirt (red).png,Stripy pirate shirt (red)
3776,Information regarding the Stronghold of Security.,9004,False,1.0,15.0,2.0,1.0,Stronghold notes.png,Stronghold notes
3777,Not so lucky for the rabbit.,10132,True,12.0,150.0,30.0,18.0,Strung rabbit foot.png,Strung rabbit foot
3778,The bones of a deadly strykewyrm.,31726,True,64.0,,160.0,96.0,Strykewyrm bones.png,Strykewyrm bones
3779,Those studs should provide a bit more protection.,1133,False,340.0,125.0,850.0,510.0,Studded body.png,Studded body
3780,Those studs should provide a bit more protection. Nice trim too!,7362,False,340.0,8.0,850.0,510.0,Studded body (g).png,Studded body (g)
3781,Those studs should provide a bit more protection. Nice trim too!,7364,False,340.0,8.0,850.0,510.0,Studded body (t).png,Studded body (t)
3782,Those studs should provide a bit more protection.,1097,False,300.0,125.0,750.0,450.0,Studded chaps.png,Studded chaps
3783,Those studs should provide a bit more protection. Nice trim too!,7366,False,300.0,8.0,750.0,450.0,Studded chaps (g).png,Studded chaps (g)
3784,Those studs should provide a bit more protection. Nice trim too!,7368,False,300.0,8.0,750.0,450.0,Studded chaps (t).png,Studded chaps (t)
3785,I can use this to combine the forestry kit and log basket into one tool.,28149,True,2000.0,,5000.0,3000.0,Sturdy harness.png,Sturdy harness
3786,A Sulliuscep mushroom cap. Edible? Probably...,21626,True,1.0,100.0,3.0,1.0,Sulliuscep cap.png,Sulliuscep cap
3787,Are these explosive?,29084,True,12000.0,15.0,30000.0,18000.0,Sulphur blades.png,Sulphur blades
3788,All the fruits of a very small forest.,7218,True,56.0,10000.0,140.0,84.0,Summer pie.png,Summer pie
3789,A tablet containing a magic spell.,31441,True,1.0,,1.0,1.0,Summon boat (tablet).png,Summon boat
3790,A highly desirable liquor.,29421,True,40.0,,100.0,60.0,Sun-shine.png,Sun-shine
3791,Just the thing you need for a day in the sun.,29409,True,3.0,,8.0,4.0,Sunbeam ale.png,Sunbeam ale
3792,"A set containing a Sunfire Fanatic Helm, Sunfire Fanatic Platebody and Sunfire Fanatic Platelegs.",29424,True,22000.0,,55000.0,33000.0,Sunfire fanatic armour set.png,Sunfire fanatic armour set
3793,Chausses forged from sunfire.,28939,True,200000.0,,500000.0,300000.0,Sunfire fanatic chausses.png,Sunfire fanatic chausses
3794,A cuirass forged from sunfire.,28936,True,200000.0,,500000.0,300000.0,Sunfire fanatic cuirass.png,Sunfire fanatic cuirass
3795,A helmet forged from sunfire.,28933,True,150000.0,,375000.0,225000.0,Sunfire fanatic helm.png,Sunfire fanatic helm
3796,A fire rune empowered by the sun.,28929,True,8.0,18000.0,20.0,12.0,Sunfire rune.png,Sunfire rune
3797,Vaporised material from the sun.,28924,True,40.0,30000.0,100.0,60.0,Sunfire splinters 4.png,Sunfire splinters
3798,I don't think I can stick it back on.,29168,True,1.0,,1.0,1.0,Sunlight antelope antler.png,Sunlight antelope antler
3799,I can make something out of this.,29177,True,4.0,,10.0,6.0,Sunlight antelope fur.png,Sunlight antelope fur
3800,Bolts made from the antlers of a sunlight antelope.,28872,True,12.0,11000.0,31.0,18.0,Sunlight antler bolts 5.png,Sunlight antler bolts
3801,There's a sunlight moth in here.,28890,True,1.0,,1.0,1.0,Sunlight moth (item).png,Sunlight moth (item)
3802,There's a sunlight moth in here.,29210,True,12.0,,30.0,18.0,Sunlight moth mix (1).png,Sunlight moth mix (1)
3803,There's a sunlight moth in here.,29192,True,12.0,125.0,30.0,18.0,Sunlight moth mix (2).png,Sunlight moth mix (2)
3804,One dose of fishy super anti-firebreath potion.,21997,True,52.0,2000.0,132.0,79.0,Super antifire mix(1).png,Super antifire mix(1)
3805,Two doses of fishy super anti-firebreath potion.,21994,True,79.0,2000.0,198.0,118.0,Super antifire mix(2).png,Super antifire mix(2)
3806,1 dose of super anti-firebreath potion.,21987,True,272.0,2000.0,680.0,408.0,Super antifire potion(1).png,Super antifire potion(1)
3807,2 doses of super anti-firebreath potion.,21984,True,288.0,2000.0,720.0,432.0,Super antifire potion(2).png,Super antifire potion(2)
3808,3 doses of super anti-firebreath potion.,21981,True,304.0,2000.0,760.0,456.0,Super antifire potion(3).png,Super antifire potion(3)
3809,4 doses of super anti-firebreath potion.,21978,True,320.0,2000.0,800.0,480.0,Super antifire potion(4).png,Super antifire potion(4)
3810,1 dose of super Attack potion.,149,True,36.0,2000.0,90.0,54.0,Super attack(1).png,Super attack(1)
3811,2 doses of super Attack potion.,147,True,54.0,2000.0,135.0,81.0,Super attack(2).png,Super attack(2)
3812,3 doses of super Attack potion.,145,True,72.0,2000.0,180.0,108.0,Super attack(3).png,Super attack(3)
3813,4 doses of super Attack potion.,2436,True,90.0,2000.0,225.0,135.0,Super attack(4).png,Super attack(4)
3814,1 dose of super combat potion.,12701,True,16.0,2000.0,40.0,24.0,Super combat potion(1).png,Super combat potion(1)
3815,2 doses of super combat potion.,12699,True,36.0,2000.0,90.0,54.0,Super combat potion(2).png,Super combat potion(2)
3816,3 doses of super combat potion.,12697,True,68.0,2000.0,170.0,102.0,Super combat potion(3).png,Super combat potion(3)
3817,4 doses of super combat potion.,12695,True,100.0,2000.0,250.0,150.0,Super combat potion(4).png,Super combat potion(4)
3818,One dose of fishy super Defence potion.,11499,True,52.0,2000.0,132.0,79.0,Super def. mix(1).png,Super def. mix(1)
3819,Two doses of fishy super Defence potion.,11497,True,79.0,2000.0,198.0,118.0,Super def. mix(2).png,Super def. mix(2)
3820,1 dose of super Defence potion.,167,True,52.0,2000.0,132.0,79.0,Super defence(1).png,Super defence(1)
3821,2 doses of super Defence potion.,165,True,79.0,2000.0,198.0,118.0,Super defence(2).png,Super defence(2)
3822,3 doses of super Defence potion.,163,True,105.0,2000.0,264.0,158.0,Super defence(3).png,Super defence(3)
3823,4 doses of super Defence potion.,2442,True,132.0,2000.0,330.0,198.0,Super defence(4).png,Super defence(4)
3824,One dose of fishy super energy potion.,11483,True,36.0,2000.0,90.0,54.0,Super energy mix(1).png,Super energy mix(1)
3825,Two doses of fishy super energy potion.,11481,True,64.0,2000.0,160.0,96.0,Super energy mix(2).png,Super energy mix(2)
3826,1 dose of super energy potion.,3022,True,36.0,2000.0,90.0,54.0,Super energy(1).png,Super energy(1)
3827,2 doses of super energy potion.,3020,True,64.0,2000.0,160.0,96.0,Super energy(2).png,Super energy(2)
3828,3 doses of super energy potion.,3018,True,92.0,2000.0,230.0,138.0,Super energy(3).png,Super energy(3)
3829,4 doses of super energy potion.,3016,True,120.0,2000.0,300.0,180.0,Super energy(4).png,Super energy(4)
3830,1 dose of super fishing potion.,31611,True,16.0,,40.0,24.0,Super fishing potion(1).png,Super fishing potion(1)
3831,2 doses of super fishing potion.,31608,True,36.0,,90.0,54.0,Super fishing potion(2).png,Super fishing potion(2)
3832,3 doses of super fishing potion.,31605,True,68.0,,170.0,102.0,Super fishing potion(3).png,Super fishing potion(3)
3833,4 doses of super fishing potion.,31602,True,100.0,,250.0,150.0,Super fishing potion(4).png,Super fishing potion(4)
3834,1 dose of super hunter potion.,31635,True,16.0,,40.0,24.0,Super hunter potion(1).png,Super hunter potion(1)
3835,2 doses of super hunter potion.,31632,True,36.0,,90.0,54.0,Super hunter potion(2).png,Super hunter potion(2)
3836,3 doses of super hunter potion.,31629,True,68.0,,170.0,102.0,Super hunter potion(3).png,Super hunter potion(3)
3837,4 doses of super hunter potion.,31626,True,100.0,,250.0,150.0,Super hunter potion(4).png,Super hunter potion(4)
3838,A meaty and very hot kebab.,4608,True,1.0,15.0,3.0,1.0,Super kebab.png,Super kebab
3839,"A set containing 4-dose vials of Super Attack, Super Strength and Super Defence potions.",13066,True,40.0,2000.0,100.0,60.0,Super potion set.png,Super potion set
3840,One dose of fishy super restore potion.,11495,True,48.0,2000.0,120.0,72.0,Super restore mix(1).png,Super restore mix(1)
3841,Two doses of fishy super restore potion.,11493,True,72.0,2000.0,180.0,108.0,Super restore mix(2).png,Super restore mix(2)
3842,1 dose of super restore potion.,3030,True,48.0,2000.0,120.0,72.0,Super restore(1).png,Super restore(1)
3843,2 doses of super restore potion.,3028,True,72.0,2000.0,180.0,108.0,Super restore(2).png,Super restore(2)
3844,3 doses of super restore potion.,3026,True,96.0,2000.0,240.0,144.0,Super restore(3).png,Super restore(3)
3845,4 doses of super restore potion.,3024,True,120.0,2000.0,300.0,180.0,Super restore(4).png,Super restore(4)
3846,One dose of fishy super Strength potion.,11487,True,44.0,2000.0,110.0,66.0,Super str. mix(1).png,Super str. mix(1)
3847,Two doses of fishy super Strength potion.,11485,True,66.0,2000.0,165.0,99.0,Super str. mix(2).png,Super str. mix(2)
3848,1 dose of super Strength potion.,161,True,44.0,2000.0,110.0,66.0,Super strength(1).png,Super strength(1)
3849,2 doses of super Strength potion.,159,True,66.0,2000.0,165.0,99.0,Super strength(2).png,Super strength(2)
3850,3 doses of super Strength potion.,157,True,88.0,2000.0,220.0,132.0,Super strength(3).png,Super strength(3)
3851,4 doses of super Strength potion.,2440,True,110.0,2000.0,275.0,165.0,Super strength(4).png,Super strength(4)
3852,1 dose of super antipoison potion.,185,True,57.0,2000.0,144.0,86.0,Superantipoison(1).png,Superantipoison(1)
3853,2 doses of super antipoison potion.,183,True,86.0,2000.0,216.0,129.0,Superantipoison(2).png,Superantipoison(2)
3854,3 doses of super antipoison potion.,181,True,115.0,2000.0,288.0,172.0,Superantipoison(3).png,Superantipoison(3)
3855,4 doses of super antipoison potion.,2448,True,144.0,2000.0,360.0,216.0,Superantipoison(4).png,Superantipoison(4)
3856,One dose of fishy super Attack potion.,11471,True,36.0,2000.0,90.0,54.0,Superattack mix(1).png,Superattack mix(1)
3857,Two doses of fishy super Attack potion.,11469,True,54.0,2000.0,135.0,81.0,Superattack mix(2).png,Superattack mix(2)
3858,Super-good for the smallest or largest of plants.,6034,True,34.0,2000.0,85.0,51.0,Supercompost.png,Supercompost
3859,There's something unnatural about these bones.,22124,True,64.0,7500.0,160.0,96.0,Superior dragon bones.png,Superior dragon bones
3860,A very slimy and generally disgusting green lizard.,10149,True,20.0,125.0,50.0,30.0,Swamp lizard.png,Swamp lizard
3861,A tar-like substance mixed with flour and warmed.,1941,True,12.0,13000.0,30.0,18.0,Swamp paste.png,Swamp paste
3862,A foul smelling thick tar-like substance.,1939,True,1.0,13000.0,1.0,1.0,Swamp tar.png,Swamp tar
3863,A slippery little blighter.,2150,True,1.0,13000.0,2.0,1.0,Swamp toad (item).png,Swamp toad (item)
3864,Swamp weed found in the caves near Dorgesh-Kaan.,10978,True,1.0,13000.0,2.0,1.0,Swamp weed.png,Swamp weed
3865,"A set containing a Swampbark helm, Swampbark body, Swampbark legs, Swampbark boots and Swampbark gloves.",31160,True,58000.0,,145000.0,87000.0,Swampbark armour set.png,Swampbark armour set
3866,Keeps my chest protected.,25389,True,48000.0,,120000.0,72000.0,Swampbark body.png,Swampbark body
3867,Great foot protection.,25395,True,4000.0,,10000.0,6000.0,Swampbark boots.png,Swampbark boots
3868,These should protect my hands.,25392,True,4000.0,,10000.0,6000.0,Swampbark gauntlets.png,Swampbark gauntlets
3869,A rather interesting smelling helmet.,25398,True,6000.0,,15000.0,9000.0,Swampbark helm.png,Swampbark helm
3870,Strong leg protection.,25401,True,32000.0,,80000.0,48000.0,Swampbark legs.png,Swampbark legs
3871,Raw sweetcorn.,5986,True,3.0,11000.0,9.0,5.0,Sweetcorn.png,Sweetcorn
3872,A bowl of cooked sweetcorn.,7088,True,5.0,13000.0,13.0,7.0,Sweetcorn (bowl).png,Sweetcorn (bowl)
3873,A sweetcorn seed - plant in an allotment.,5320,True,3.0,600.0,8.0,4.0,Sweetcorn seed 5.png,Sweetcorn seed
3874,"An elegant feather from an albatross, not so swift anymore.",31952,True,3200.0,15.0,8000.0,4800.0,Swift albatross feather.png,Swift albatross feather
3875,A dull blade that moves at incredible speed.,24219,False,600.0,,1500.0,900.0,Swift blade.png,Swift blade
3876,I'd better be careful eating this!,373,False,32.0,6000.0,80.0,48.0,Swordfish.png,Swordfish
3877,"Sadly, the blades are only decorative",31193,True,,,100000.0,,Swords and emblem.png,Swords and emblem
3878,"Sadly, the blades are only decorative",31196,True,,,100000.0,,Swords and emblem (b).png,Swords and emblem (b)
3879,"Sadly, the blades are only decorative",31202,True,,,100000.0,,Swords and emblem (g).png,Swords and emblem (g)
3880,"Sadly, the blades are only decorative",31199,True,,,100000.0,,Swords and emblem (p).png,Swords and emblem (p)
3881,"Doesn't look too appetising, but looks can be deceiving.",31556,True,40.0,,100.0,60.0,Swordtip squid.png,Swordtip squid
3882,Teleports you to Tai bwo wannai.,12409,True,4.0,10000.0,10.0,6.0,Tai bwo wannai teleport.png,Tai bwo wannai teleport
3883,You can plant this in your garden.,8449,True,40000.0,10000.0,100000.0,60000.0,Tall box hedge (bagged).png,Tall box hedge (bagged)
3884,You can plant this in your garden.,8447,True,20000.0,10000.0,50000.0,30000.0,Tall fancy hedge (bagged).png,Tall fancy hedge (bagged)
3885,All for one and one for all!,2639,True,80.0,4.0,200.0,120.0,Tan cavalier.png,Tan cavalier
3886,It actually smells quite good.,2187,True,1.0,6000.0,2.0,1.0,Tangled toad's legs.png,Tangled toad's legs
3887,Maybe you could use a chisel to fletch this into a blowpipe.,12922,True,44000.0,5.0,110000.0,66000.0,Tanzanite fang.png,Tanzanite fang
3888,A teleport to your Bounty Hunter target.,24336,True,1.0,,1.0,1.0,Target teleport.png,Target teleport
3889,Unlocks the level 85 Target Teleport spell.,12846,True,12000.0,5.0,30000.0,18000.0,Target teleport scroll.png,Target teleport scroll
3890,A useful herb.,253,True,4.0,13000.0,11.0,6.0,Tarromin.png,Tarromin
3891,I need another ingredient to finish this Tarromin potion.,95,True,4.0,10000.0,11.0,6.0,Tarromin potion (unf).png,Tarromin potion (unf)
3892,A tarromin seed - plant in a herb patch.,5293,True,1.0,600.0,3.0,1.0,Tarromin seed 5.png,Tarromin seed
3893,"A thick, foul-smelling, tar-like substance with a red tinge.",10144,True,1.0,7000.0,1.0,1.0,Tarromin tar.png,Tarromin tar
3894,It's a shabby-looking graahk fur.,10097,True,36.0,10000.0,90.0,54.0,Tatty graahk fur.png,Tatty graahk fur
3895,It's a shabby-looking kyatt fur.,10101,True,48.0,10000.0,120.0,72.0,Tatty kyatt fur.png,Tatty kyatt fur
3896,It's a shabby-looking Larupia fur.,10093,True,24.0,10000.0,60.0,36.0,Tatty larupia fur.png,Tatty larupia fur
3897,"A red salt, that when burned with other salts provides various benefits.",22593,True,4.0,10000.0,10.0,6.0,Te salt.png,Te salt
3898,A teacher level wand.,6912,True,800.0,70.0,2000.0,1200.0,Teacher wand.png,Teacher wand
3899,How does it all fit in there?,8506,True,4.0,500.0,10.0,6.0,Teak armchair (flatpack).png,Teak armchair (flatpack)
3900,How does it all fit in there?,9860,True,4.0,500.0,10.0,6.0,Teak armour case (flatpack).png,Teak armour case (flatpack)
3901,How does it all fit in there?,8582,True,4.0,500.0,10.0,6.0,Teak bed (flatpack).png,Teak bed (flatpack)
3902,Feed and catch the birds by placing this in the right spot.,21521,True,2.0,250.0,5.0,3.0,Teak bird house.png,Teak bird house
3903,How does it all fit in there?,9844,True,4.0,500.0,10.0,6.0,Teak cape rack (flatpack).png,Teak cape rack (flatpack)
3904,How does it all fit in there?,8592,True,4.0,500.0,10.0,6.0,Teak clock (flatpack).png,Teak clock (flatpack)
3905,How does it all fit in there?,8568,True,4.0,500.0,10.0,6.0,Teak dining bench (flatpack).png,Teak dining bench (flatpack)
3906,How does it all fit in there?,8616,True,4.0,500.0,10.0,6.0,Teak drawers (flatpack).png,Teak drawers (flatpack)
3907,How does it all fit in there?,8602,True,4.0,500.0,10.0,6.0,Teak dresser (flatpack).png,Teak dresser (flatpack)
3908,Teak fancy dress box.,9866,True,4.0,500.0,10.0,6.0,Teak fancy dress box (flatpack).png,Teak fancy dress box (flatpack)
3909,Parts for creating a teak hull for a boat.,32047,True,500.0,100.0,1250.0,750.0,Teak hull parts.png,Teak hull parts
3910,How does it all fit in there?,8532,True,4.0,500.0,10.0,6.0,Teak kitchen table (flatpack).png,Teak kitchen table (flatpack)
3911,Some well-cut teak logs.,6333,True,12.0,13000.0,30.0,18.0,Teak logs.png,Teak logs
3912,Teak magic wardrobe.,9854,True,4.0,500.0,10.0,6.0,Teak magic wardrobe (flatpack).png,Teak magic wardrobe (flatpack)
3913,A plank of fine teak.,8780,True,200.0,13000.0,500.0,300.0,Teak plank.png,Teak plank
3914,Teak logs prepared with sacred oil for a funeral pyre.,6211,True,40.0,11000.0,100.0,60.0,Teak pyre logs.png,Teak pyre logs
3915,A boat repair kit made from teak.,31970,True,400.0,13000.0,1000.0,600.0,Teak repair kit.png,Teak repair kit
3916,This sapling is ready to be replanted in a hardwood tree patch.,21477,True,1.0,200.0,1.0,1.0,Teak sapling.png,Teak sapling
3917,Plant this in a plantpot of soil to grow a sapling.,21486,True,19.0,200.0,48.0,28.0,Teak seed 5.png,Teak seed
3918,A teak crossbow stock.,9446,True,30.0,10000.0,77.0,46.0,Teak stock.png,Teak stock
3919,How does it all fit in there?,8554,True,4.0,500.0,10.0,6.0,Teak table (flatpack).png,Teak table (flatpack)
3920,How does it all fit in there?,9850,True,4.0,500.0,10.0,6.0,Teak toy box (flatpack).png,Teak toy box (flatpack)
3921,How does it all fit in there?,9863,True,4.0,500.0,10.0,6.0,Teak treasure chest (flatpack).png,Teak treasure chest (flatpack)
3922,How does it all fit in there?,8618,True,4.0,500.0,10.0,6.0,Teak wardrobe (flatpack).png,Teak wardrobe (flatpack)
3923,Very stylish!,2924,False,200.0,150.0,500.0,300.0,Teal boots.png,Teal boots
3924,These will keep my hands warm!,2932,False,200.0,150.0,500.0,300.0,Teal gloves.png,Teal gloves
3925,A silly pointed hat.,2930,True,200.0,150.0,500.0,300.0,Teal hat.png,Teal hat
3926,Made by werewolves for werewolves.,2928,True,200.0,150.0,500.0,300.0,Teal robe bottoms.png,Teal robe bottoms
3927,Some fine werewolf clothing.,2926,True,200.0,150.0,500.0,300.0,Teal robe top.png,Teal robe top
3928,Ooohhh look at the dirty colours...,20217,False,20.0,4.0,50.0,30.0,Team cape i.png,Team cape i
3929,Ooohhh look at the dirty colours...,20214,False,20.0,4.0,50.0,30.0,Team cape x.png,Team cape x
3930,Ooohhh look at the dirty colours...,20211,False,20.0,4.0,50.0,30.0,Team cape zero.png,Team cape zero
3931,Ooohhh look at the pretty colours...,4315,False,20.0,150.0,50.0,30.0,Team-1 cape.png,Team-1 cape
3932,Ooohhh look at the pretty colours...,4333,False,20.0,150.0,50.0,30.0,Team-10 cape.png,Team-10 cape
3933,Ooohhh look at the pretty colours...,4335,False,20.0,150.0,50.0,30.0,Team-11 cape.png,Team-11 cape
3934,Ooohhh look at the pretty colours...,4337,False,20.0,150.0,50.0,30.0,Team-12 cape.png,Team-12 cape
3935,Ooohhh look at the pretty colours...,4339,False,20.0,150.0,50.0,30.0,Team-13 cape.png,Team-13 cape
3936,Ooohhh look at the pretty colours...,4341,False,20.0,150.0,50.0,30.0,Team-14 cape.png,Team-14 cape
3937,Ooohhh look at the pretty colours...,4343,False,20.0,150.0,50.0,30.0,Team-15 cape.png,Team-15 cape
3938,Ooohhh look at the pretty colours...,4345,False,20.0,150.0,50.0,30.0,Team-16 cape.png,Team-16 cape
3939,Ooohhh look at the pretty colours...,4347,False,20.0,150.0,50.0,30.0,Team-17 cape.png,Team-17 cape
3940,Ooohhh look at the pretty colours...,4349,False,20.0,150.0,50.0,30.0,Team-18 cape.png,Team-18 cape
3941,Ooohhh look at the pretty colours...,4351,False,20.0,150.0,50.0,30.0,Team-19 cape.png,Team-19 cape
3942,Ooohhh look at the pretty colours...,4317,False,20.0,150.0,50.0,30.0,Team-2 cape.png,Team-2 cape
3943,Ooohhh look at the pretty colours...,4353,False,20.0,150.0,50.0,30.0,Team-20 cape.png,Team-20 cape
3944,Ooohhh look at the pretty colours...,4355,False,20.0,150.0,50.0,30.0,Team-21 cape.png,Team-21 cape
3945,Ooohhh look at the pretty colours...,4357,False,20.0,150.0,50.0,30.0,Team-22 cape.png,Team-22 cape
3946,Ooohhh look at the pretty colours...,4359,False,20.0,150.0,50.0,30.0,Team-23 cape.png,Team-23 cape
3947,Ooohhh look at the pretty colours...,4361,False,20.0,150.0,50.0,30.0,Team-24 cape.png,Team-24 cape
3948,Ooohhh look at the pretty colours...,4363,False,20.0,150.0,50.0,30.0,Team-25 cape.png,Team-25 cape
3949,Ooohhh look at the pretty colours...,4365,False,20.0,150.0,50.0,30.0,Team-26 cape.png,Team-26 cape
3950,Ooohhh look at the pretty colours...,4367,False,20.0,150.0,50.0,30.0,Team-27 cape.png,Team-27 cape
3951,Ooohhh look at the pretty colours...,4369,False,20.0,150.0,50.0,30.0,Team-28 cape.png,Team-28 cape
3952,Ooohhh look at the pretty colours...,4371,False,20.0,150.0,50.0,30.0,Team-29 cape.png,Team-29 cape
3953,Ooohhh look at the pretty colours...,4319,False,20.0,150.0,50.0,30.0,Team-3 cape.png,Team-3 cape
3954,Ooohhh look at the pretty colours...,4373,False,20.0,150.0,50.0,30.0,Team-30 cape.png,Team-30 cape
3955,Ooohhh look at the pretty colours...,4375,False,20.0,150.0,50.0,30.0,Team-31 cape.png,Team-31 cape
3956,Ooohhh look at the pretty colours...,4377,False,20.0,150.0,50.0,30.0,Team-32 cape.png,Team-32 cape
3957,Ooohhh look at the pretty colours...,4379,False,20.0,150.0,50.0,30.0,Team-33 cape.png,Team-33 cape
3958,Ooohhh look at the pretty colours...,4381,False,20.0,150.0,50.0,30.0,Team-34 cape.png,Team-34 cape
3959,Ooohhh look at the pretty colours...,4383,False,20.0,150.0,50.0,30.0,Team-35 cape.png,Team-35 cape
3960,Ooohhh look at the pretty colours...,4385,False,20.0,150.0,50.0,30.0,Team-36 cape.png,Team-36 cape
3961,Ooohhh look at the pretty colours...,4387,False,20.0,150.0,50.0,30.0,Team-37 cape.png,Team-37 cape
3962,Ooohhh look at the pretty colours...,4389,False,20.0,150.0,50.0,30.0,Team-38 cape.png,Team-38 cape
3963,Ooohhh look at the pretty colours...,4391,False,20.0,150.0,50.0,30.0,Team-39 cape.png,Team-39 cape
3964,Ooohhh look at the pretty colours...,4321,False,20.0,150.0,50.0,30.0,Team-4 cape.png,Team-4 cape
3965,Ooohhh look at the pretty colours...,4393,False,20.0,150.0,50.0,30.0,Team-40 cape.png,Team-40 cape
3966,Ooohhh look at the pretty colours...,4395,False,20.0,150.0,50.0,30.0,Team-41 cape.png,Team-41 cape
3967,Ooohhh look at the pretty colours...,4397,False,20.0,150.0,50.0,30.0,Team-42 cape.png,Team-42 cape
3968,Ooohhh look at the pretty colours...,4399,False,20.0,150.0,50.0,30.0,Team-43 cape.png,Team-43 cape
3969,Ooohhh look at the pretty colours...,4401,False,20.0,150.0,50.0,30.0,Team-44 cape.png,Team-44 cape
3970,Ooohhh look at the pretty colours...,4403,False,20.0,150.0,50.0,30.0,Team-45 cape.png,Team-45 cape
3971,Ooohhh look at the pretty colours...,4405,False,20.0,150.0,50.0,30.0,Team-46 cape.png,Team-46 cape
3972,Ooohhh look at the pretty colours...,4407,False,20.0,150.0,50.0,30.0,Team-47 cape.png,Team-47 cape
3973,Ooohhh look at the pretty colours...,4409,False,20.0,150.0,50.0,30.0,Team-48 cape.png,Team-48 cape
3974,Ooohhh look at the pretty colours...,4411,False,20.0,150.0,50.0,30.0,Team-49 cape.png,Team-49 cape
3975,Ooohhh look at the pretty colours...,4323,False,20.0,150.0,50.0,30.0,Team-5 cape.png,Team-5 cape
3976,Ooohhh look at the pretty colours...,4413,False,20.0,150.0,50.0,30.0,Team-50 cape.png,Team-50 cape
3977,Ooohhh look at the pretty colours...,4325,False,20.0,150.0,50.0,30.0,Team-6 cape.png,Team-6 cape
3978,Ooohhh look at the pretty colours...,4327,False,20.0,150.0,50.0,30.0,Team-7 cape.png,Team-7 cape
3979,Ooohhh look at the pretty colours...,4329,False,20.0,150.0,50.0,30.0,Team-8 cape.png,Team-8 cape
3980,Ooohhh look at the pretty colours...,4331,False,20.0,150.0,50.0,30.0,Team-9 cape.png,Team-9 cape
3981,"Reduces the risk of hand severage when poking large, vicious carnivores.",10029,True,20.0,40.0,50.0,30.0,Teasing stick.png,Teasing stick
3982,I thought this would be slimier.,28834,True,80.0,125.0,200.0,120.0,Tecu salamander.png,Tecu salamander
3983,A formidable magic spell which prevents unwanted teleportation.,29455,True,20000.0,5.0,50000.0,30000.0,Teleport anchoring scroll.png,Teleport anchoring scroll
3984,A card which has magical properties.,13658,False,,500.0,100.0,,Teleport card.png,Teleport card
3985,A tablet containing a magic spell.,31443,True,1.0,,1.0,1.0,Teleport to boat (tablet).png,Teleport to boat
3986,A teleport to one's own house.,8013,True,1.0,15000.0,1.0,1.0,Teleport to house (tablet).png,Teleport to house (tablet)
3987,A mighty sceptre used in long forgotten battles.,27785,True,48000.0,8.0,120000.0,72000.0,Thammaron's sceptre (au).png,Thammaron's sceptre (au)
3988,A mighty sceptre used in long forgotten battles.,22552,True,48000.0,8.0,120000.0,72000.0,Thammaron's sceptre (u).png,Thammaron's sceptre (u)
3989,A wooden pole for use in primitive construction.,6285,True,8.0,100.0,20.0,12.0,Thatch spar dense.png,Thatch spar dense
3990,A wooden pole for use in primitive construction.,6281,True,4.0,100.0,10.0,6.0,Thatch spar light.png,Thatch spar light
3991,A wooden pole for use in primitive construction.,6283,True,6.0,100.0,15.0,9.0,Thatch spar med.png,Thatch spar med
3992,A dog couldn't wield a sword this powerful.,33038,True,,,,,The dogsword.png,The dogsword
3993,A good place to store your stolen goods.,23224,True,400.0,8.0,1000.0,600.0,Thieving bag.png,Thieving bag
3994,"The thin, slimy corpse of a deceased giant snail.",3363,True,2.0,13000.0,5.0,3.0,Thin snail.png,Thin snail
3995,A succulently slimy slice of sumptuous snail.,3369,True,4.0,6000.0,10.0,6.0,Thin snail meat.png,Thin snail meat
3996,You can plant this in your garden.,8437,True,2000.0,10000.0,5000.0,3000.0,Thorny hedge (bagged).png,Thorny hedge (bagged)
3997,Used with a needle to make clothes.,1734,False,1.0,18000.0,1.0,1.0,Thread.png,Thread
3998,"A powerful Khopesh, imbued with the power of thunder and lightning.",33041,True,,,,,Thunder khopesh.png,Thunder khopesh
3999,Makes me feel like a Princess.,5525,False,40.0,10000.0,100.0,60.0,Tiara.png,Tiara
4000,A mould for tiaras.,5523,False,40.0,40.0,100.0,60.0,Tiara mould.png,Tiara mould
4001,"A hefty beam of timber, perfect for building temples.",8837,True,1.0,13000.0,1.0,1.0,Timber beam.png,Timber beam
4002,This needs refining.,438,False,1.0,13000.0,3.0,1.0,Tin ore.png,Tin ore
4003,Useful for lighting a fire.,590,False,1.0,40.0,1.0,1.0,Tinderbox.png,Tinderbox
4004,It actually smells quite good.,2255,True,1.0,6000.0,2.0,1.0,Toad batta.png,Toad batta
4005,It actually smells quite good.,2217,True,1.0,6000.0,2.0,1.0,Toad crunchies.png,Toad crunchies
4006,They're a gnome delicacy apparently.,2152,True,1.0,13000.0,2.0,1.0,Toad's legs.png,Toad's legs
4007,A useful herb.,2998,True,19.0,13000.0,48.0,28.0,Toadflax.png,Toadflax
4008,I need another ingredient to finish this Toadflax potion.,3002,True,19.0,10000.0,48.0,28.0,Toadflax potion (unf).png,Toadflax potion (unf)
4009,A toadflax seed - plant in a herb patch.,5296,True,4.0,600.0,10.0,6.0,Toadflax seed 5.png,Toadflax seed
4010,A spiked shield of obsidian.,6524,True,18000.0,70.0,45000.0,27000.0,Toktz-ket-xil.png,Toktz-ket-xil
4011,A staff of obsidian.,6526,True,14000.0,70.0,35000.0,21000.0,Toktz-mej-tal.png,Toktz-mej-tal
4012,A razor sharp sword of obsidian.,6523,True,16000.0,70.0,40000.0,24000.0,Toktz-xil-ak.png,Toktz-xil-ak
4013,A large knife of obsidian.,6525,True,10000.0,70.0,25000.0,15000.0,Toktz-xil-ek.png,Toktz-xil-ek
4014,A razor sharp ring of obsidian.,6522,True,100.0,11000.0,250.0,150.0,Toktz-xil-ul.png,Toktz-xil-ul
4015,This would make good ketchup.,1982,False,1.0,13000.0,4.0,2.0,Tomato.png,Tomato
4016,A tomato seed - plant in an allotment.,5322,True,1.0,600.0,4.0,2.0,Tomato seed 5.png,Tomato seed
4017,A fruit basket filled with tomatoes.,5968,True,1.0,600.0,1.0,1.0,Tomatoes(5).png,Tomatoes(5)
4018,An ancient tome containing the secrets of earth magic.,30066,True,8000.0,,20000.0,12000.0,Tome of earth (empty).png,Tome of earth (empty)
4019,An ancient tome containing the secrets of fire magic.,20716,True,8000.0,15.0,20000.0,12000.0,Tome of fire (empty).png,Tome of fire (empty)
4020,An ancient tome containing the secrets of water magic.,25576,True,7800.0,,19500.0,11700.0,Tome of water (empty).png,Tome of water (empty)
4021,A rebounding throwing weapon of devastating proportions.,28919,True,240000.0,,600000.0,360000.0,Tonalztics of ralos (uncharged).png,Tonalztics of ralos (uncharged)
4022,A rich and bold Darkfrost White that's considered by some to be sacred.,29958,True,240.0,,600.0,360.0,Tonameyo white.png,Tonameyo white
4023,The tooth end of the mysterious Crystal Key. Can you find the other half?,985,True,40.0,11000.0,100.0,60.0,Tooth half of key.png,Tooth half of key
4024,Aint no rabbits in this hat.,12432,True,720.0,4.0,1800.0,1080.0,Top hat.png,Top hat
4025,Like a sir.,12434,True,1600.0,4.0,4000.0,2400.0,Top hat & monocle.png,Top hat & monocle
4026,I wonder if I can get this enchanted.,21114,True,500.0,10000.0,1250.0,750.0,Topaz amulet.png,Topaz amulet
4027,It needs a string so I can wear it.,21105,True,510.0,10000.0,1275.0,765.0,Topaz amulet (u).png,Topaz amulet (u)
4028,Red Topaz bolt tips.,9188,True,5.0,11000.0,13.0,7.0,Topaz bolt tips 5.png,Topaz bolt tips
4029,Topaz tipped Steel crossbow bolts.,9336,True,8.0,11000.0,22.0,13.0,Topaz bolts 5.png,Topaz bolts
4030,Enchanted Red Topaz tipped Steel Crossbow Bolts.,9239,True,9.0,11000.0,24.0,14.0,Topaz bolts (e) 5.png,Topaz bolts (e)
4031,I wonder if this is valuable.,21123,True,600.0,10000.0,1500.0,900.0,Topaz bracelet.png,Topaz bracelet
4032,"Dragon crossbow bolts, tipped with red topaz.",21961,True,280.0,11000.0,700.0,420.0,Topaz dragon bolts 5.png,Topaz dragon bolts
4033,"Enchanted Dragon crossbow bolts, tipped with red topaz.",21938,True,292.0,11000.0,730.0,438.0,Topaz dragon bolts (e) 5.png,Topaz dragon bolts (e)
4034,I wonder if this is valuable.,21096,True,570.0,10000.0,1425.0,855.0,Topaz necklace.png,Topaz necklace
4035,A valuable ring.,21087,True,570.0,10000.0,1425.0,855.0,Topaz ring.png,Topaz ring
4036,You can plant this in your garden.,8443,True,8000.0,10000.0,20000.0,12000.0,Topiary hedge (bagged).png,Topiary hedge (bagged)
4037,"A set containing a Torag's helm, platelegs, platebody and hammers.",12879,True,160000.0,8.0,400000.0,240000.0,Torag's armour set.png,Torag's armour set
4038,Torag the Corrupted's twin hammers.,4747,True,64000.0,15.0,160000.0,96000.0,Torag's hammers.png,Torag's hammers
4039,Torag the Corrupted's twin hammers.,4962,True,64000.0,15.0,160000.0,96000.0,Torag's hammers 0.png,Torag's hammers 0
4040,Torag the Corrupted's helm.,4745,True,41200.0,15.0,103000.0,61800.0,Torag's helm.png,Torag's helm
4041,Torag the Corrupted's helm.,4956,True,41200.0,15.0,103000.0,61800.0,Torag's helm 0.png,Torag's helm 0
4042,Torag the Corrupted's platebody armour.,4749,True,112000.0,15.0,280000.0,168000.0,Torag's platebody.png,Torag's platebody
4043,Torag the Corrupted's platebody armour.,4968,True,112000.0,15.0,280000.0,168000.0,Torag's platebody 0.png,Torag's platebody 0
4044,Torag the Corrupted's plate leg armour.,4751,True,110000.0,15.0,275000.0,165000.0,Torag's platelegs.png,Torag's platelegs
4045,Torag the Corrupted's plate leg armour.,4974,True,110000.0,15.0,275000.0,165000.0,Torag's platelegs 0.png,Torag's platelegs 0
4046,A deep sense of torment burns within this powerful bracelet.,19544,True,80400.0,8.0,201000.0,120600.0,Tormented bracelet.png,Tormented bracelet
4047,Use on a tormented bracelet to make it look fancier!,23348,True,2000.0,4.0,5000.0,3000.0,Tormented ornament kit.png,Tormented ornament kit
4048,Glowing hot and writhing in pain.,29580,True,320000.0,5.0,800000.0,480000.0,Tormented synapse.png,Tormented synapse
4049,Scrawled words that can invoke the power of the gods.,21047,True,32000.0,5.0,80000.0,48000.0,Torn prayer scroll.png,Torn prayer scroll
4050,A powerful herb.,269,True,30.0,11000.0,75.0,45.0,Torstol.png,Torstol
4051,I need another ingredient to finish this Torstol potion.,111,True,10.0,10000.0,25.0,15.0,Torstol potion (unf).png,Torstol potion (unf)
4052,A torstol seed - plant in a herb patch.,5304,True,28.0,200.0,70.0,42.0,Torstol seed 5.png,Torstol seed
4053,A word in your shell-like.,7939,True,400.0,7500.0,1000.0,600.0,Tortoise shell.png,Tortoise shell
4054,Use on an amulet of torture to make it look fancier!,20062,True,2000.0,4.0,5000.0,3000.0,Torture ornament kit.png,Torture ornament kit
4055,"A set containing a Torva full helm, Torva platebody and Torva platelegs.",31145,True,58000.0,,145000.0,87000.0,Torva armour set.png,Torva armour set
4056,An ancient warrior's full helm.,26382,True,80000.0,8.0,200000.0,120000.0,Torva full helm.png,Torva full helm
4057,An ancient warrior's full helm.,26376,True,80000.0,8.0,200000.0,120000.0,Torva full helm (damaged).png,Torva full helm (damaged)
4058,An ancient warrior's platebody.,26384,True,240000.0,8.0,600000.0,360000.0,Torva platebody.png,Torva platebody
4059,An ancient warrior's platebody.,26378,True,240000.0,8.0,600000.0,360000.0,Torva platebody (damaged).png,Torva platebody (damaged)
4060,An ancient warrior's platelegs.,26386,True,160000.0,8.0,400000.0,240000.0,Torva platelegs.png,Torva platelegs
4061,An ancient warrior's platelegs.,26380,True,160000.0,8.0,400000.0,240000.0,Torva platelegs (damaged).png,Torva platelegs (damaged)
4062,Fires darts while coating them with venom.,12924,True,48000.0,8.0,120000.0,72000.0,Toxic blowpipe (empty).png,Toxic blowpipe (empty)
4063,It needs to be charged with Zulrah's scales.,12902,True,400002.0,8.0,1000006.0,600003.0,Toxic staff (uncharged).png,Toxic staff (uncharged)
4064,Nice bit of crafting!,7771,True,4.0,150.0,10.0,6.0,Toy cat.png,Toy cat
4065,Nice bit of crafting!,7763,True,4.0,150.0,10.0,6.0,Toy doll.png,Toy doll
4066,Nice bit of crafting!,7765,True,4.0,150.0,10.0,6.0,Toy doll.png,Toy doll (wound)
4067,Nice bit of crafting!,7767,True,4.0,150.0,10.0,6.0,Toy mouse.png,Toy mouse
4068,Nice bit of crafting!,7769,True,4.0,150.0,10.0,6.0,Toy mouse.png,Toy mouse (wound)
4069,Nice bit of crafting!,7759,True,4.0,150.0,10.0,6.0,Toy soldier.png,Toy soldier
4070,Nice bit of crafting!,7761,True,4.0,150.0,10.0,6.0,Toy soldier.png,Toy soldier (wound)
4071,Karamja currency.,6306,True,1.0,18000.0,1.0,1.0,Trading sticks 10000.png,Trading sticks
4072,A banner showcasing the colours of Leagues II - Trailblazer.,25056,True,400.0,5.0,1000.0,600.0,Trailblazer banner.png,Trailblazer banner
4073,The boots of a trailblazer relic hunter.,25037,True,6000.0,5.0,15000.0,9000.0,Trailblazer boots (t1).png,Trailblazer boots (t1)
4074,The boots of a trailblazer relic hunter.,25025,True,6000.0,5.0,15000.0,9000.0,Trailblazer boots (t2).png,Trailblazer boots (t2)
4075,The boots of a trailblazer relic hunter.,25010,True,60000.0,5.0,150000.0,90000.0,Trailblazer boots (t3).png,Trailblazer boots (t3)
4076,A cane of the trailblazer relic hunter.,25013,True,60000.0,5.0,150000.0,90000.0,Trailblazer cane.png,Trailblazer cane
4077,A globe which can be built into a statue in a PoH hotspot in your League Trophy Room.,25093,True,16000.0,5.0,40000.0,24000.0,Trailblazer globe.png,Trailblazer globe
4078,A dye which can be used to recolour a piece of graceful clothing.,25099,True,10000.0,6.0,25000.0,15000.0,Trailblazer graceful ornament kit.png,Trailblazer graceful ornament kit
4079,The headgear of a trailblazer relic hunter.,25028,True,6000.0,5.0,15000.0,9000.0,Trailblazer hood (t1).png,Trailblazer hood (t1)
4080,The headgear of a trailblazer relic hunter.,25016,True,6000.0,5.0,15000.0,9000.0,Trailblazer hood (t2).png,Trailblazer hood (t2)
4081,The headgear of a trailblazer relic hunter.,25001,True,60000.0,5.0,150000.0,90000.0,Trailblazer hood (t3).png,Trailblazer hood (t3)
4082,"A set containing Trailblazer boots (t1), Trailblazer trousers (t1), Trailblazer top (t1) and Trailblazer hood (t1).",25380,True,20000.0,,50000.0,30000.0,Trailblazer relic hunter (t1) armour set.png,Trailblazer relic hunter (t1) armour set
4083,"A set containing Trailblazer boots (t2), Trailblazer trousers (t2), Trailblazer top (t2) and Trailblazer hood (t2).",25383,True,20000.0,,50000.0,30000.0,Trailblazer relic hunter (t2) armour set.png,Trailblazer relic hunter (t2) armour set
4084,"A set containing Trailblazer boots (t3), Trailblazer trousers (t3), Trailblazer top (t3) and Trailblazer hood (t3).",25386,True,20000.0,,50000.0,30000.0,Trailblazer relic hunter (t3) armour set.png,Trailblazer relic hunter (t3) armour set
4085,A scroll which unlocks the Trailblazer Reloaded Alchemy animation.,28693,True,10000.0,,25000.0,15000.0,Trailblazer reloaded alchemy scroll.png,Trailblazer reloaded alchemy scroll
4086,A banner showcasing the colours of Leagues IV: Trailblazer Reloaded.,28702,True,400.0,,1000.0,600.0,Trailblazer reloaded banner.png,Trailblazer reloaded banner
4087,Used on an uncharged Toxic Blowpipe to give it the a theme from Leagues IV: Trailblazer Reloaded.,28690,True,2000.0,,5000.0,3000.0,Trailblazer reloaded blowpipe ornament kit.png,Trailblazer reloaded blowpipe ornament kit
4088,The boots of a Trailblazer Reloaded Relic Hunter.,28721,True,6000.0,,15000.0,9000.0,Trailblazer reloaded boots (t1).png,Trailblazer reloaded boots (t1)
4089,The boots of a Trailblazer Reloaded Relic Hunter.,28733,True,6000.0,,15000.0,9000.0,Trailblazer reloaded boots (t2).png,Trailblazer reloaded boots (t2)
4090,The boots of a Trailblazer Reloaded Relic Hunter.,28745,True,6000.0,,15000.0,9000.0,Trailblazer reloaded boots (t3).png,Trailblazer reloaded boots (t3)
4091,Used on the Dinh's Bulwark to give it a theme from Leagues IV: Trailblazer Reloaded.,28684,True,2000.0,,5000.0,3000.0,Trailblazer reloaded bulwark ornament kit.png,Trailblazer reloaded bulwark ornament kit
4092,A scroll which unlocks the Trailblazer Reloaded death and respawn animation.,28699,True,10000.0,5.0,25000.0,15000.0,Trailblazer reloaded death scroll.png,Trailblazer reloaded death scroll
4093,The headgear of a Trailblazer Reloaded Relic Hunter.,28712,True,6000.0,,15000.0,9000.0,Trailblazer reloaded headband (t1).png,Trailblazer reloaded headband (t1)
4094,The headgear of a Trailblazer Reloaded Relic Hunter.,28724,True,6000.0,,15000.0,9000.0,Trailblazer reloaded headband (t2).png,Trailblazer reloaded headband (t2)
4095,The headgear of a Trailblazer Reloaded Relic Hunter.,28736,True,6000.0,,15000.0,9000.0,Trailblazer reloaded headband (t3).png,Trailblazer reloaded headband (t3)
4096,A scroll which unlocks the Trailblazer Reloaded Home Teleport animation.,28705,True,10000.0,5.0,25000.0,15000.0,Trailblazer reloaded home teleport scroll.png,Trailblazer reloaded home teleport scroll
4097,Used on an Ornate rejuvination pool inside your Player owned house to give it a theme from Leagues IV: Trailblazer Reloaded.,28708,True,10000.0,,25000.0,15000.0,Trailblazer reloaded rejuvenation pool scroll.png,Trailblazer reloaded rejuvenation pool scroll
4098,"A set containing Trailblazer Reloaded boots (t1), Trailblazer Reloaded trousers (t1), Trailblazer Reloaded top (t1) and Trailblazer Reloaded hood (t1).",28777,True,20000.0,,50000.0,30000.0,Trailblazer reloaded relic hunter (t1) armour set.png,Trailblazer reloaded relic hunter (t1) armour set
4099,"A set containing Trailblazer Reloaded boots (t2), Trailblazer Reloaded trousers (t2), Trailblazer Reloaded top (t2) and Trailblazer Reloaded hood (t2).",28780,True,20000.0,,50000.0,30000.0,Trailblazer reloaded relic hunter (t2) armour set.png,Trailblazer reloaded relic hunter (t2) armour set
4100,"A set containing Trailblazer Reloaded boots (t3), Trailblazer Reloaded trousers (t3), Trailblazer Reloaded top (t3) and Trailblazer Reloaded hood (t3).",28783,True,20000.0,,50000.0,30000.0,Trailblazer reloaded relic hunter (t3) armour set.png,Trailblazer reloaded relic hunter (t3) armour set
4101,The shirt of a Trailblazer Reloaded Relic Hunter.,28715,True,6000.0,,15000.0,9000.0,Trailblazer reloaded top (t1).png,Trailblazer reloaded top (t1)
4102,The shirt of a Trailblazer Reloaded Relic Hunter.,28727,True,6000.0,,15000.0,9000.0,Trailblazer reloaded top (t2).png,Trailblazer reloaded top (t2)
4103,The shirt of a Trailblazer Reloaded Relic Hunter.,28739,True,6000.0,,15000.0,9000.0,Trailblazer reloaded top (t3).png,Trailblazer reloaded top (t3)
4104,The torch of a Trailblazer Reloaded Relic Hunter.,28748,True,6000.0,,15000.0,9000.0,Trailblazer reloaded torch.png,Trailblazer reloaded torch
4105,The trousers of a Trailblazer Reloaded Relic Hunter.,28718,True,6000.0,,15000.0,9000.0,Trailblazer reloaded trousers (t1).png,Trailblazer reloaded trousers (t1)
4106,The trousers of a Trailblazer Reloaded Relic Hunter.,28730,True,6000.0,,15000.0,9000.0,Trailblazer reloaded trousers (t2).png,Trailblazer reloaded trousers (t2)
4107,The trousers of a Trailblazer Reloaded Relic Hunter.,28742,True,6000.0,,15000.0,9000.0,Trailblazer reloaded trousers (t3).png,Trailblazer reloaded trousers (t3)
4108,A scroll which unlocks the Trailblazer Reloaded Vengeance animation.,28696,True,10000.0,,25000.0,15000.0,Trailblazer reloaded vengeance scroll.png,Trailblazer reloaded vengeance scroll
4109,A rug which can be built into a rug hotspot in your PoH League Trophy Room.,25096,True,20000.0,5.0,50000.0,30000.0,Trailblazer rug.png,Trailblazer rug
4110,A scroll which unlocks the Leagues II - Trailblazer home teleport animation.,25087,True,10000.0,5.0,25000.0,15000.0,Trailblazer teleport scroll.png,Trailblazer teleport scroll
4111,"A kit which can be attached to any Dragon or Infernal axe, pickaxe or harpoon to recolour it.",25090,True,10000.0,5.0,25000.0,15000.0,Trailblazer tool ornament kit.png,Trailblazer tool ornament kit
4112,The coat of a trailblazer relic hunter.,25031,True,6000.0,5.0,15000.0,9000.0,Trailblazer top (t1).png,Trailblazer top (t1)
4113,The coat of a trailblazer relic hunter.,25019,True,6000.0,5.0,15000.0,9000.0,Trailblazer top (t2).png,Trailblazer top (t2)
4114,The coat of a trailblazer relic hunter.,25004,True,60000.0,5.0,150000.0,90000.0,Trailblazer top (t3).png,Trailblazer top (t3)
4115,The trousers of a trailblazer relic hunter.,25034,True,6000.0,5.0,15000.0,9000.0,Trailblazer trousers (t1).png,Trailblazer trousers (t1)
4116,The trousers of a trailblazer relic hunter.,25022,True,6000.0,5.0,15000.0,9000.0,Trailblazer trousers (t2).png,Trailblazer trousers (t2)
4117,The trousers of a trailblazer relic hunter.,25007,True,60000.0,5.0,150000.0,90000.0,Trailblazer trousers (t3).png,Trailblazer trousers (t3)
4118,A glass of frothy ale.,29277,True,1.0,,2.0,1.0,Trapper's tipple.png,Trapper's tipple
4119,A razor sharp ring.,12605,True,20000.0,8.0,50000.0,30000.0,Treasonous ring.png,Treasonous ring
4120,A freshly made triangle sandwich.,6962,False,10.0,6000.0,25.0,15.0,Triangle sandwich.png,Triangle sandwich
4121,A ceremonial wooden mask.,6339,True,200.0,150.0,500.0,300.0,Tribal mask (combat).png,Tribal mask (combat)
4122,A ceremonial wooden mask.,6337,True,200.0,150.0,500.0,300.0,Tribal mask (disease).png,Tribal mask (disease)
4123,A ceremonial wooden mask.,6335,True,200.0,150.0,500.0,300.0,Tribal mask (poison).png,Tribal mask (poison)
4124,Local dress.,6351,True,120.0,150.0,300.0,180.0,Tribal top (blue).png,Tribal top (blue)
4125,Local dress.,6341,True,120.0,150.0,300.0,180.0,Tribal top (brown).png,Tribal top (brown)
4126,Local dress.,6371,True,120.0,150.0,300.0,180.0,Tribal top (pink).png,Tribal top (pink)
4127,Local dress.,6361,True,120.0,150.0,300.0,180.0,Tribal top (yellow).png,Tribal top (yellow)
4128,A weapon from the deep.,11905,True,27600.0,8.0,69000.0,41400.0,Trident of the seas (full).png,Trident of the seas (full)
4129,A magic rock! This one gives you a random blighted weapon instead.,28567,True,4000.0,,10000.0,6000.0,Trinket of advanced weaponry.png,Trinket of advanced weaponry
4130,A magic rock! This one automatically notes and retrieves drops.,33044,True,,,,,Trinket of avarice.png,Trinket of avarice
4131,A magic rock! This one smells funny and lets you teleport.,28564,True,4000.0,,10000.0,6000.0,Trinket of fairies.png,Trinket of fairies
4132,A magic rock! This one increases the chance of obtaining rare items. Teleportation will behave as if you were skulled.,33050,True,,,,,Trinket of fortuity.png,Trinket of fortuity (active)
4133,A magic rock! This one increases the chance of obtaining rare items when active.,33047,True,,,,,Trinket of fortuity (inactive).png,Trinket of fortuity (inactive)
4134,A magic rock! This one gives you random thralls.,28570,True,4000.0,,10000.0,6000.0,Trinket of undead.png,Trinket of undead
4135,A magic rock! This one casts the Vengeance spell.,28561,True,4000.0,,10000.0,6000.0,Trinket of vengeance.png,Trinket of vengeance
4136,"A pair of long dwarven trousers... long for dwarves, of course.",5040,True,300.0,150.0,750.0,450.0,Trousers (blue).png,Trousers (blue)
4137,"A pair of long dwarven trousers... long for dwarves, of course.",5036,True,220.0,150.0,550.0,330.0,Trousers (brown).png,Trousers (brown)
4138,"A pair of long dwarven trousers... long for dwarves, of course.",5038,True,280.0,150.0,700.0,420.0,Trousers (lilac).png,Trousers (lilac)
4139,Some nicely cooked trout.,333,False,4.0,6000.0,10.0,6.0,Trout.png,Trout
4140,Take it to Perdu to help you avoid losing certain items.,24187,True,80.0,,200.0,120.0,Trouver parchment.png,Trouver parchment
4141,An ancient staff created using a higher power.,27277,True,2800000.0,8.0,7000000.0,4200000.0,Tumeken's shadow (uncharged).png,Tumeken's shadow (uncharged)
4142,"Wow, this is a big fish.",361,False,16.0,6000.0,40.0,24.0,Tuna.png,Tuna
4143,A bowl of cooked tuna and sweetcorn.,7068,True,45.0,13000.0,113.0,67.0,Tuna and corn.png,Tuna and corn
4144,A baked potato with tuna and sweetcorn.,7060,True,45.0,13000.0,113.0,67.0,Tuna potato.png,Tuna potato
4145,"They're soft, silky and turquoise.",634,True,80.0,150.0,200.0,120.0,Turquoise boots.png,Turquoise boots
4146,A silly turquoise pointed hat.,664,True,64.0,150.0,160.0,96.0,Turquoise hat.png,Turquoise hat
4147,Made by Tree Gnomes with a thing for turquoise.,654,True,72.0,150.0,180.0,108.0,Turquoise robe bottoms.png,Turquoise robe bottoms
4148,"The ultimate in gnome design, now in turquoise!",644,True,72.0,150.0,180.0,108.0,Turquoise robe top.png,Turquoise robe top
4149,A magical staff imbued with the power of ice and fire.,30634,True,20000.0,8.0,50000.0,30000.0,Twinflame staff.png,Twinflame staff
4150,A banner showcasing the colours of the Twisted League.,24413,True,400.0,5.0,1000.0,600.0,Twisted banner.png,Twisted banner
4151,A scroll which unlocks the twisted player-owned house wall-kit.,24463,True,10000.0,5.0,25000.0,15000.0,Twisted blueprints.png,Twisted blueprints
4152,The boots of a twisted relic hunter.,24411,True,400.0,5.0,1000.0,600.0,Twisted boots (t1).png,Twisted boots (t1)
4153,The boots of a twisted relic hunter.,24403,True,4000.0,5.0,10000.0,6000.0,Twisted boots (t2).png,Twisted boots (t2)
4154,The boots of a twisted relic hunter.,24393,True,40000.0,5.0,100000.0,60000.0,Twisted boots (t3).png,Twisted boots (t3)
4155,A mystical bow carved from the twisted remains of the Great Olm.,20997,True,1600000.0,8.0,4000000.0,2400000.0,Twisted bow.png,Twisted bow
4156,A buckler carved from the twisted remains of the Great Olm.,21000,True,36000.0,8.0,90000.0,54000.0,Twisted buckler.png,Twisted buckler
4157,A cane of the twisted relic hunter.,24395,True,400.0,10.0,1000.0,600.0,Twisted cane.png,Twisted cane
4158,The coat of a twisted relic hunter.,24407,True,400.0,5.0,1000.0,600.0,Twisted coat (t1).png,Twisted coat (t1)
4159,The coat of a twisted relic hunter.,24399,True,4000.0,5.0,10000.0,6000.0,Twisted coat (t2).png,Twisted coat (t2)
4160,The coat of a twisted relic hunter.,24389,True,40000.0,5.0,100000.0,60000.0,Twisted coat (t3).png,Twisted coat (t3)
4161,The headgear of a twisted relic hunter.,24405,True,400.0,5.0,1000.0,600.0,Twisted hat (t1).png,Twisted hat (t1)
4162,The headgear of a twisted relic hunter.,24397,True,4000.0,5.0,10000.0,6000.0,Twisted hat (t2).png,Twisted hat (t2)
4163,The headgear of a twisted relic hunter.,24387,True,40000.0,5.0,100000.0,60000.0,Twisted hat (t3).png,Twisted hat (t3)
4164,These look like they can be attached to a slayer helmet.,24466,True,40000.0,5.0,100000.0,60000.0,Twisted horns.png,Twisted horns
4165,"A set containing Twisted boots (t1), Twisted trousers (t1), Twisted coat (t1) and Twisted hat (t1).",24469,True,20000.0,5.0,50000.0,30000.0,Twisted relic hunter (t1) armour set.png,Twisted relic hunter (t1) armour set
4166,"A set containing Twisted boots (t2), Twisted trousers (t2), Twisted coat (t2) and Twisted hat (t2).",24472,True,20000.0,5.0,50000.0,30000.0,Twisted relic hunter (t2) armour set.png,Twisted relic hunter (t2) armour set
4167,"A set containing Twisted boots (t3), Twisted trousers (t3), Twisted coat (t3) and Twisted hat (t3).",24475,True,20000.0,5.0,50000.0,30000.0,Twisted relic hunter (t3) armour set.png,Twisted relic hunter (t3) armour set
4168,A scroll which unlocks the twisted home teleport animation.,24460,True,10000.0,5.0,25000.0,15000.0,Twisted teleport scroll.png,Twisted teleport scroll
4169,The trousers of a twisted relic hunter.,24409,True,400.0,5.0,1000.0,600.0,Twisted trousers (t1).png,Twisted trousers (t1)
4170,The trousers of a twisted relic hunter.,24401,True,4000.0,5.0,10000.0,6000.0,Twisted trousers (t2).png,Twisted trousers (t2)
4171,The trousers of a twisted relic hunter.,24391,True,40000.0,5.0,100000.0,60000.0,Twisted trousers (t3).png,Twisted trousers (t3)
4172,An incredibly heavy ring.,12603,True,20000.0,8.0,50000.0,30000.0,Tyrannical ring.png,Tyrannical ring
4173,As used by King Tyras' personal guard.,9629,True,220.0,150.0,550.0,330.0,Tyras helm.png,Tyras helm
4174,A mace of obsidian.,6527,True,12000.0,70.0,30000.0,18000.0,Tzhaar-ket-em.png,Tzhaar-ket-em
4175,A maul of obsidian.,6528,True,20000.0,70.0,50001.0,30000.0,Tzhaar-ket-om.png,Tzhaar-ket-om
4176,Use on the TzHaar-ket-om to trim and spike it.,23232,True,2000.0,4.0,5000.0,3000.0,Tzhaar-ket-om ornament kit.png,Tzhaar-ket-om ornament kit
4177,A mixture of chopped onions and ugthanki meat in a bowl.,1877,True,2.0,11000.0,7.0,4.0,Ugthanki & onion.png,Ugthanki & onion
4178,A mixture of chopped tomatoes and ugthanki meat in a bowl.,1879,True,2.0,11000.0,7.0,4.0,Ugthanki & tomato.png,Ugthanki & tomato
4179,A fresh kebab made from ugthanki meat.,1885,True,8.0,10000.0,20.0,12.0,Ugthanki kebab.png,Ugthanki kebab
4180,Freshly cooked ugthanki meat.,1861,True,2.0,11000.0,5.0,3.0,Ugthanki meat.png,Ugthanki meat
4181,An occult ring that grants immense physical power.,28307,True,56000.0,,140000.0,84000.0,Ultor ring.png,Ultor ring
4182,Ultra-good for the smallest or largest of plants.,21483,True,34.0,2000.0,85.0,51.0,Ultracompost.png,Ultracompost
4183,Seems to absorb light from all around it.,31487,True,62.0,11000.0,156.0,93.0,Umbral coral.png,Umbral coral
4184,This can be propagated in a coral nursery.,31515,True,31.0,200.0,78.0,46.0,Umbral frag.png,Umbral frag
4185,I need another ingredient to finish this Umbral potion.,31668,True,10.0,,25.0,15.0,Umbral potion (unf).png,Umbral potion (unf)
4186,A symbol of Saradomin.,1716,False,80.0,10000.0,200.0,120.0,Unblessed symbol.png,Unblessed symbol
4187,"It needs to be charged with death runes, chaos runes, fire runes and Zulrah's scales.",12900,True,31200.0,8.0,78000.0,46800.0,Uncharged toxic trident.png,Uncharged toxic trident
4188,"It needs to be charged with death runes, chaos runes, fire runes and Zulrah's scales.",22294,True,43200.0,8.0,108000.0,64800.0,Uncharged toxic trident (e).png,Uncharged toxic trident (e)
4189,"It needs to be charged with death runes, chaos runes, fire runes and coins.",11908,True,27200.0,8.0,68000.0,40800.0,Uncharged trident.png,Uncharged trident
4190,"It needs to be charged with death runes, chaos runes, fire runes and coins.",22290,True,39200.0,8.0,98000.0,58800.0,Uncharged trident (e).png,Uncharged trident (e)
4191,This would be much tastier cooked.,2317,False,6.0,13000.0,16.0,9.0,Uncooked apple pie.png,Uncooked apple pie
4192,This would be much more appetising cooked.,2321,False,2.0,13000.0,6.0,3.0,Uncooked berry pie.png,Uncooked berry pie
4193,This would be much tastier cooked.,19656,True,6.0,13000.0,16.0,9.0,Uncooked botanical pie.png,Uncooked botanical pie
4194,This would be much tastier cooked.,22789,True,16.0,10000.0,40.0,24.0,Uncooked dragonfruit pie.png,Uncooked dragonfruit pie
4195,A bowl of uncooked egg.,7076,True,3.0,13000.0,8.0,4.0,Uncooked egg.png,Uncooked egg
4196,This would be much healthier cooked.,2319,False,3.0,13000.0,8.0,4.0,Uncooked meat pie.png,Uncooked meat pie
4197,This would be much tastier cooked.,21684,True,6.0,13000.0,16.0,9.0,Uncooked mushroom pie.png,Uncooked mushroom pie
4198,This would be worth more cut.,1617,False,80.0,10000.0,200.0,120.0,Uncut diamond.png,Uncut diamond
4199,This would be worth more cut.,1631,True,400.0,10000.0,1000.0,600.0,Uncut dragonstone.png,Uncut dragonstone
4200,This would be worth more cut.,1621,False,20.0,10000.0,50.0,30.0,Uncut emerald.png,Uncut emerald
4201,This would be worth more cut.,1627,True,12.0,10000.0,30.0,18.0,Uncut jade.png,Uncut jade
4202,This would be worth more cut.,6571,True,80000.0,11000.0,200000.0,120000.0,Uncut onyx.png,Uncut onyx
4203,This would be worth more cut.,1625,True,8.0,10000.0,20.0,12.0,Uncut opal.png,Uncut opal
4204,This would be worth more cut.,1629,True,16.0,10000.0,40.0,24.0,Uncut red topaz.png,Uncut red topaz
4205,This would be worth more cut.,1619,False,40.0,10000.0,100.0,60.0,Uncut ruby.png,Uncut ruby
4206,This would be worth more cut.,1623,False,10.0,10000.0,25.0,15.0,Uncut sapphire.png,Uncut sapphire
4207,This would be worth more cut.,19496,True,30000.0,10000.0,75000.0,45000.0,Uncut zenyte.png,Uncut zenyte
4208,Add feathers to make broad-tipped crossbow bolts.,11876,True,22.0,7000.0,55.0,33.0,Unfinished broad bolts 5.png,Unfinished broad bolts
4209,I need another ingredient to finish this potion.,3406,True,4.0,10000.0,11.0,6.0,Unfinished potion.png,Unfinished potion
4210,I need to put this in a pottery oven.,1791,False,1.0,10000.0,2.0,1.0,Unfired bowl.png,Unfired bowl
4211,I need to put this in a pottery oven.,28193,True,1.0,,2.0,1.0,Unfired cup.png,Unfired cup
4212,I need to put this in a pottery oven.,1789,False,1.0,10000.0,3.0,1.0,Unfired pie dish.png,Unfired pie dish
4213,An unfired plant pot.,5352,True,1.0,10000.0,1.0,1.0,Unfired plant pot.png,Unfired plant pot
4214,I need to put this in a pottery oven.,1787,False,1.0,10000.0,1.0,1.0,Unfired pot.png,Unfired pot
4215,"This needs firing, then it should fit on a normal-sized pot.",4438,True,4.0,100.0,10.0,6.0,Unfired pot lid.png,Unfired pot lid
4216,"The Dark Lord will rise again with his servant's aid, greater and more terrible than ever he was.",20223,True,32.0,5.0,80.0,48.0,Unholy blessing.png,Unholy blessing
4217,A set containing the four pages of Zamorak's Unholy Book.,13151,True,2800.0,5.0,7000.0,4200.0,Unholy book page set.png,Unholy book page set
4218,An unholy symbol of Zamorak.,1724,True,80.0,125.0,200.0,120.0,Unholy symbol.png,Unholy symbol
4219,This horn has restorative properties.,237,True,8.0,13000.0,20.0,12.0,Unicorn horn.png,Unicorn horn
4220,Finely ground horn of Unicorn.,235,True,8.0,13000.0,20.0,12.0,Unicorn horn dust.png,Unicorn horn dust
4221,A lantern to aid attacking Harpie bugs.,7051,True,52.0,40.0,130.0,78.0,Unlit bug lantern.png,Unlit bug lantern
4222,An unlit home-made torch.,596,True,1.0,40.0,4.0,2.0,Unlit torch.png,Unlit torch
4223,I'd prefer it if it was powered.,567,True,40.0,10000.0,100.0,60.0,Unpowered orb.png,Unpowered orb
4224,An unblessed symbol of Zamorak.,1722,True,80.0,10000.0,200.0,120.0,Unpowered symbol.png,Unpowered symbol
4225,An unstrung composite ogre bow.,4825,True,36.0,10000.0,90.0,54.0,Unstrung comp bow.png,Unstrung comp bow
4226,It needs a string so I can wear it.,1720,True,80.0,10000.0,200.0,120.0,Unstrung emblem.png,Unstrung emblem
4227,Needs a suitably simian rope.,19607,True,20000.0,8.0,50000.0,30000.0,Unstrung heavy ballista.png,Unstrung heavy ballista
4228,Needs a suitably simian rope.,19604,True,20000.0,8.0,50000.0,30000.0,Unstrung light ballista.png,Unstrung light ballista
4229,It needs a string so I can wear it.,1714,False,80.0,10000.0,200.0,120.0,Unstrung symbol.png,Unstrung symbol
4230,This is top secret comrade...,23255,True,400.0,4.0,1000.0,600.0,Uri's hat.png,Uri's hat
4231,The remains of a deadly shade.,25419,True,1.0,7500.0,1.0,1.0,Urium remains.png,Urium remains
4232,"An ancient and peculiar chainmace, corrupted by the power of Callisto.",27657,True,70000.0,8.0,175000.0,105000.0,Ursine chainmace (u).png,Ursine chainmace (u)
4233,"A green salt that, when burned with other salts provides various benefits.",22597,True,4.0,10000.0,10.0,6.0,Urt salt.png,Urt salt
4234,That used to be a vampyre!,3325,True,1.0,11000.0,2.0,1.0,Vampyre dust.png,Vampyre dust
4235,A meaty Varlamorian kebab.,29900,True,1.0,,3.0,1.0,Varlamorian kebab.png,Varlamorian kebab
4236,A teleport to Varrock.,8007,True,1.0,15000.0,1.0,1.0,Varrock teleport (tablet).png,Varrock teleport (tablet)
4237,This looks pretty healthy.,2195,True,1.0,6000.0,2.0,1.0,Veg ball.png,Veg ball
4238,Well... it looks healthy.,2281,True,1.0,6000.0,2.0,1.0,Vegetable batta.png,Vegetable batta
4239,A bow used by hunters from a forgotten empire.,27612,True,300000.0,,750000.0,450000.0,Venator bow (uncharged).png,Venator bow (uncharged)
4240,An occult ring that grants immense dexterity.,28310,True,56000.0,,140000.0,84000.0,Venator ring.png,Venator ring
4241,A broken shard of an ancient weapon.,27614,True,60000.0,8.0,150000.0,90000.0,Venator shard.png,Venator shard
4242,"A set containing a Verac's helm, plateskirt, brassard and flail.",12875,True,160000.0,8.0,400000.0,240000.0,Verac's armour set.png,Verac's armour set
4243,Verac the Defiled's brassard.,4757,True,112000.0,15.0,280000.0,168000.0,Verac's brassard.png,Verac's brassard
4244,Verac the Defiled's brassard.,4992,True,112000.0,15.0,280000.0,168000.0,Verac's brassard 0.png,Verac's brassard 0
4245,Verac the Defiled's flail.,4755,True,64000.0,15.0,160000.0,96000.0,Verac's flail.png,Verac's flail
4246,Verac the Defiled's flail.,4986,True,64000.0,15.0,160000.0,96000.0,Verac's flail 0.png,Verac's flail 0
4247,Verac the Defiled's helm.,4753,True,41200.0,15.0,103000.0,61800.0,Verac's helm.png,Verac's helm
4248,Verac the Defiled's helm.,4980,True,41200.0,15.0,103000.0,61800.0,Verac's helm 0.png,Verac's helm 0
4249,Verac the Defiled's plate skirt.,4759,True,110000.0,15.0,275000.0,165000.0,Verac's plateskirt.png,Verac's plateskirt
4250,Verac the Defiled's plate skirt.,4998,True,110000.0,15.0,275000.0,165000.0,Verac's plateskirt 0.png,Verac's plateskirt 0
4251,A powerful chainbody.,22616,True,200000.0,10.0,500000.0,300000.0,Vesta's chainbody.png,Vesta's chainbody
4252,A powerful longsword.,22613,True,120000.0,10.0,300000.0,180000.0,Vesta's longsword.png,Vesta's longsword
4253,A powerful plateskirt.,22619,True,200000.0,10.0,500000.0,300000.0,Vesta's plateskirt.png,Vesta's plateskirt
4254,A powerful spear.,22610,True,120000.0,10.0,300000.0,180000.0,Vesta's spear.png,Vesta's spear
4255,An empty glass vial.,229,False,1.0,13000.0,2.0,1.0,Vial.png,Vial
4256,A glass vial containing blood.,22446,True,40.0,13000.0,100.0,60.0,Vial of blood.png,Vial of blood
4257,A glass vial containing water.,227,False,1.0,13000.0,2.0,1.0,Vial of water.png,Vial of water
4258,An ancient chainmace with a peculiar mechanism that allows for varying attack styles.,22542,True,48000.0,8.0,120000.0,72000.0,Viggora's chainmace (u).png,Viggora's chainmace (u)
4259,A heap of ashes.,25769,False,1.0,3000.0,1.0,1.0,Vile ashes.png,Vile ashes
4260,"A light blue armband, as worn by the Tai Bwo Wannai locals.",6359,True,60.0,150.0,150.0,90.0,Villager armband (blue).png,Villager armband (blue)
4261,"A brown armband, as worn by the Tai Bwo Wannai locals.",6347,True,60.0,150.0,150.0,90.0,Villager armband (brown).png,Villager armband (brown)
4262,"A white armband, as worn by the Tai Bwo Wannai locals.",6379,True,60.0,150.0,150.0,90.0,Villager armband (pink).png,Villager armband (pink)
4263,"A dark blue armband, as worn by the Tai Bwo Wannai locals.",6369,True,60.0,150.0,150.0,90.0,Villager armband (yellow).png,Villager armband (yellow)
4264,A brightly coloured hat prized by the Tai Bwo Wannai peoples.,6355,True,80.0,150.0,200.0,120.0,Villager hat (blue).png,Villager hat (blue)
4265,A brightly coloured hat prized by the Tai Bwo Wannai peoples.,6345,True,80.0,150.0,200.0,120.0,Villager hat (brown).png,Villager hat (brown)
4266,A brightly coloured hat prized by the Tai Bwo Wannai peoples.,6375,True,80.0,150.0,200.0,120.0,Villager hat (pink).png,Villager hat (pink)
4267,A brightly coloured hat prized by the Tai Bwo Wannai peoples.,6365,True,80.0,150.0,200.0,120.0,Villager hat (yellow).png,Villager hat (yellow)
4268,A brightly coloured robe prized by the Tai Bwo Wannai peoples.,6353,True,100.0,150.0,250.0,150.0,Villager robe (blue).png,Villager robe (blue)
4269,A brightly coloured robe prized by the Tai Bwo Wannai peoples.,6343,True,100.0,150.0,250.0,150.0,Villager robe (brown).png,Villager robe (brown)
4270,A brightly coloured robe prized by the Tai Bwo Wannai peoples.,6373,True,100.0,150.0,250.0,150.0,Villager robe (pink).png,Villager robe (pink)
4271,A brightly coloured robe prized by the Tai Bwo Wannai peoples.,6363,True,100.0,150.0,250.0,150.0,Villager robe (yellow).png,Villager robe (yellow)
4272,A brightly coloured pair of local sandals.,6357,True,40.0,150.0,100.0,60.0,Villager sandals (blue).png,Villager sandals (blue)
4273,A brightly coloured pair of local sandals.,6349,True,40.0,150.0,100.0,60.0,Villager sandals (brown).png,Villager sandals (brown)
4274,A brightly coloured pair of local sandals.,6377,True,40.0,150.0,100.0,60.0,Villager sandals (pink).png,Villager sandals (pink)
4275,A brightly coloured pair of local sandals.,6367,True,40.0,150.0,100.0,60.0,Villager sandals (yellow).png,Villager sandals (yellow)
4276,"A set containing a Virtus mask, Virtus robe top and Virtus robe bottom.",31148,True,58000.0,,145000.0,87000.0,Virtus armour set.png,Virtus armour set
4277,An ancient mage's mask.,26241,True,80000.0,8.0,200000.0,120000.0,Virtus mask.png,Virtus mask
4278,An ancient mage's robe bottom.,26245,True,160000.0,8.0,400000.0,240000.0,Virtus robe bottom.png,Virtus robe bottom
4279,An ancient mage's robe top.,26243,True,240000.0,8.0,600000.0,360000.0,Virtus robe top.png,Virtus robe top
4280,An absolutely clear spirit.,2015,True,2.0,13000.0,5.0,3.0,Vodka.png,Vodka
4281,A truly fearsome weapon.,27690,True,800000.0,70.0,2000000.0,1200000.0,Voidwaker.png,Voidwaker
4282,The blade of a broken sword.,27684,True,320000.0,8.0,800000.0,480000.0,Voidwaker blade.png,Voidwaker blade
4283,The gem of a broken sword.,27687,True,320000.0,8.0,800000.0,480000.0,Voidwaker gem.png,Voidwaker gem
4284,The hilt of a broken sword.,27681,True,320000.0,8.0,800000.0,480000.0,Voidwaker hilt.png,Voidwaker hilt
4285,"An ancient magical orb, corrupted by darkness.",24514,True,1600000.0,8.0,4000000.0,2400000.0,Volatile orb.png,Volatile orb
4286,One of the ingredients for making ultra compost.,21622,True,80.0,13000.0,200.0,120.0,Volcanic ash.png,Volcanic ash
4287,How has lava been stored like this...?,12771,True,1.0,4.0,1.0,1.0,Volcanic whip mix.png,Volcanic whip mix
4288,"A magical, helpful charm.",30685,True,4000.0,,10000.0,6000.0,Vulnerability charm.png,Vulnerability charm
4289,Dress like the powerful vyrewatch!,9636,True,200.0,150.0,500.0,300.0,Vyrewatch legs.png,Vyrewatch legs
4290,Dress like the powerful vyrewatch!,9638,True,200.0,150.0,500.0,300.0,Vyrewatch shoes.png,Vyrewatch shoes
4291,Dress like the powerful vyrewatch!,9634,True,200.0,150.0,500.0,300.0,Vyrewatch top.png,Vyrewatch top
4292,The blood of the soldier makes the glory of the general.,20232,True,32.0,5.0,80.0,48.0,War blessing.png,War blessing
4293,Makes a malediction or odium ward more beautiful.,12802,True,600.0,50.0,1500.0,900.0,Ward upgrade kit.png,Ward upgrade kit
4294,A magical warped weapon.,28585,True,60000.0,,150000.0,90000.0,Warped sceptre.png,Warped sceptre
4295,A magical warped weapon.,28583,True,60000.0,,150000.0,90000.0,Warped sceptre (uncharged).png,Warped sceptre (uncharged)
4296,This helmet is worn by warriors.,3753,True,24000.0,70.0,60000.0,36000.0,Warrior helm.png,Warrior helm
4297,The icon of a warrior.,28301,True,3200.0,,8000.0,4800.0,Warrior icon.png,Warrior icon
4298,A legendary ring once worn by Fremennik warriors.,6735,True,4000.0,8.0,10000.0,6000.0,Warrior ring.png,Warrior ring
4299,A teleport to the Yanille Watchtower.,8012,True,1.0,10000.0,1.0,1.0,Watchtower teleport (tablet).png,Watchtower teleport (tablet)
4300,It's a slightly magical stick.,1395,True,6200.0,18000.0,15500.0,9300.0,Water battlestaff.png,Water battlestaff
4301,A magic glowing orb.,571,True,120.0,11000.0,300.0,180.0,Water orb.png,Water orb
4302,One of the 4 basic elemental Runes.,555,False,1.0,50000.0,4.0,2.0,Water rune.png,Water rune
4303,A mysterious power emanates from the talisman...,1444,False,1.0,11000.0,4.0,2.0,Water talisman.png,Water talisman
4304,A tiara infused with the properties of water.,5531,False,40.0,40.0,100.0,60.0,Water tiara.png,Water tiara
4305,A teleport to Waterbirth Island.,24953,True,1.0,10000.0,1.0,1.0,Waterbirth teleport (tablet).png,Waterbirth teleport (tablet)
4306,This watering can is empty.,5331,True,3.0,40.0,8.0,4.0,Watering can.png,Watering can
4307,A juicy watermelon.,5982,True,19.0,11000.0,48.0,28.0,Watermelon.png,Watermelon
4308,A watermelon seed - plant in an allotment.,5321,True,22.0,200.0,56.0,33.0,Watermelon seed 5.png,Watermelon seed
4309,A slice of watermelon.,5984,True,6.0,11000.0,16.0,9.0,Watermelon slice.png,Watermelon slice
4310,A completely empty waterskin - you'll need to fill it up.,1831,True,6.0,10000.0,15.0,9.0,Waterskin(0).png,Waterskin(0)
4311,A full waterskin with four portions of water.,1823,True,12.0,2000.0,30.0,18.0,Waterskin(4).png,Waterskin(4)
4312,Teleports you to Watson's house in Great Kourend.,23387,True,4.0,10000.0,10.0,6.0,Watson teleport.png,Watson teleport
4313,For use on daggers and projectiles.,187,True,57.0,2000.0,144.0,86.0,Weapon poison.png,Weapon poison
4314,"A vial of extra strong weapon poison, for spears and daggers.",5937,True,115.0,2000.0,288.0,172.0,Weapon poison(+).png,Weapon poison(+)
4315,"A vial of super strong weapon poison, for spears and daggers.",5940,True,172.0,2000.0,432.0,259.0,Weapon poison(++).png,Weapon poison(++)
4316,"A bow of a follower of Armadyl, corrupted by the power of Venenatis.",27652,True,70000.0,,175000.0,105000.0,Webweaver bow (u).png,Webweaver bow (u)
4317,A handful of weeds.,6055,True,1.0,600.0,1.0,1.0,Weeds.png,Weeds
4318,A teleport to West Ardougne.,19623,True,1.0,10000.0,1.0,1.0,West ardougne teleport (tablet).png,West ardougne teleport (tablet)
4319,A bottle of Draynor Malt.,2017,True,2.0,13000.0,5.0,3.0,Whisky.png,Whisky
4320,A two handed sword.,6609,True,768.0,125.0,1920.0,1152.0,White 2h sword.png,White 2h sword
4321,A mostly clean apron.,1005,False,1.0,150.0,2.0,1.0,White apron.png,White apron
4322,A vicious looking axe.,6589,True,499.0,125.0,1248.0,748.0,White battleaxe.png,White battleaxe
4323,A small round white bead.,1476,False,1.0,11000.0,4.0,2.0,White bead.png,White bead
4324,Parlez-vous francais?,2637,True,32.0,4.0,80.0,48.0,White beret.png,White beret
4325,"Sour berries, used in potions.",239,True,4.0,13000.0,10.0,6.0,White berries.png,White berries
4326,Stylish!,12313,True,90.0,4.0,225.0,135.0,White boater.png,White boater
4327,These will protect my feet.,6619,True,230.0,125.0,576.0,345.0,White boots.png,White boots
4328,All for one and one for all!,12321,True,80.0,4.0,200.0,120.0,White cavalier.png,White cavalier
4329,A series of connected metal rings.,6615,True,576.0,125.0,1440.0,864.0,White chainbody.png,White chainbody
4330,A set of fighting claws.,6587,True,144.0,125.0,360.0,216.0,White claws.png,White claws
4331,A vicious white dagger.,6591,True,96.0,125.0,240.0,144.0,White dagger.png,White dagger
4332,This dagger is poisoned.,6593,True,96.0,125.0,240.0,144.0,White dagger(p).png,White dagger(p)
4333,This dagger is poisoned.,6595,True,96.0,125.0,240.0,144.0,White dagger(p+).png,White dagger(p+)
4334,This dagger is poisoned.,6597,True,96.0,125.0,240.0,144.0,White dagger(p++).png,White dagger(p++)
4335,Paints things white!,12763,True,1.0,4.0,1.0,1.0,White dark bow paint.png,White dark bow paint
4336,A well made elegant ladies' white blouse.,10420,True,800.0,4.0,2000.0,1200.0,White elegant blouse.png,White elegant blouse
4337,A rather elegant white skirt.,10422,True,800.0,4.0,2000.0,1200.0,White elegant skirt.png,White elegant skirt
4338,Makes firelighting a lot easier.,10327,True,6.0,250.0,15.0,9.0,White firelighter.png,White firelighter
4339,A posy of flowers.,2474,True,40.0,150.0,100.0,60.0,White flowers.png,White flowers
4340,A full face helmet.,6623,True,422.0,125.0,1056.0,633.0,White full helm.png,White full helm
4341,These will keep my hands warm!,6629,True,2.0,125.0,6.0,3.0,White gloves.png,White gloves
4342,A white halberd.,6599,True,768.0,125.0,1920.0,1152.0,White halberd.png,White halberd
4343,A minimalist's hat.,12299,True,16.0,4.0,40.0,24.0,White headband.png,White headband
4344,A large metal shield.,6633,True,652.0,125.0,1632.0,979.0,White kiteshield.png,White kiteshield
4345,A fully bloomed White lily.,22932,True,2.0,600.0,5.0,3.0,White lily.png,White lily
4346,A white lily seed - plant in a flower patch.,22887,True,120.0,600.0,300.0,180.0,White lily seed 5.png,White lily seed
4347,A razor sharp longsword.,6607,True,384.0,125.0,960.0,576.0,White longsword.png,White longsword
4348,A spiky mace.,6601,True,172.0,125.0,432.0,259.0,White mace.png,White mace
4349,A Magical staff.,6603,True,80.0,125.0,200.0,120.0,White magic staff.png,White magic staff
4350,A medium sized helmet.,6621,True,230.0,125.0,576.0,345.0,White med helm.png,White med helm
4351,A nice hat from a cracker.,1048,False,1.0,5.0,1.0,1.0,White partyhat.png,White partyhat
4352,Provides excellent protection.,6617,True,1536.0,125.0,3840.0,2304.0,White platebody.png,White platebody
4353,"Big, White and heavy looking.",6625,True,768.0,125.0,1920.0,1152.0,White platelegs.png,White platelegs
4354,"Big, White and heavy looking.",6627,True,768.0,125.0,1920.0,1152.0,White plateskirt.png,White plateskirt
4355,"A vicious, curved sword.",6611,True,307.0,125.0,768.0,460.0,White scimitar.png,White scimitar
4356,A medium square shield.,6631,True,460.0,125.0,1152.0,691.0,White sq shield.png,White sq shield
4357,A razor sharp sword.,6605,True,249.0,125.0,624.0,374.0,White sword.png,White sword
4358,A white toy horse.,2522,False,40.0,150.0,100.0,60.0,White toy horsey.png,White toy horsey
4359,Pointy rainbows.,20269,True,400.0,4.0,1000.0,600.0,White unicorn mask.png,White unicorn mask
4360,I don't think it's intended for joinery.,6613,True,392.0,125.0,980.0,588.0,White warhammer.png,White warhammer
4361,A whiteberry bush seed - plant in a bush patch.,5105,True,53.0,200.0,133.0,79.0,Whiteberry seed 5.png,Whiteberry seed
4362,A triumph of man over nature.,7208,True,72.0,10000.0,182.0,109.0,Wild pie.png,Wild pie
4363,A handful of Wildblood Hops.,6002,True,6.0,11000.0,15.0,9.0,Wildblood hops.png,Wildblood hops
4364,A Wildblood hop seed - plant in a hops patch.,5311,True,5.0,2000.0,14.0,8.0,Wildblood seed 5.png,Wildblood seed
4365,"A teleport to near the dark crab fishing spots, in level 33 Wilderness.",24251,True,25.0,,63.0,37.0,Wilderness crabs teleport.png,Wilderness crabs teleport
4366,Feed and catch the birds by placing this in the right spot.,21518,True,2.0,250.0,5.0,3.0,Willow bird house.png,Willow bird house
4367,A handy little club made out of willow.,4600,True,240.0,125.0,600.0,360.0,Willow blackjack.png,Willow blackjack
4368,A defensive blackjack.,6414,True,320.0,125.0,800.0,480.0,Willow blackjack(d).png,Willow blackjack(d)
4369,An offensive blackjack.,6412,True,320.0,125.0,800.0,480.0,Willow blackjack(o).png,Willow blackjack(o)
4370,A branch from a willow tree.,5933,True,1.0,11000.0,2.0,1.0,Willow branch.png,Willow branch
4371,A powerful bow made from willow wood.,10280,False,120.0,8.0,300.0,180.0,Willow comp bow.png,Willow comp bow
4372,A pile of Willow tree leaves.,6024,True,1.0,,1.0,1.0,Willow leaves.png,Willow leaves
4373,Logs cut from a willow tree.,1519,False,16.0,15000.0,40.0,24.0,Willow logs.png,Willow logs
4374,A nice sturdy bow made out of willow.,847,False,128.0,18000.0,320.0,192.0,Willow longbow.png,Willow longbow
4375,An unstrung willow longbow; I need a bowstring for this.,58,True,64.0,10000.0,160.0,96.0,Willow longbow (u).png,Willow longbow (u)
4376,Willow logs prepared with sacred oil for a funeral pyre.,3442,True,32.0,11000.0,80.0,48.0,Willow pyre logs.png,Willow pyre logs
4377,The roots of the Willow tree.,6045,True,1.0,11000.0,1.0,1.0,Willow roots.png,Willow roots
4378,This sapling is ready to be replanted in a tree patch.,5371,True,1.0,200.0,1.0,1.0,Willow sapling.png,Willow sapling
4379,Plant this in a plantpot of soil to grow a sapling.,5313,True,6.0,200.0,16.0,9.0,Willow seed 5.png,Willow seed
4380,A solid willow shield.,22254,True,64.0,18000.0,160.0,96.0,Willow shield.png,Willow shield
4381,"A shortbow made out of willow, still effective.",849,False,80.0,18000.0,200.0,120.0,Willow shortbow.png,Willow shortbow
4382,An unstrung willow shortbow; I need a bowstring for this.,60,True,40.0,10000.0,100.0,60.0,Willow shortbow (u).png,Willow shortbow (u)
4383,A willow crossbow stock.,9444,True,21.0,10000.0,53.0,31.0,Willow stock.png,Willow stock
4384,An evil wine for an evil god.,245,False,1.0,11000.0,1.0,1.0,Wine of zamorak.png,Wine of zamorak
4385,This looks like a strange mix.,2054,True,12.0,2000.0,30.0,18.0,Wizard blizzard.png,Wizard blizzard
4386,Slightly magical boots.,2579,True,80.0,8.0,200.0,120.0,Wizard boots.png,Wizard boots
4387,A silly pointed hat.,1017,False,1.0,125.0,2.0,1.0,Wizard hat.png,Wizard hat
4388,It's got strange bubbles in it.,1907,False,1.0,2000.0,2.0,1.0,Wizard's mind bomb.png,Wizard's mind bomb
4389,A slightly bluish leaf.,1793,False,1.0,11000.0,1.0,1.0,Woad leaf 5.png,Woad leaf
4390,A woad seed - plant in a flower patch.,5099,True,4.0,600.0,11.0,6.0,Woad seed 5.png,Woad seed
4391,Bones of a recently slain wolf.,2859,True,1.0,13000.0,1.0,1.0,Wolf bones.png,Wolf bones
4392,A very warm wolf cloak.,23410,False,400.0,4.0,1000.0,600.0,Wolf cloak.png,Wolf cloak
4393,Howwwallll!,23407,True,960.0,4.0,2400.0,1440.0,Wolf mask.png,Wolf mask
4394,I can make an ogre arrow with these.,2861,True,1.0,7000.0,3.0,1.0,Wolfbone arrowtips.png,Wolfbone arrowtips
4395,These should make me harder to spot in wooded areas.,10055,True,8.0,,20.0,12.0,Wood camo legs.png,Wood camo legs
4396,These should make me harder to spot in wooded areas.,28842,True,8.0,,20.0,12.0,Wood camo legs.png,Wood camo legs (equipped)
4397,This should make me harder to spot in wooded areas.,10053,True,8.0,,20.0,12.0,Wood camo top.png,Wood camo top
4398,This should make me harder to spot in wooded areas.,28839,True,8.0,,20.0,12.0,Wood camo top.png,Wood camo top (equipped)
4399,How does it all fit in there?,8548,True,4.0,500.0,10.0,6.0,Wood dining table (flatpack).png,Wood dining table (flatpack)
4400,How does it all fit in there?,8576,True,4.0,500.0,10.0,6.0,Wooden bed (flatpack).png,Wooden bed (flatpack)
4401,How does it all fit in there?,8562,True,4.0,500.0,10.0,6.0,Wooden bench (flatpack).png,Wooden bench (flatpack)
4402,A wooden cat toy.,10891,True,1.0,15.0,1.0,1.0,Wooden cat.png,Wooden cat
4403,How does it all fit in there?,8498,True,4.0,500.0,10.0,6.0,Wooden chair (flatpack).png,Wooden chair (flatpack)
4404,Parts for creating a wooden hull for a boat.,32041,True,100.0,100.0,250.0,150.0,Wooden hull parts.png,Wooden hull parts
4405,A solid wooden shield.,1171,False,8.0,125.0,20.0,12.0,Wooden shield.png,Wooden shield
4406,An epic wooden shield with a golden trim.,20166,False,8.0,125.0,20.0,12.0,Wooden shield (g).png,Wooden shield (g)
4407,Spoooooon!,7433,True,14.0,50.0,35.0,21.0,Wooden spoon.png,Wooden spoon
4408,A wooden crossbow stock.,9440,True,8.0,10000.0,20.0,12.0,Wooden stock.png,Wooden stock
4409,I think this came from a sheep.,1737,False,1.0,13000.0,1.0,1.0,Wool.png,Wool
4410,It actually smells quite good.,2253,True,1.0,6000.0,1.0,1.0,Worm batta.png,Worm batta
4411,It actually smells quite good.,2205,True,1.0,6000.0,2.0,1.0,Worm crunchies.png,Worm crunchies
4412,It actually smells quite good.,2191,True,1.0,6000.0,2.0,1.0,Worm hole.png,Worm hole
4413,"Blue top, very tiny.",5028,True,260.0,150.0,650.0,390.0,Woven top (blue).png,Woven top (blue)
4414,Far too small to wear.,5024,True,200.0,150.0,500.0,300.0,Woven top (brown).png,Woven top (brown)
4415,"Yellow top, too small for me.",5026,True,250.0,150.0,625.0,375.0,Woven top (yellow).png,Woven top (yellow)
4416,Oomlie meat in a palm leaf pouch. It just needs to be cooked.,2341,True,6.0,15.0,16.0,9.0,Wrapped oomlie.png,Wrapped oomlie
4417,Used for very high level missile spells.,21880,True,200.0,25000.0,500.0,300.0,Wrath rune.png,Wrath rune
4418,A mysterious power emanates from the talisman...,22118,True,1.0,11000.0,4.0,2.0,Wrath talisman.png,Wrath talisman
4419,A tiara infused with the properties of wrath.,22121,True,200.0,40.0,500.0,300.0,Wrath tiara.png,Wrath tiara
4420,I wonder how Wyrms have bones...,22780,True,64.0,7500.0,160.0,96.0,Wyrm bones.png,Wyrm bones
4421,Ew it's a pile of bones.,28899,True,1.0,3000.0,1.0,1.0,Wyrmling bones.png,Wyrmling bones
4422,Bones of a large flying creature!,6812,True,64.0,7500.0,160.0,96.0,Wyvern bones.png,Wyvern bones
4423,It looks like this could be attached to a shield somehow.,21637,True,300000.0,5.0,750000.0,450000.0,Wyvern visage.png,Wyvern visage
4424,"An old scrap of cloth, containing remnants of Xeric's forgotten magicks.",13383,True,1.0,13000.0,3.0,1.0,Xerician fabric.png,Xerician fabric
4425,The forgotten magicks of Xeric imbue this garment with a little power.,13385,True,24.0,125.0,60.0,36.0,Xerician hat.png,Xerician hat
4426,The forgotten magicks of Xeric imbue this garment with a little power.,13389,True,28.0,125.0,70.0,42.0,Xerician robe.png,Xerician robe
4427,The forgotten magicks of Xeric imbue this garment with a little power.,13387,True,32.0,125.0,80.0,48.0,Xerician top.png,Xerician top
4428,"Thakkrad, of Neitiznot, can cure this.",10818,True,20.0,13000.0,50.0,30.0,Yak-hide.png,Yak-hide
4429,"Leg protection, made from smelly yak-hide.",10824,True,200.0,70.0,500.0,300.0,Yak-hide armour (legs).png,Yak-hide armour (legs)
4430,Smelly yak body armour.,10822,True,200.0,70.0,500.0,300.0,Yak-hide armour (top).png,Yak-hide armour (top)
4431,A handful of Yanillian Hops.,5998,True,2.0,11000.0,7.0,4.0,Yanillian hops.png,Yanillian hops
4432,A Yanillian hop seed - plant in a hops patch.,5309,True,2.0,2000.0,6.0,3.0,Yanillian seed 5.png,Yanillian seed
4433,A small round yellow bead.,1472,False,1.0,11000.0,4.0,2.0,Yellow bead.png,Yellow bead
4434,Very stylish!,2914,False,200.0,150.0,500.0,300.0,Yellow boots.png,Yellow boots
4435,A thick yellow cape.,1023,False,12.0,150.0,32.0,19.0,Yellow cape.png,Yellow cape
4436,Paints things yellow!,12761,True,1.0,4.0,1.0,1.0,Yellow dark bow paint.png,Yellow dark bow paint
4437,A little bottle of yellow dye.,1765,False,2.0,150.0,5.0,3.0,Yellow dye.png,Yellow dye
4438,A bright yellow feather.,10090,True,5.0,8000.0,13.0,7.0,Yellow feather.png,Yellow feather
4439,High fin!,32360,True,200.0,11000.0,500.0,300.0,Yellow fin.png,Yellow fin
4440,A posy of flowers.,2466,True,40.0,150.0,100.0,60.0,Yellow flowers.png,Yellow flowers
4441,These will keep my hands warm!,2922,False,200.0,150.0,500.0,300.0,Yellow gloves.png,Yellow gloves
4442,A silly pointed hat.,2920,True,200.0,150.0,500.0,300.0,Yellow hat.png,Yellow hat
4443,A nice hat from a cracker.,1040,False,1.0,5.0,1.0,1.0,Yellow partyhat.png,Yellow partyhat
4444,Made by werewolves for werewolves.,2918,True,200.0,150.0,500.0,300.0,Yellow robe bottoms.png,Yellow robe bottoms
4445,Some fine werewolf clothing.,2916,True,200.0,150.0,500.0,300.0,Yellow robe top.png,Yellow robe top
4446,Some nicely cooked yellowfin.,32328,True,68.0,,170.0,102.0,Yellowfin.png,Yellowfin
4447,Feed and catch the birds by placing this in the right spot.,22198,True,2.0,250.0,5.0,3.0,Yew bird house.png,Yew bird house
4448,A powerful bow made from yew wood.,10282,True,720.0,8.0,1800.0,1080.0,Yew comp bow.png,Yew comp bow
4449,A pile of Yew tree leaves.,6026,True,1.0,,1.0,1.0,Yew leaves.png,Yew leaves
4450,Logs cut from a yew tree.,1515,False,64.0,12000.0,160.0,96.0,Yew logs.png,Yew logs
4451,A nice sturdy bow made out of yew.,855,True,512.0,18000.0,1280.0,768.0,Yew longbow.png,Yew longbow
4452,An unstrung yew longbow; I need a bowstring for this.,66,True,256.0,10000.0,640.0,384.0,Yew longbow (u).png,Yew longbow (u)
4453,Yew logs prepared with sacred oil for a funeral pyre.,3446,True,128.0,11000.0,320.0,192.0,Yew pyre logs.png,Yew pyre logs
4454,The roots of the Yew tree.,6049,True,1.0,11000.0,1.0,1.0,Yew roots.png,Yew roots
4455,This sapling is ready to be replanted in a tree patch.,5373,True,1.0,200.0,1.0,1.0,Yew sapling.png,Yew sapling
4456,Plant this in a plantpot of soil to grow a sapling.,5315,True,57.0,200.0,143.0,85.0,Yew seed 5.png,Yew seed
4457,A solid yew shield.,22260,True,256.0,18000.0,640.0,384.0,Yew shield.png,Yew shield
4458,"A shortbow made out of yew, still effective.",857,True,320.0,18000.0,800.0,480.0,Yew shortbow.png,Yew shortbow
4459,An unstrung yew shortbow; I need a bowstring for this.,68,True,160.0,10000.0,400.0,240.0,Yew shortbow (u).png,Yew shortbow (u)
4460,A yew crossbow stock.,9452,True,66.0,10000.0,167.0,100.0,Yew stock.png,Yew stock
4461,"A young impling in a jar. Don't trap me, man.",11240,True,20.0,18000.0,50.0,30.0,Young impling jar.png,Young impling jar
4462,Makes a dragon pickaxe more beautiful.,23908,True,640.0,50.0,1600.0,960.0,Zalcano shard.png,Zalcano shard
4463,"A set containing a full helm, platebody, legs and kiteshield.",13044,False,32000.0,8.0,80000.0,48000.0,Zamorak armour set (lg).png,Zamorak armour set (lg)
4464,"A set containing a full helm, platebody, skirt and kiteshield.",13046,False,32000.0,8.0,80000.0,48000.0,Zamorak armour set (sk).png,Zamorak armour set (sk)
4465,Zamorak blessed dragonhide vambraces.,10368,True,1600.0,8.0,4000.0,2400.0,Zamorak bracers.png,Zamorak bracers
4466,1 dose of Zamorak brew.,193,True,50.0,2000.0,125.0,75.0,Zamorak brew(1).png,Zamorak brew(1)
4467,2 doses of Zamorak brew.,191,True,60.0,2000.0,150.0,90.0,Zamorak brew(2).png,Zamorak brew(2)
4468,3 doses of Zamorak brew.,189,True,70.0,2000.0,175.0,105.0,Zamorak brew(3).png,Zamorak brew(3)
4469,4 doses of Zamorak brew.,2450,True,80.0,2000.0,200.0,120.0,Zamorak brew(4).png,Zamorak brew(4)
4470,Zamorak blessed dragonhide chaps.,10372,True,2400.0,8.0,6000.0,3600.0,Zamorak chaps.png,Zamorak chaps
4471,A Zamorak cloak.,10450,True,800.0,8.0,2000.0,1200.0,Zamorak cloak.png,Zamorak cloak
4472,Zamorak blessed dragonhide coif.,10374,True,800.0,8.0,2000.0,1200.0,Zamorak coif.png,Zamorak coif
4473,A Zamorak crozier.,10444,True,2000.0,8.0,5000.0,3000.0,Zamorak crozier.png,Zamorak crozier
4474,Zamorak blessed dragonhide body armour.,10370,True,5200.0,8.0,13000.0,7800.0,Zamorak d'hide body.png,Zamorak d'hide body
4475,Zamorak blessed dragonhide boots.,19936,True,3720.0,8.0,9300.0,5580.0,Zamorak d'hide boots.png,Zamorak d'hide boots
4476,Zamorak blessed wooden shield covered in dragon leather.,23194,True,11333.0,8.0,28334.0,17000.0,Zamorak d'hide shield.png,Zamorak d'hide shield
4477,"A set containing a Zamorak dragonhide coif, body, chaps and vambraces.",13161,True,3600.0,8.0,9000.0,5400.0,Zamorak dragonhide set.png,Zamorak dragonhide set
4478,Rune full helmet in the colours of Zamorak.,2657,False,14080.0,8.0,35200.0,21120.0,Zamorak full helm.png,Zamorak full helm
4479,"A terrifying, heavy sword.",11808,True,500000.0,8.0,1250000.0,750000.0,Zamorak godsword.png,Zamorak godsword
4480,Use on a Zamorak godsword to make it look fancier!,20077,True,2000.0,4.0,5000.0,3000.0,Zamorak godsword ornament kit.png,Zamorak godsword ornament kit
4481,Brimming with potential.,11816,True,200000.0,10000.0,500000.0,300000.0,Zamorak hilt.png,Zamorak hilt
4482,Rune kiteshield in the colours of Zamorak.,2659,False,21760.0,8.0,54400.0,32640.0,Zamorak kiteshield.png,Zamorak kiteshield
4483,A Zamorak mitre.,10456,True,2000.0,8.0,5000.0,3000.0,Zamorak mitre.png,Zamorak mitre
4484,One dose of fishy Zamorak brew.,11523,True,50.0,2000.0,125.0,75.0,Zamorak mix(1).png,Zamorak mix(1)
4485,Two doses of fishy Zamorak brew.,11521,True,60.0,2000.0,150.0,90.0,Zamorak mix(2).png,Zamorak mix(2)
4486,A Zamorak Mjolnir.,6764,True,250.0,8.0,625.0,375.0,Zamorak mjolnir.png,Zamorak mjolnir
4487,A robe worn by worshippers of Zamorak.,1033,False,12.0,15.0,30.0,18.0,Zamorak monk bottom.png,Zamorak monk bottom
4488,A robe worn by worshippers of Zamorak.,1035,False,16.0,15.0,40.0,24.0,Zamorak monk top.png,Zamorak monk top
4489,This seems to have been torn from a book...,3831,True,80.0,5.0,200.0,120.0,Zamorak page 1.png,Zamorak page 1
4490,This seems to have been torn from a book...,3832,True,80.0,5.0,200.0,120.0,Zamorak page 2.png,Zamorak page 2
4491,This seems to have been torn from a book...,3833,True,80.0,5.0,200.0,120.0,Zamorak page 3.png,Zamorak page 3
4492,This seems to have been torn from a book...,3834,True,80.0,5.0,200.0,120.0,Zamorak page 4.png,Zamorak page 4
4493,Rune platebody in the colours of Zamorak.,2653,False,26000.0,8.0,65000.0,39000.0,Zamorak platebody.png,Zamorak platebody
4494,Rune platelegs in the colours of Zamorak.,2655,False,25600.0,8.0,64000.0,38400.0,Zamorak platelegs.png,Zamorak platelegs
4495,Rune plateskirt in the colours of Zamorak.,3478,False,25600.0,8.0,64000.0,38400.0,Zamorak plateskirt.png,Zamorak plateskirt
4496,Leggings from the Zamorak Vestments.,10468,True,2800.0,8.0,7000.0,4200.0,Zamorak robe legs.png,Zamorak robe legs
4497,Zamorak Vestments.,10460,True,2800.0,8.0,7000.0,4200.0,Zamorak robe top.png,Zamorak robe top
4498,A Zamorak stole.,10474,True,1000.0,8.0,2500.0,1500.0,Zamorak stole.png,Zamorak stole
4499,The Grapes of Wrath.,20749,True,20.0,11000.0,50.0,30.0,Zamorak's grapes.png,Zamorak's grapes
4500,An evil one-handed spear.,11889,True,120000.0,8.0,300000.0,180000.0,Zamorakian hasta.png,Zamorakian hasta
4501,An evil spear.,11824,True,40002.0,8.0,100005.0,60003.0,Zamorakian spear.png,Zamorakian spear
4502,A weapon born out of conflict.,26374,True,396000.0,8.0,990000.0,594000.0,Zaryte crossbow.png,Zaryte crossbow
4503,A pair of ancient vambraces.,26235,True,80000.0,7.0,200000.0,120000.0,Zaryte vambraces.png,Zaryte vambraces
4504,This looks valuable.,19493,True,30000.0,11000.0,75000.0,45000.0,Zenyte.png,Zenyte
4505,A fiery glow emanates from this amulet.,19541,True,80800.0,8.0,202000.0,121200.0,Zenyte amulet.png,Zenyte amulet
4506,It needs a string so I can wear it.,19501,True,30000.0,10000.0,75000.0,45000.0,Zenyte amulet (u).png,Zenyte amulet (u)
4507,A fiery glow emanates from this bracelet.,19532,True,80400.0,8.0,201000.0,120600.0,Zenyte bracelet.png,Zenyte bracelet
4508,A fiery glow emanates from this necklace.,19535,True,80800.0,8.0,202000.0,121200.0,Zenyte necklace.png,Zenyte necklace
4509,A fiery glow emanates from this ring.,19538,True,80400.0,8.0,201000.0,120600.0,Zenyte ring.png,Zenyte ring
4510,A shard of unstable zenyte.,19529,True,30000.0,11000.0,75000.0,45000.0,Zenyte shard.png,Zenyte shard
4511,A pile of Zombie Ogre bones.,4812,True,1.0,3000.0,1.0,1.0,Zogre bones.png,Zogre bones
4512,A rusty yet powerful axe.,28810,True,64000.0,,160000.0,96000.0,Zombie axe.png,Zombie axe
4513,Get a head in life.,19912,True,2000.0,4.0,5000.0,3000.0,Zombie head (Treasure Trails).png,Zombie head (Treasure Trails)
4514,A rusty yet tough helmet.,30321,True,64000.0,50.0,160000.0,96000.0,Zombie helmet.png,Zombie helmet
4515,The key to a zombie pirate's locker.,29449,True,36.0,250.0,90.0,54.0,Zombie pirate key 5.png,Zombie pirate key
4516,Teleports you to Zul-Andra.,12938,True,4.0,10000.0,10.0,6.0,Zul-andra teleport.png,Zul-andra teleport
4517,Flakes of toxic snakeskin.,12934,True,8.0,30000.0,20.0,12.0,Zulrah's scales 5.png,Zulrah's scales
4518,A powerful hood.,22650,True,100000.0,10.0,250000.0,150000.0,Zuriel's hood.png,Zuriel's hood
4519,A powerful robe bottom.,22656,True,200000.0,10.0,500000.0,300000.0,Zuriel's robe bottom.png,Zuriel's robe bottom
4520,A powerful robe top.,22653,True,200000.0,10.0,500000.0,300000.0,Zuriel's robe top.png,Zuriel's robe top
4521,A powerful staff.,22647,True,120000.0,10.0,300000.0,180000.0,Zuriel's staff.png,Zuriel's staff
